scenario,tick,time_s,position_arrived,box_velocity_radius,zonotope_velocity_hull_radius,truth_position,truth_velocity,both_hulls_contain_truth,zonotope_lp_member
S0,0,0.0,1,0.1,0.1,0.0,0.05,1,1
S0,1,0.02,0,0.10200000000000001,0.10200000000000001,0.0010006994284733753,0.05199910006749798,1,1
S0,2,0.04,0,0.10400000000000001,0.10400000000000001,0.002042076860969777,0.05399550114736839,1,1
S0,3,0.06,0,0.10600000000000001,0.10600000000000001,0.003124071482915606,0.055987406613392375,1,1
S0,4,0.08,0,0.10800000000000001,0.10800000000000001,0.004246583171669095,0.05797302388510011,1,1
S0,5,0.1,1,0.11000000000000001,0.15238809168221915,0.005409472627445651,0.059950566040972195,1,1
S0,6,0.12,0,0.11200000000000002,0.15438809168221918,0.006612561552795691,0.061918253426548435,1,1
S0,7,0.14,0,0.11400000000000002,0.15638809168221918,0.007855632880208371,0.06387431525599674,1,1
S0,8,0.16,0,0.11600000000000002,0.15838809168221918,0.009138431047307514,0.0658169912057008,1,1
S0,9,0.18,0,0.11800000000000002,0.16038809168221918,0.010460662319000953,0.06774453299843258,1,1
S0,10,0.2,1,0.12000000000000002,0.16489760846598142,0.011821995155841982,0.0696552059766838,1,1
S0,11,0.22,0,0.12200000000000003,0.1668976084659814,0.01322206062776193,0.07154729066374058,1,1
S0,12,0.24,0,0.12400000000000003,0.1688976084659814,0.01466045287223645,0.07341908431109645,1,1
S0,13,0.26,0,0.12600000000000003,0.1708976084659814,0.016136729595855277,0.07526890243081108,1,1
S0,14,0.28,0,0.12800000000000003,0.17289760846598137,0.017650412618176417,0.0770950803114357,1,1
S0,15,0.3,1,0.13000000000000003,0.15805194146777302,0.019200988456661072,0.07889597451614104,1,1
S0,16,0.32,0,0.13200000000000003,0.16005194146777302,0.02078790895140566,0.08066996436169961,1,1
S0,17,0.34,0,0.13400000000000004,0.16205194146777302,0.022410591928312143,0.08241545337699112,1,1
S0,18,0.36,0,0.13600000000000004,0.164051941467773,0.024068421899267868,0.08413087073971877,1,1
S0,19,0.38,0,0.13800000000000004,0.16605194146777302,0.025760750797841455,0.08581467269004331,1,1
S0,20,0.4,1,0.14000000000000004,0.1509614313977852,0.027486898748942206,0.08746534391986266,1,1
S0,21,0.42,0,0.14200000000000004,0.1529614313977852,0.029246154870837236,0.08908139893648696,1,1
S0,22,0.44,0,0.14400000000000004,0.15496143139778518,0.031037778107873032,0.0906613833994817,1,1
S0,23,0.46,0,0.14600000000000005,0.15696143139778518,0.03286099809220688,0.0922038754294759,1,1
S0,24,0.48,0,0.14800000000000005,0.15896143139778515,0.03471501603281838,0.0937074868877577,1,1
S0,25,0.5,1,0.15000000000000005,0.14208899490374738,0.03659900563004227,0.09517086462550534,1,1
S0,26,0.52,0,0.15200000000000005,0.14408899490374738,0.03851211401384118,0.09659269170152988,1,1
S0,27,0.54,0,0.15400000000000005,0.14608899490374738,0.04045346270402042,0.09797168856743338,1,1
S0,28,0.56,0,0.15600000000000006,0.14808899490374738,0.04242214859057697,0.09930661421911599,1,1
S0,29,0.58,0,0.15800000000000006,0.15008899490374739,0.0444172449323708,0.100596267313596,1,1
S0,30,0.6,1,0.16000000000000006,0.13839919407705592,0.046437802372309205,0.10183948725013733,1,1
S0,31,0.62,0,0.16200000000000006,0.1403991940770559,0.048482849967243,0.10303515521471193,1,1
S0,32,0.64,0,0.16400000000000006,0.14239919407705592,0.05055139623078808,0.10418219518685684,1,1
S0,33,0.66,0,0.16600000000000006,0.1443991940770559,0.052642430187305814,0.10527957490802002,1,1
S0,34,0.68,0,0.16800000000000007,0.1463991940770559,0.054754922435301785,0.10632630681052332,1,1
S0,35,0.7000000000000001,1,0.17000000000000007,0.13983168348892658,0.0568878262185336,0.10732144890630678,1,1
S0,36,0.72,0,0.17200000000000007,0.14183168348892658,0.05904007850315498,0.10826410563465426,1,1
S0,37,0.74,0,0.17400000000000007,0.14383168348892655,0.06121060105926494,0.10915342866813767,1,1
S0,38,0.76,0,0.17600000000000007,0.14583168348892656,0.063398301545277,0.10998861767605439,1,1
S0,39,0.78,0,0.17800000000000007,0.14783168348892656,0.065602074593574,0.11076892104467086,1,1
S0,40,0.8,1,0.18000000000000008,0.14552371444123266,0.06782080289596899,0.11149363655362421,1,1
S0,41,0.8200000000000001,0,0.18200000000000008,0.14752371444123266,0.07005335828755077,0.11216211200787321,1,1
S0,42,0.84,0,0.18400000000000008,0.1495237144412327,0.07229860282755546,0.11277374582462979,1,1
S0,43,0.86,0,0.18600000000000008,0.1515237144412327,0.07455538987596956,0.11332798757474291,1,1
S0,44,0.88,0,0.18800000000000008,0.1535237144412327,0.07682256516463871,0.11382433847804765,1,1
S0,45,0.9,1,0.19000000000000009,0.15501830887065282,0.07909896786172599,0.11426235185223374,1,1
S0,46,0.92,0,0.1920000000000001,0.1570183088706528,0.08138343162843596,0.11464163351482941,1,1
S0,47,0.9400000000000001,0,0.1940000000000001,0.1590183088706528,0.0836747856669945,0.11496184213793907,1,1
S0,48,0.96,0,0.1960000000000001,0.1610183088706528,0.0859718557589494,0.11522268955541536,1,1
S0,49,0.98,0,0.1980000000000001,0.16301830887065277,0.08827346529293234,0.11542394102218922,1,1
S0,50,1.0,1,0.2000000000000001,0.16589976417189384,0.09057843628109923,0.11556541542552463,1,1
S0,51,1.02,0,0.2020000000000001,0.16789976417189384,0.092885590363542,0.11564698544800782,1,1
S0,52,1.04,0,0.2040000000000001,0.16989976417189384,0.0951937498000408,0.11566857768212435,1,1
S0,53,1.06,0,0.2060000000000001,0.17189976417189384,0.0975017384486004,0.11563017269632096,1,1
S0,54,1.08,0,0.2080000000000001,0.17389976417189384,0.09980838273028875,0.11553180505249262,1,1
S0,55,1.1,1,0.2100000000000001,0.17755100463268159,0.10211251257996795,0.11537356327487916,1,1
S0,56,1.12,0,0.2120000000000001,0.17955100463268153,0.10441296238257823,0.11515558977039941,1,1
S0,57,1.1400000000000001,0,0.2140000000000001,0.18155100463268153,0.10670857189470392,0.11487808070049466,1,1
S0,58,1.16,0,0.2160000000000001,0.18355100463268154,0.10899818715121624,0.11454128580459651,1,1
S0,59,1.18,0,0.2180000000000001,0.18555100463268154,0.11128066135685033,0.11414550817537829,1,1
S0,60,1.2,1,0.2200000000000001,0.19203156338548555,0.11355485576263376,0.11369110398599211,1,1
S0,61,1.22,0,0.22200000000000011,0.19403156338548555,0.1158196405271401,0.11317848216953706,1,1
S0,62,1.24,0,0.22400000000000012,0.19603156338548552,0.1180738955625933,0.11260810405104701,1,1
S0,63,1.26,0,0.22600000000000012,0.19803156338548553,0.12031651136589765,0.11198048293232925,1,1
S0,64,1.28,0,0.22800000000000012,0.20003156338548553,0.12254638983471199,0.11129618363002745,1,1
S0,65,1.3,1,0.23000000000000012,0.20729787821008575,0.12476244506872751,0.11055582196732489,1,1
S0,66,1.32,0,0.23200000000000012,0.20929787821008575,0.1269636041563434,0.10976006421974506,1,1
S0,67,1.34,0,0.23400000000000012,0.21129787821008578,0.12914880794696582,0.10890962651554875,1,1
S0,68,1.36,0,0.23600000000000013,0.21329787821008575,0.1313170118091819,0.10800527419126693,1,1
S0,69,1.3800000000000001,0,0.23800000000000013,0.21529787821008575,0.13346718637508118,0.1070478211029495,1,1
S0,70,1.4000000000000001,1,0.24000000000000013,0.22054287031190994,0.13559831827101393,0.10603812889374978,1,1
S0,71,1.42,0,0.24200000000000013,0.22254287031190997,0.13770941083508648,0.10497710621850388,1,1
S0,72,1.44,0,0.24400000000000013,0.22454287031190998,0.13979948482170063,0.10386570792600265,1,1
S0,73,1.46,0,0.24600000000000014,0.22654287031190998,0.1418675790934452,0.1027049341996922,1,1
S0,74,1.48,0,0.24800000000000014,0.22854287031190995,0.14391275130064474,0.10149582965757635,1,1
S0,75,1.5,1,0.2500000000000001,0.2339000364557709,0.14593407854886198,0.10023948241213088,1,1
S0,76,1.52,0,0.2520000000000001,0.2359000364557709,0.14793065805463748,0.09893702309107578,1,1
S0,77,1.54,0,0.2540000000000001,0.23790003645577087,0.14990160778973266,0.09758962381988666,1,1
S0,78,1.56,0,0.2560000000000001,0.2399000364557709,0.15184606711412044,0.09619849716696086,1,1
S0,79,1.58,0,0.2580000000000001,0.2419000364557709,0.15376319739794087,0.09476489505238778,1,1
S0,80,1.6,1,0.2600000000000001,0.24601901938393106,0.1556521826326099,0.09329010762130528,1,1
S0,81,1.62,0,0.2620000000000001,0.24801901938393106,0.15751223003123405,0.0917754620828562,1,1
S0,82,1.6400000000000001,0,0.2640000000000001,0.250019019383931,0.1593425706184472,0.09022232151578961,1,1
S0,83,1.6600000000000001,0,0.2660000000000001,0.252019019383931,0.16114245980974384,0.08863208364178204,1,1
S0,84,1.68,0,0.2680000000000001,0.25401901938393107,0.16291117798033958,0.08700617956758226,1,1
S0,85,1.7,1,0.27000000000000013,0.25911506683755703,0.16464803102354253,0.08534607249711182,1,1
S0,86,1.72,0,0.27200000000000013,0.26111506683755703,0.16635235089857045,0.08365325641468027,1,1
S0,87,1.74,0,0.27400000000000013,0.26311506683755703,0.16802349616769674,0.08192925474050014,1,1
S0,88,1.76,0,0.27600000000000013,0.26511506683755703,0.16966085252255567,0.08017561895971158,1,1
S0,89,1.78,0,0.27800000000000014,0.26711506683755704,0.17126383329938272,0.07839392722615042,1,1
S0,90,1.8,1,0.28000000000000014,0.2696854463498245,0.17283187998291055,0.07658578294211629,1,1
S0,91,1.82,0,0.28200000000000014,0.2716854463498245,0.174364462698585,0.07475281331541875,1,1
S0,92,1.84,0,0.28400000000000014,0.27368544634982445,0.1758610806927088,0.07289666789500009,1,1
S0,93,1.86,0,0.28600000000000014,0.2756854463498245,0.17732126280006555,0.07101901708645261,1,1
S0,94,1.8800000000000001,0,0.28800000000000014,0.27768544634982445,0.17874456789851892,0.0691215506487664,1,1
S0,95,1.9000000000000001,1,0.29000000000000015,0.28063360421517614,0.18013058535002918,0.06720597617366023,1,1
S0,96,1.92,0,0.29200000000000015,0.28263360421517614,0.18147893542747381,0.06527401754886428,1,1
S0,97,1.94,0,0.29400000000000015,0.28463360421517614,0.1827892697266078,0.06332741340673757,1,1
S0,98,1.96,0,0.29600000000000015,0.28663360421517614,0.18406127156244895,0.0613679155596162,1,1
S0,99,1.98,0,0.29800000000000015,0.28863360421517614,0.1852946563493255,0.059397287423300436,1,1
S0,100,2.0,1,0.30000000000000016,0.2903902595470626,0.18648917196377868,0.05741730243009954,1,1
S0,101,2.02,0,0.30200000000000016,0.29239025954706255,0.18764459908947054,0.05542974243286243,1,1
S0,102,2.04,0,0.30400000000000016,0.29439025954706255,0.18876075154320834,0.05343639610143034,1,1
S0,103,2.06,0,0.30600000000000016,0.29639025954706266,0.18983747658116237,0.051439057312954714,1,1
S0,104,2.08,0,0.30800000000000016,0.2983902595470626,0.19087465518432195,0.049439523537528854,1,1
S0,105,2.1,1,0.31000000000000016,0.2965798205975831,0.19187220232220845,0.04743959422058617,1,1
S0,106,2.12,0,0.31200000000000017,0.29857982059758315,0.19283006719384033,0.045441069163520725,1,1
S0,107,2.14,0,0.31400000000000017,0.30057982059758315,0.19374823344492836,0.04344574690398749,1,1
S0,108,2.16,0,0.31600000000000017,0.30257982059758315,0.19462671936026532,0.04145542309733983,1,1
S0,109,2.18,0,0.31800000000000017,0.3045798205975831,0.19546557803026718,0.0394718889006609,1,1
S0,110,2.2,1,0.3200000000000002,0.30670370652709406,0.19626489749061915,0.037496929360843166,1,1
S0,111,2.22,0,0.3220000000000002,0.3087037065270941,0.1970248008339834,0.035532321808166706,1,1
S0,112,2.24,0,0.3240000000000002,0.3107037065270941,0.19774544629273222,0.033579834256821886,1,1
S0,113,2.2600000000000002,0,0.3260000000000002,0.31270370652709417,0.19842702729168465,0.03164122381381596,1,1
S0,114,2.2800000000000002,0,0.3280000000000002,0.3147037065270942,0.19906977246984348,0.029718235097695365,1,1
S0,115,2.3000000000000003,1,0.3300000000000002,0.31225823689015125,0.1996739456701536,0.027812598668506754,1,1
S0,116,2.32,0,0.3320000000000002,0.3142582368901512,0.20023984589633367,0.0259260294704098,1,1
S0,117,2.34,0,0.3340000000000002,0.3162582368901512,0.20076780723586815,0.024060225288343194,1,1
S0,118,2.36,0,0.3360000000000002,0.31825823689015126,0.20125819874828832,0.022216865220132786,1,1
S0,119,2.38,0,0.3380000000000002,0.32025823689015126,0.20171142431791736,0.020397608165416897,1,1
S0,120,2.4,1,0.3400000000000002,0.32206591673381013,0.20212792247030656,0.018604091332748603,1,1
S0,121,2.42,0,0.3420000000000002,0.3240659167338102,0.2025081661516467,0.01683792876621855,1,1
S0,122,2.44,0,0.3440000000000002,0.32606591673381013,0.2028526624705005,0.01510070989292422,1,1
S0,123,2.46,0,0.3460000000000002,0.32806591673381014,0.2031619524012687,0.01339399809259282,1,1
S0,124,2.48,0,0.3480000000000002,0.33006591673381014,0.20343661044887446,0.011719329290645059,1,1
S0,125,2.5,1,0.3500000000000002,0.3273985582159666,0.2036772442742249,0.010078210575965937,1,1
S0,126,2.52,0,0.3520000000000002,0.32939855821596664,0.20388449428008928,0.008472118844626475,1,1
S0,127,2.54,0,0.3540000000000002,0.3313985582159667,0.2040590331571166,0.0069024994707769394,1,1
S0,128,2.56,0,0.3560000000000002,0.33339855821596664,0.20420156538980155,0.0053707650059076645,1,1
S0,129,2.58,0,0.3580000000000002,0.33539855821596665,0.20431282672229847,0.003878293907648058,1,1
S0,130,2.6,1,0.3600000000000002,0.330925186810936,0.20439358358407494,0.0024264292992477775,1,1
S0,131,2.62,0,0.3620000000000002,0.332925186810936,0.20444463247549194,0.0010164777608564616,1,1
S0,132,2.64,0,0.3640000000000002,0.3349251868109361,0.20446679931349493,-0.0003502918463102109,1,1
S0,133,2.66,0,0.3660000000000002,0.33692518681093603,0.20446093873769827,-0.0016726495218599715,1,1
S0,134,2.68,0,0.3680000000000002,0.3389251868109361,0.20442793337724585,-0.0029494052331412906,1,1
S0,135,2.7,1,0.3700000000000002,0.337362124856687,0.2043686930789316,-0.00417940998619244,1,1
S0,136,2.72,0,0.3720000000000002,0.339362124856687,0.2042841540971645,-0.005361556859758502,1,1
S0,137,2.74,0,0.3740000000000002,0.341362124856687,0.20417527824646423,-0.006494782001445791,1,1
S0,138,2.7600000000000002,0,0.3760000000000002,0.34336212485668705,0.20404305201727424,-0.0075780655851171875,1,1
S0,139,2.7800000000000002,0,0.3780000000000002,0.34536212485668705,0.2038884856559794,-0.008610432728666836,1,1
S0,140,2.8000000000000003,1,0.3800000000000002,0.34030651156730024,0.20371261221011353,-0.009590954371348236,1,1
S0,141,2.82,0,0.38200000000000023,0.34230651156730024,0.2035164865398399,-0.010518748109866197,1,1
S0,142,2.84,0,0.38400000000000023,0.34430651156730024,0.20330118429688235,-0.011392978992480252,1,1
S0,143,2.86,0,0.38600000000000023,0.34630651156730025,0.20306780087217768,-0.012212860270404864,1,1
S0,144,2.88,0,0.38800000000000023,0.3483065115673002,0.20281745031360895,-0.012977654105830225,1,1
S0,145,2.9,1,0.39000000000000024,0.3429318426655819,0.20255126421526684,-0.013686672235926489,1,1
S0,146,2.92,0,0.39200000000000024,0.3449318426655819,0.20227039057976803,-0.014339276592233855,1,1
S0,147,2.94,0,0.39400000000000024,0.34693184266558197,0.20197599265523916,-0.014934879874881122,1,1
S0,148,2.96,0,0.39600000000000024,0.34893184266558197,0.20166924774864892,-0.015472946081115923,1,1
S0,149,2.98,0,0.39800000000000024,0.350931842665582,0.2013513460172414,-0.01595299098767102,1,1
S0,150,3.0,1,0.40000000000000024,0.3490483122869058,0.20102348923988825,-0.01637458258653258,1,1
S0,151,3.02,0,0.40200000000000025,0.35104831228690586,0.20068688957023723,-0.016737341473718203,1,1
S0,152,3.04,0,0.40400000000000025,0.3530483122869059,0.200342768273589,-0.017040941190714913,1,1
S0,153,3.06,0,0.40600000000000025,0.35504831228690586,0.19999235444948282,-0.017285108518269778,1,1
S0,154,3.08,0,0.40800000000000025,0.35704831228690587,0.1996368837420141,-0.0174696237222688,1,1
S0,155,3.1,1,0.41000000000000025,0.34846910109355533,0.19927759703994374,-0.017594320751482786,1,1
S0,156,3.12,0,0.41200000000000025,0.35046910109355534,0.19891573916868935,-0.017659087387002236,1,1
S0,157,3.14,0,0.41400000000000026,0.35246910109355534,0.19855255757631232,-0.0176638653432268,1,1
S0,158,3.16,0,0.41600000000000026,0.3544691010935553,0.1981893010156325,-0.017608650320318376,1,1
S0,159,3.18,0,0.41800000000000026,0.3564691010935553,0.19782721822461274,-0.017493492008070682,1,1
S0,160,3.2,1,0.42000000000000026,0.34929661384364646,0.1974675566071598,-0.01731849404119179,1,1
S0,161,3.22,0,0.42200000000000026,0.35129661384364647,0.19711156091648654,-0.01708381390603988,1,1
S0,162,3.24,0,0.42400000000000027,0.35329661384364647,0.1967604719431702,-0.016789662798896154,1,1
S0,163,3.2600000000000002,0,0.42600000000000027,0.35529661384364647,0.19641552521002686,-0.01643630543590244,1,1
S0,164,3.2800000000000002,0,0.42800000000000027,0.35729661384364647,0.19607794967590012,-0.016024059814834523,1,1
S0,165,3.3000000000000003,1,0.43000000000000027,0.35174792326186505,0.19574896645043258,-0.01555329692892562,1,1
S0,166,3.3200000000000003,0,0.4320000000000003,0.35374792326186505,0.1954297875218556,-0.01502444043299751,1,1
S0,167,3.34,0,0.4340000000000003,0.3557479232618651,0.19512161449979054,-0.014437966262199783,1,1
S0,168,3.36,0,0.4360000000000003,0.3577479232618651,0.1948256373750081,-0.013794402203700339,1,1
S0,169,3.38,0,0.4380000000000003,0.35974792326186505,0.19454303329804085,-0.013094327421712558,1,1
S0,170,3.4,1,0.4400000000000003,0.35551288990548013,0.1942749653784842,-0.012338371936286598,1,1
S0,171,3.42,0,0.4420000000000003,0.35751288990548014,0.1940225815067596,-0.011527216056333877,1,1
S0,172,3.44,0,0.4440000000000003,0.35951288990548014,0.19378701320004355,-0.010661589767394973,1,1
S0,173,3.46,0,0.4460000000000003,0.36151288990548014,0.19356937447399464,-0.009742272074701911,1,1
S0,174,3.48,0,0.4480000000000003,0.36351288990548014,0.1933707607418323,-0.00877009030212603,1,1
S0,175,3.5,1,0.4500000000000003,0.3592083202487806,0.19319224774223995,-0.0077459193476423485,1,1
S0,176,3.52,0,0.4520000000000003,0.3612083202487806,0.1930348904974802,-0.006670680895980437,1,1
S0,177,3.54,0,0.4540000000000003,0.3632083202487806,0.19289972230302094,-0.005545342589170372,1,1
S0,178,3.56,0,0.4560000000000003,0.3652083202487806,0.19278775374988008,-0.004370917155730226,1,1
S0,179,3.58,0,0.4580000000000003,0.36720832024878064,0.19269997178080298,-0.0031484614992787555,1,1
S0,180,3.6,1,0.4600000000000003,0.36004993723115114,0.1926373387812896,-0.0018790757473934876,1,1
S0,181,3.62,0,0.4620000000000003,0.3620499372311511,0.192600791706392,-0.0005639022615701497,1,1
S0,182,3.64,0,0.4640000000000003,0.3640499372311512,0.192591241244102,0.0007958753908255645,1,1
S0,183,3.66,0,0.4660000000000003,0.3660499372311512,0.19260957101605078,0.002199033501688737,1,1
S0,184,3.68,0,0.4680000000000003,0.3680499372311512,0.19265663681613915,0.00364430932342992,1,1
S0,185,3.7,1,0.4700000000000003,0.3643047988271415,0.1927332658876192,0.00513040220536274,1,1
S0,186,3.72,0,0.4720000000000003,0.36630479882714156,0.19284025623904588,0.006655974764201717,1,1
S0,187,3.74,0,0.4740000000000003,0.3683047988271415,0.1929783759994183,0.008219654087616953,1,1
S0,188,3.7600000000000002,0,0.4760000000000003,0.3703047988271415,0.19314836281273212,0.009820032969762565,1,1
S0,189,3.7800000000000002,0,0.4780000000000003,0.37230479882714146,0.1933509232720676,0.011455671177666955,1,1
S0,190,3.8000000000000003,1,0.4800000000000003,0.3664046525936936,0.1935867323932429,0.013125096747345275,1,1
S0,191,3.8200000000000003,0,0.4820000000000003,0.36840465259369365,0.19385643312796993,0.014826807308467659,1,1
S0,192,3.84,0,0.4840000000000003,0.3704046525936936,0.19416063591635993,0.016559271436391115,1,1
S0,193,3.86,0,0.4860000000000003,0.3724046525936936,0.19449991827853919,0.01832093003033833,1,1
S0,194,3.88,0,0.4880000000000003,0.3744046525936936,0.19487482444505225,0.020110197716483147,1,1
S0,195,3.9,1,0.4900000000000003,0.3693462715291388,0.19528586502564954,0.021925464274679972,1,1
S0,196,3.92,0,0.4920000000000003,0.3713462715291388,0.19573351671598116,0.02376509608755325,1,1
S0,197,3.94,0,0.4940000000000003,0.3733462715291388,0.19621822204164632,0.025627437610642814,1,1
S0,198,3.96,0,0.49600000000000033,0.3753462715291388,0.19674038913898176,0.02751081286228217,1,1
S0,199,3.98,0,0.49800000000000033,0.3773462715291388,0.19730039157190893,0.029413526931868852,1,1
S0,200,4.0,1,0.5000000000000003,0.3716467626484329,0.19789856818410326,0.03133386750516958,1,1
S0,201,4.0200000000000005,0,0.5020000000000003,0.3736467626484329,0.19853522298569573,0.03327010640528749,1,1
S0,202,4.04,0,0.5040000000000003,0.37564676264843294,0.1992106250736704,0.035220501147904676,1,1
S0,203,4.0600000000000005,0,0.5060000000000003,0.37764676264843294,0.19992500858507886,0.03718329650940048,1,1
S0,204,4.08,0,0.5080000000000003,0.37964676264843294,0.2006785726821573,0.03915672610643426,1,1
S0,205,4.1,1,0.5100000000000003,0.3735147768649788,0.20147148156840006,0.041139013985571196,1,1
S0,206,4.12,0,0.5120000000000003,0.3755147768649788,0.2023038645346187,0.04312837622152048,1,1
S0,207,4.14,0,0.5140000000000003,0.3775147768649788,0.20317581603399587,0.045123022522547684,1,1
S0,208,4.16,0,0.5160000000000003,0.3795147768649788,0.20408739578512855,0.04712115784161647,1,1
S0,209,4.18,0,0.5180000000000003,0.3815147768649788,0.20503862890204747,0.04912098399180975,1,1
S0,210,4.2,1,0.5200000000000004,0.37364762661085976,0.2060295060501951,0.05112070126457658,1,1
S0,211,4.22,0,0.5220000000000004,0.37564762661085976,0.20705998362734737,0.05311851004934833,1,1
S0,212,4.24,0,0.5240000000000004,0.3776476266108598,0.20812998396847146,0.055112612453066756,1,1
S0,213,4.26,0,0.5260000000000004,0.3796476266108597,0.20923939557352378,0.05710121391816639,1,1
S0,214,4.28,0,0.5280000000000004,0.3816476266108597,0.21038807335720994,0.0590825248375552,1,1
S0,215,4.3,1,0.5300000000000004,0.37495110381952146,0.21157583891975001,0.061054762165140226,1,1
S0,216,4.32,0,0.5320000000000004,0.3769511038195214,0.2128024808377188,0.06301615102044866,1,1
S0,217,4.34,0,0.5340000000000004,0.3789511038195214,0.21406775497406105,0.0649649262859005,1,1
S0,218,4.36,0,0.5360000000000004,0.3809511038195214,0.21537138480641632,0.06689933419529523,1,1
S0,219,4.38,0,0.5380000000000004,0.38295110381952147,0.21671306177292576,0.06881763391208301,1,1
S0,220,4.4,1,0.5400000000000004,0.37595448932150927,0.21809244563473487,0.07071809909600008,1,1
S0,221,4.42,0,0.5420000000000004,0.3779544893215092,0.21950916485445068,0.07259901945665845,1,1
S0,222,4.44,0,0.5440000000000004,0.3799544893215092,0.22096281698985848,0.07445870229269184,1,1
S0,223,4.46,0,0.5460000000000004,0.38195448932150927,0.22245296910225337,0.07629547401507268,1,1
S0,224,4.48,0,0.5480000000000004,0.3839544893215092,0.22397915817879288,0.07810768165322918,1,1
S0,225,4.5,1,0.5500000000000004,0.37756169282534857,0.22554089156833027,0.07989369434260733,1,1
S0,226,4.5200000000000005,0,0.5520000000000004,0.37956169282534846,0.22713764743024256,0.08165190479233896,1,1
S0,227,4.54,0,0.5540000000000004,0.3815616928253485,0.22876887519582242,0.08338073073169493,1,1
S0,228,4.5600000000000005,0,0.5560000000000004,0.38356169282534847,0.2304339960418591,0.08507861633402207,1,1
S0,229,4.58,0,0.5580000000000004,0.3855616928253485,0.23213240337608929,0.08674403361688214,1,1
S0,230,4.6000000000000005,1,0.5600000000000004,0.3771607573363155,0.2338634633342551,0.08837548381713285,1,1
S0,231,4.62,0,0.5620000000000004,0.3791607573363155,0.23562651528856038,0.08997149873971357,1,1
S0,232,4.64,0,0.5640000000000004,0.38116075733631544,0.23742087236737205,0.09153064207892174,1,1
S0,233,4.66,0,0.5660000000000004,0.38316075733631544,0.23924582198606462,0.0930515107109911,1,1
S0,234,4.68,0,0.5680000000000004,0.3851607573363155,0.24110062638895813,0.09453273595680835,1,1
S0,235,4.7,1,0.5700000000000004,0.3780363910249823,0.24298452320234826,0.09597298481363194,1,1
S0,236,4.72,0,0.5720000000000004,0.3800363910249824,0.24489672599867404,0.09737096115470462,1,1
S0,237,4.74,0,0.5740000000000004,0.38203639102498244,0.24683642487191276,0.09872540689567999,1,1
S0,238,4.76,0,0.5760000000000004,0.38403639102498244,0.24880278702433212,0.10003510312681352,1,1
S0,239,4.78,0,0.5780000000000004,0.3860363910249824,0.2507949573647681,0.10129887120989903,1,1
S0,240,4.8,1,0.5800000000000004,0.37943989519742555,0.25281205911863025,0.10251557383896354,1,1
S0,241,4.82,0,0.5820000000000004,0.3814398951974256,0.254853194449867,0.10368411606376585,1,1
S0,242,4.84,0,0.5840000000000004,0.3834398951974256,0.2569174450951493,0.10480344627517786,1,1
S0,243,4.86,0,0.5860000000000004,0.3854398951974256,0.2590038730105536,0.10587255715156184,1,1
S0,244,4.88,0,0.5880000000000004,0.38743989519742567,0.2611115210310419,0.10689048656529186,1,1
S0,245,4.9,1,0.5900000000000004,0.3796982211336265,0.2632394135430504,0.10785631844860374,1,1
S0,246,4.92,0,0.5920000000000004,0.38169822113362645,0.26538655717050585,0.10876918361799419,1,1
S0,247,4.94,0,0.5940000000000004,0.3836982211336265,0.2675519414745926,0.1096282605564273,1,1
S0,248,4.96,0,0.5960000000000004,0.3856982211336265,0.26973453966759237,0.11043277615264445,1,1
S0,249,4.98,0,0.5980000000000004,0.3876982211336265,0.2719333093411105,0.11118200639691221,1,1
S0,250,5.0,1,0.6000000000000004,0.37933624368437924,0.27414719320899406,0.11187527703258227,1,1
S0,251,5.0200000000000005,0,0.6020000000000004,0.3813362436843793,0.2763751198652279,0.11251196416287687,1,1
S0,252,5.04,0,0.6040000000000004,0.3833362436843793,0.27861600455707547,0.11309149481235387,1,1
S0,253,5.0600000000000005,0,0.6060000000000004,0.38533624368437935,0.2808687499737045,0.11361334744254585,1,1
S0,254,5.08,0,0.6080000000000004,0.38733624368437924,0.2831322470505058,0.11407705242130965,1,1
S0,255,5.1000000000000005,1,0.6100000000000004,0.3799670272600518,0.28540537578927977,0.11448219244546354,1,1
S0,256,5.12,0,0.6120000000000004,0.38196702726005183,0.2876870060944225,0.1148284029163319,1,1
S0,257,5.14,0,0.6140000000000004,0.3839670272600518,0.28997599862520157,0.11511537226785945,1,1
S0,258,5.16,0,0.6160000000000004,0.38596702726005183,0.29227120566416037,0.11534284224699969,1,1
S0,259,5.18,0,0.6180000000000004,0.38796702726005183,0.294571472001638,0.11551060814612513,1,1
S0,260,5.2,1,0.6200000000000004,0.38038816720058904,0.29687563583633647,0.11561851898725042,1,1
S0,261,5.22,0,0.6220000000000004,0.382388167200589,0.2991825296918043,0.11566647765790233,1,1
S0,262,5.24,0,0.6240000000000004,0.38438816720058905,0.30149098134864516,0.11565444099851437,1,1
S0,263,5.26,0,0.6260000000000004,0.386388167200589,0.3037998147921919,0.11558241984126753,1,1
S0,264,5.28,0,0.6280000000000004,0.38838816720058894,0.30610785117531897,0.11545047900034207,1,1
S0,265,5.3,1,0.6300000000000004,0.3808343426702151,0.30841390979599403,0.11525873721358908,1,1
S0,266,5.32,0,0.6320000000000005,0.3828343426702151,0.3107168090890979,0.11500736703567445,1,1
S0,267,5.34,0,0.6340000000000005,0.3848343426702151,0.3130153676319659,0.11469659468279132,1,1
S0,268,5.36,0,0.6360000000000005,0.3868343426702151,0.3153084051630298,0.1143266998290808,1,1
S0,269,5.38,0,0.6380000000000005,0.38883434267021505,0.3175947436128606,0.11389801535494404,1,1
S0,270,5.4,1,0.6400000000000005,0.3813016498254577,0.31987320814683756,0.11341092704747245,1,1
S0,271,5.42,0,0.6420000000000005,0.3833016498254577,0.322142628218591,0.11286587325326529,1,1
S0,272,5.44,0,0.6440000000000005,0.3853016498254577,0.32440183863328903,0.1122633444839473,1,1
S0,273,5.46,0,0.6460000000000005,0.3873016498254578,0.326649680619763,0.11160388297474141,1,1
S0,274,5.48,0,0.6480000000000005,0.3893016498254578,0.32888500291039247,0.11088808219649358,1,1
S0,275,5.5,1,0.6500000000000005,0.3815819268140275,0.3311066628275948,0.11011658632158915,1,1
S0,276,5.5200000000000005,0,0.6520000000000005,0.3835819268140275,0.3333135273756965,0.1092900896442411,1,1
S0,277,5.54,0,0.6540000000000005,0.38558192681402753,0.33550447433689023,0.10840933595567219,1,1
S0,278,5.5600000000000005,0,0.6560000000000005,0.3875819268140275,0.33767839336992,0.10747511787475306,1,1
S0,279,5.58,0,0.6580000000000005,0.3895819268140275,0.3398341871100681,0.10648827613469869,1,1
S0,280,5.6000000000000005,1,0.6600000000000005,0.38267863556930226,0.3419707722689627,0.10544969882646532,1,1
S0,281,5.62,0,0.6620000000000005,0.38467863556930226,0.3440870807326657,0.10436032059952849,1,1
S0,282,5.64,0,0.6640000000000005,0.38667863556930215,0.34618206065644846,0.10322112182076162,1,1
S0,283,5.66,0,0.6660000000000005,0.38867863556930216,0.34825467755461764,0.102033127692172,1,1
S0,284,5.68,0,0.6680000000000005,0.39067863556930216,0.3503039153837072,0.10079740732828815,1,1
S0,285,5.7,1,0.6700000000000005,0.38258195122659305,0.3523287776173174,0.09951507279402895,1,1
S0,286,5.72,0,0.6720000000000005,0.384581951226593,0.354328288310847,0.09818727810392025,1,1
S0,287,5.74,0,0.6740000000000005,0.386581951226593,0.3563014931543376,0.09681521818355969,1,1
S0,288,5.76,0,0.6760000000000005,0.388581951226593,0.3582474605116287,0.09540012779426432,1,1
S0,289,5.78,0,0.6780000000000005,0.39058195122659295,0.36016528244400364,0.09394328042186878,1,1
S0,290,5.8,1,0.6800000000000005,0.3836112481214887,0.3620540757164994,0.09244598713067398,1,1
S0,291,5.82,0,0.6820000000000005,0.3856112481214886,0.3639129827850464,0.09090959538357773,1,1
S0,292,5.84,0,0.6840000000000005,0.3876112481214886,0.36574117276260937,0.08933548782944908,1,1
S0,293,5.86,0,0.6860000000000005,0.3896112481214887,0.36753784236250625,0.08772508105883768,1,1
S0,294,5.88,0,0.6880000000000005,0.3916112481214886,0.3693022168171,0.08607982432913788,1,1
S0,295,5.9,1,0.6900000000000005,0.38414444960413835,0.37103355077007577,0.08440119826035491,1,1
S0,296,5.92,0,0.6920000000000005,0.38614444960413835,0.37273112914054646,0.08269071350264683,1,1
S0,297,5.94,0,0.6940000000000005,0.3881444496041383,0.3743942679572614,0.0809499093768413,1,1
S0,298,5.96,0,0.6960000000000005,0.39014444960413824,0.37602231516123374,0.07918035248915078,1,1
S0,299,5.98,0,0.6980000000000005,0.3921444496041383,0.37761465137514794,0.07738363532133272,1,1
S0,300,6.0,1,0.7000000000000005,0.38382756253184735,0.37917069063795994,0.07556137479756336,1,1
S0,301,6.0200000000000005,0,0.7020000000000005,0.38582756253184736,0.3806898811031618,0.07371521082931522,1,1
S0,302,6.04,0,0.7040000000000005,0.38782756253184736,0.3821717056992446,0.07184680483954736,1,1
S0,303,6.0600000000000005,0,0.7060000000000005,0.38982756253184736,0.3836156827509629,0.06995783826753699,1,1
S0,304,6.08,0,0.7080000000000005,0.3918275625318474,0.3850213665600783,0.06805001105569747,1,1
S0,305,6.1000000000000005,1,0.7100000000000005,0.3837540088320216,0.3863883479443371,0.06612504011974499,1,1
S0,306,6.12,0,0.7120000000000005,0.38575400883202154,0.3877162547335229,0.06418465780359027,1,1
S0,307,6.140000000000001,0,0.7140000000000005,0.3877540088320216,0.3890047522215112,0.06223061032034598,1,1
S0,308,6.16,0,0.7160000000000005,0.38975400883202155,0.3902535435733449,0.06026465618085278,1,1
S0,309,6.18,0,0.7180000000000005,0.3917540088320216,0.39146237018644686,0.058288564611138294,1,1
S0,310,6.2,1,0.7200000000000005,0.38358544631916713,0.3926310120051829,0.05630411396023309,1,1
S0,311,6.22,0,0.7220000000000005,0.38558544631916714,0.3937592877880919,0.05431309009977658,1,1
S0,312,6.24,0,0.7240000000000005,0.38758544631916714,0.39484705532720266,0.052317284816853084,1,1
S0,313,6.26,0,0.7260000000000005,0.38958544631916714,0.3958942116189662,0.05031849420150443,1,1
S0,314,6.28,0,0.7280000000000005,0.39158544631916714,0.39690069298643815,0.048318517030370114,1,1
S0,315,6.3,1,0.7300000000000005,0.38253452896289475,0.39786647515245693,0.04631915314790974,1,1
S0,316,6.32,0,0.7320000000000005,0.3845345289628947,0.39879157326367476,0.04432220184666452,1,1
S0,317,6.34,0,0.7340000000000005,0.38653452896289475,0.399676041865409,0.0423294602480154,1,1
S0,318,6.36,0,0.7360000000000005,0.38853452896289475,0.4005199748273922,0.04034272168489514,1,1
S0,319,6.38,0,0.7380000000000005,0.3905345289628948,0.4013235052206116,0.03836377408790972,1,1
S0,320,6.4,1,0.7400000000000005,0.3828460937517813,0.4020868051455386,0.03639439837632146,1,1
S0,321,6.42,0,0.7420000000000005,0.38484609375178125,0.40281008551215636,0.03443636685534193,1,1
S0,322,6.44,0,0.7440000000000005,0.38684609375178125,0.4034935957723041,0.03249144162117685,1,1
S0,323,6.46,0,0.7460000000000006,0.3888460937517813,0.4041376236049583,0.030561372975258447,1,1
S0,324,6.48,0,0.7480000000000006,0.39084609375178125,0.40474249455517786,0.028647897849092326,1,1
S0,325,6.5,1,0.7500000000000006,0.38292043658806385,0.40530857162753714,0.026752738241136338,1,1
S0,326,6.5200000000000005,0,0.7520000000000006,0.38492043658806385,0.4058362548349697,0.024877599667118208,1,1
S0,327,6.54,0,0.7540000000000006,0.3869204365880638,0.40632598070403864,0.0230241696251865,1,1
S0,328,6.5600000000000005,0,0.7560000000000006,0.38892043658806386,0.4067782217377384,0.021194116077276174,1,1
S0,329,6.58,0,0.7580000000000006,0.39092043658806386,0.4071934858370187,0.01938908594805544,1,1
S0,330,6.6000000000000005,1,0.7600000000000006,0.38303513525357724,0.40757231568230157,0.017610703642804718,1,1
S0,331,6.62,0,0.7620000000000006,0.38503513525357724,0.4079152880763392,0.015860569585561528,1,1
S0,332,6.640000000000001,0,0.7640000000000006,0.3870351352535772,0.4082230132498299,0.014140258778846887,1,1
S0,333,6.66,0,0.7660000000000006,0.38903513525357714,0.40849613413127633,0.012451319386269342,1,1
S0,334,6.68,0,0.7680000000000006,0.39103513525357714,0.40873532558262893,0.010795271339282222,1,1
S0,335,6.7,1,0.7700000000000006,0.38396357969142436,0.40894129360231285,0.009173604969347927,1,1
S0,336,6.72,0,0.7720000000000006,0.38596357969142436,0.4091147744972841,0.007587779666740202,1,1
S0,337,6.74,0,0.7740000000000006,0.3879635796914244,0.4092565340258034,0.006039222567191397,1,1
S0,338,6.76,0,0.7760000000000006,0.38996357969142437,0.4093673665126524,0.004529327267566635,1,1
S0,339,6.78,0,0.7780000000000006,0.3919635796914244,0.4094480939385465,0.0030594525717207075,1,1
S0,340,6.8,1,0.7800000000000006,0.38366509810438215,0.4094995650055235,0.0016309212676663069,1,1
S0,341,6.82,0,0.7820000000000006,0.38566509810438215,0.4095226541801021,0.0002450189371541148,1,1
S0,342,6.84,0,0.7840000000000006,0.38766509810438216,0.4095182607160186,-0.0010970072012640114,1,1
S0,343,6.86,0,0.7860000000000006,0.38966509810438216,0.40948730765835245,-0.0023939494146475422,1,1
S0,344,6.88,0,0.7880000000000006,0.3916650981043821,0.4094307408308507,-0.003644640542545403,1,1
S0,345,6.9,1,0.7900000000000006,0.38274656395737905,0.40934952780825506,-0.004847955047361607,1,1
S0,346,6.92,0,0.7920000000000006,0.38474656395737905,0.4092446568754202,-0.006002810027263112,1,1
S0,347,6.94,0,0.7940000000000006,0.386746563957379,0.40911713597499294,-0.007108166190718376,1,1
S0,348,6.96,0,0.7960000000000006,0.388746563957379,0.40896799164539843,-0.008163028791789595,1,1
S0,349,6.98,0,0.7980000000000006,0.39074656395737895,0.40879826795084717,-0.009166448525336894,1,1
S0,350,7.0,1,0.8000000000000006,0.38380396919027526,0.4086090254050418,-0.01011752238132888,1,1
S0,351,7.0200000000000005,0,0.8020000000000006,0.3858039691902752,0.4084013398902222,-0.01101539445749072,1,1
S0,352,7.04,0,0.8040000000000006,0.38780396919027516,0.40817630157314144,-0.011859256729558416,1,1
S0,353,7.0600000000000005,0,0.8060000000000006,0.3898039691902752,0.407935013819515,-0.012648349778446099,1,1
S0,354,7.08,0,0.8080000000000006,0.39180396919027527,0.40767859210843244,-0.013381963473671956,1,1
S0,355,7.1000000000000005,1,0.8100000000000006,0.38358690763930564,0.40740816294816184,-0.014059437612427719,1,1
S0,356,7.12,0,0.8120000000000006,0.38558690763930564,0.4071248627947163,-0.014680162513716644,1,1
S0,357,7.140000000000001,0,0.8140000000000006,0.38758690763930564,0.40682983697448716,-0.015243579567025245,1,1
S0,358,7.16,0,0.8160000000000006,0.3895869076393057,0.4065242386121809,-0.01574918173503505,1,1
S0,359,7.18,0,0.8180000000000006,0.3915869076393056,0.4062092275652273,-0.01619651400992198,1,1
S0,360,7.2,1,0.8200000000000006,0.3826870606190935,0.4058859693657541,-0.01658517382283265,1,1
S0,361,7.22,0,0.8220000000000006,0.38468706061909347,0.40555563417114976,-0.016914811406169197,1,1
S0,362,7.24,0,0.8240000000000006,0.38668706061909347,0.40521939572416193,-0.017185130108356487,1,1
S0,363,7.26,0,0.8260000000000006,0.3886870606190935,0.4048784303234026,-0.01739588666080852,1,1
S0,364,7.28,0,0.8280000000000006,0.3906870606190934,0.4045339158050554,-0.01754689139685372,1,1
S0,365,7.3,1,0.8300000000000006,0.38383518024887525,0.4041870305365038,-0.017638008422422167,1,1
S0,366,7.32,0,0.8320000000000006,0.3858351802488753,0.40383895242252343,-0.01766915573834106,1,1
S0,367,7.34,0,0.8340000000000006,0.38783518024887537,0.4034908579246069,-0.017640305314128458,1,1
S0,368,7.36,0,0.8360000000000006,0.38983518024887537,0.4031439210939143,-0.017551483113218806,1,1
S0,369,7.38,0,0.8380000000000006,0.3918351802488753,0.40279931261827057,-0.0174027690695976,1,1
S0,370,7.4,1,0.8400000000000006,0.38350736953503783,0.40245819888356116,-0.01719429701586621,1,1
S0,371,7.42,0,0.8420000000000006,0.38550736953503784,0.40212174104980636,-0.016926254562801543,1,1
S0,372,7.44,0,0.8440000000000006,0.3875073695350379,0.4017910941421306,-0.01659888293051904,1,1
S0,373,7.46,0,0.8460000000000006,0.38950736953503795,0.4014674061567791,-0.016212476731390833,1,1
S0,374,7.48,0,0.8480000000000006,0.3915073695350379,0.40115181718227333,-0.0157673837049145,1,1
S0,375,7.5,1,0.8500000000000006,0.3826296663888866,0.40084545853574116,-0.015264004404770992,1,1
S0,376,7.5200000000000005,0,0.8520000000000006,0.3846296663888866,0.40054945191440344,-0.014702791838353355,1,1
S0,377,7.54,0,0.8540000000000006,0.38662966638888663,0.40026490856215025,-0.014084251059090655,1,1
S0,378,7.5600000000000005,0,0.8560000000000006,0.38862966638888663,0.39999292845109413,-0.013408938711933974,1,1
S0,379,7.58,0,0.8580000000000007,0.3906296663888866,0.39973459947794804,-0.01267746253241354,1,1
S0,380,7.6000000000000005,1,0.8600000000000007,0.38295386584865226,0.39949099667503857,-0.01189048079971776,1,1
S0,381,7.62,0,0.8620000000000007,0.3849538658486522,0.3992631814357332,-0.011048701744286385,1,1
S0,382,7.640000000000001,0,0.8640000000000007,0.3869538658486522,0.39905220075403464,-0.010152882910450927,1,1
S0,383,7.66,0,0.8660000000000007,0.3889538658486522,0.39885908647807217,-0.009203830474695873,1,1
S0,384,7.68,0,0.8680000000000007,0.39095386584865216,0.39868485457720293,-0.00820239852015429,1,1
S0,385,7.7,1,0.8700000000000007,0.3829692970505493,0.3985305044224249,-0.007149488267990637,1,1
S0,386,7.72,0,0.8720000000000007,0.3849692970505493,0.3983970180797944,-0.006046047266362548,1,1
S0,387,7.74,0,0.8740000000000007,0.3869692970505493,0.39828535961654105,-0.004893068537691458,1,1
S0,388,7.76,0,0.8760000000000007,0.38896929705054933,0.3981964744195731,-0.003691589685009441,1,1
S0,389,7.78,0,0.8780000000000007,0.39096929705054934,0.3981312885260763,-0.0024426919581865183,1,1
S0,390,7.8,1,0.8800000000000007,0.38208103528744103,0.3980907079659185,-0.0011474992808787664,1,1
S0,391,7.82,0,0.8820000000000007,0.384081035287441,0.3980756181155931,0.00019282276092712366,1,1
S0,392,7.84,0,0.8840000000000007,0.3860810352874411,0.39808688306345136,0.0015770679678625476,1,1
S0,393,7.86,0,0.8860000000000007,0.388081035287441,0.39812534498600266,0.003003990612675012,1,1
S0,394,7.88,0,0.8880000000000007,0.39008103528744104,0.39819182353508953,0.004472306561298578,1,1
S0,395,7.9,1,0.8900000000000007,0.38252636768166026,0.3982871152357784,0.005980694428487834,1,1
S0,396,7.92,0,0.8920000000000007,0.3845263676816603,0.39841199289484436,0.007527796766975436,1,1
S0,397,7.94,0,0.8940000000000007,0.3865263676816603,0.39856720501976817,0.009112221289083023,1,1
S0,398,7.96,0,0.8960000000000007,0.3885263676816602,0.3987534752482079,0.010732542119686144,1,1
S0,399,7.98,0,0.8980000000000007,0.3905263676816604,0.3989715017879542,0.01238730107940563,1,1
S0,400,8.0,1,0.9000000000000007,0.3826129512479881,0.3992219568674254,0.014075008996870614,1,1
S0,401,8.02,0,0.9020000000000007,0.38461295124798806,0.39950548619681225,0.015794147048872244,1,1
S0,402,8.040000000000001,0,0.9040000000000007,0.3866129512479881,0.3998227084400326,0.017543168127202056,1,1
S0,403,8.06,0,0.9060000000000007,0.388612951247988,0.4001742146977112,0.019320498230944932,1,1
S0,404,8.08,0,0.9080000000000007,0.3906129512479881,0.4005605680014564,0.02112453788297369,1,1
S0,405,8.1,1,0.9100000000000007,0.38360503618777436,0.4009823028197588,0.022953663569370526,1,1
S0,406,8.120000000000001,0,0.9120000000000007,0.3856050361877743,0.4014399245758962,0.02480622920047996,1,1
S0,407,8.14,0,0.9140000000000007,0.3876050361877743,0.40193390917828403,0.026680567592278426,1,1
S0,408,8.16,0,0.9160000000000007,0.3896050361877743,0.4024647025637648,0.028574991966727352,1,1
S0,409,8.18,0,0.9180000000000007,0.3916050361877743,0.40303272025438946,0.030487797469759537,1,1
S0,410,8.2,1,0.9200000000000007,0.3834398771773916,0.4036383469282922,0.03241726270553276,1,1
S0,411,8.22,0,0.9220000000000007,0.3854398771773916,0.4042819360053172,0.03436165128556981,1,1
S0,412,8.24,0,0.9240000000000007,0.3874398771773916,0.40496380924810266,0.03631921339139095,1,1
S0,413,8.26,0,0.9260000000000007,0.38943987717739154,0.4056842563793783,0.03828818734923242,1,1
S0,414,8.28,0,0.9280000000000007,0.39143987717739154,0.4064435347162764,0.040266801215433926,1,1
S0,415,8.3,1,0.9300000000000007,0.38346124643222756,0.4072418688224994,0.0422532743710683,1,1
S0,416,8.32,0,0.9320000000000007,0.3854612464322276,0.40807945017922725,0.0442458191243784,1,1
S0,417,8.34,0,0.9340000000000007,0.38746124643222757,0.4089564368756818,0.046242642319578975,1,1
S0,418,8.36,0,0.9360000000000007,0.3894612464322276,0.40987295332029905,0.04824194695057587,1,1
S0,419,8.38,0,0.9380000000000007,0.39146124643222757,0.41082908997348655,0.0502419337781502,1,1
S0,420,8.4,1,0.9400000000000007,0.384245973303628,0.41182490310296743,0.05224080294915221,1,1
S0,421,8.42,0,0.9420000000000007,0.38624597330362803,0.4128604145627304,0.05423675561624762,1,1
S0,422,8.44,0,0.9440000000000007,0.3882459733036279,0.41393561159661957,0.05622799555675881,1,1
S0,423,8.46,0,0.9460000000000007,0.390245973303628,0.41505044666760665,0.05821273078914398,1,1
S0,424,8.48,0,0.9480000000000007,0.3922459733036279,0.4162048373137912,0.06018917518565959,1,1
S0,425,8.5,1,0.9500000000000007,0.3838688258838501,0.4173986660321739,0.062155550079754776,1,1
S0,426,8.52,0,0.9520000000000007,0.38586882588384996,0.41863178019123987,0.06411008586675117,1,1
S0,427,8.540000000000001,0,0.9540000000000007,0.3878688258838501,0.41990399197337674,0.06605102359636769,1,1
S0,428,8.56,0,0.9560000000000007,0.38986882588385,0.42121507834813454,0.06797661655565704,1,1
S0,429,8.58,0,0.9580000000000007,0.39186882588385,0.42256478107730955,0.0698851318409295,1,1
S0,430,8.6,1,0.9600000000000007,0.38290522372923497,0.42395280675280683,0.07177485191724922,1,1
S0,431,8.620000000000001,0,0.9620000000000007,0.384905223729235,0.4253788268681989,0.0736440761640998,1,1
S0,432,8.64,0,0.9640000000000007,0.3869052237292351,0.42684247792486024,0.07549112240582793,1,1
S0,433,8.66,0,0.9660000000000007,0.388905223729235,0.42834336157350916,0.07731432842548794,1,1
S0,434,8.68,0,0.9680000000000007,0.3909052237292351,0.42988104479193967,0.07911205346072483,1,1
S0,435,8.700000000000001,1,0.9700000000000008,0.38391108809287255,0.4314550600996676,0.08088267968034972,1,1
S0,436,8.72,0,0.9720000000000008,0.38591108809287256,0.4330649058101563,0.08262461364027861,1,1
S0,437,8.74,0,0.9740000000000008,0.3879110880928726,0.43471004632121935,0.08433628771752458,1,1
S0,438,8.76,0,0.9760000000000008,0.38991108809287256,0.43638991244412845,0.08601616152095264,1,1
S0,439,8.78,0,0.9780000000000008,0.39191108809287256,0.4381039017718785,0.08766272327752778,1,1
S0,440,8.8,1,0.9800000000000008,0.3836444284860934,0.43985137908698463,0.08927449119280868,1,1
S0,441,8.82,0,0.9820000000000008,0.3856444284860934,0.4416316768091008,0.09085001478446265,1,1
S0,442,8.84,0,0.9840000000000008,0.3876444284860935,0.4434440954826662,0.09238787618760186,1,1
S0,443,8.86,0,0.9860000000000008,0.3896444284860935,0.4452879043046934,0.09388669143076601,1,1
S0,444,8.88,0,0.9880000000000008,0.3916444284860935,0.4471623416927219,0.09534511168140325,1,1
S0,445,8.9,1,0.9900000000000008,0.38264250293751206,0.44906661589286545,0.09676182445972842,1,1
S0,446,8.92,0,0.9920000000000008,0.38464250293751207,0.4509999056277846,0.09813555481986627,1,1
S0,447,8.94,0,0.9940000000000008,0.38664250293751207,0.452961360784317,0.09946506649721669,1,1
S0,448,8.96,0,0.9960000000000008,0.3886425029375121,0.4549501031403997,0.10074916302100942,1,1
S0,449,8.98,0,0.9980000000000008,0.39064250293751207,0.4569652271308153,0.10198668879104696,1,1
S0,450,9.0,1,1.0000000000000007,0.3830344342926368,0.4590058006511931,0.10317653011766674,1,1
S0,451,9.02,0,1.0020000000000007,0.38503443429263673,0.4610708658995965,0.1043176162239867,1,1
S0,452,9.040000000000001,0,1.0040000000000007,0.38703443429263673,0.4631594402549239,0.10540892020953216,1,1
S0,453,9.06,0,1.0060000000000007,0.38903443429263673,0.4652705171912538,0.10644945997437692,1,1
S0,454,9.08,0,1.0080000000000007,0.3910344342926368,0.46740306722716324,0.10743829910296696,1,1
S0,455,9.1,1,1.0100000000000007,0.38297801577828766,0.4695560389089521,0.10837454770683118,1,1
S0,456,9.120000000000001,0,1.0120000000000007,0.38497801577828766,0.47172835982661077,0.10925736322542098,1,1
S0,457,9.14,0,1.0140000000000007,0.38697801577828767,0.47391893766127485,0.11008595118435792,1,1
S0,458,9.16,0,1.0160000000000007,0.3889780157782876,0.47612666126282144,0.11085956591040694,1,1
S0,459,9.18,0,1.0180000000000007,0.3909780157782876,0.4783504017561735,0.11157751120253202,1,1
S0,460,9.200000000000001,1,1.0200000000000007,0.3821590013223299,0.48058901367479595,0.11223914095843011,1,1
S0,461,9.22,0,1.0220000000000007,0.3841590013223299,0.48284133611978786,0.11284385975597958,1,1
S0,462,9.24,0,1.0240000000000007,0.38615900132232994,0.4851061939428987,0.11339112338907992,1,1
S0,463,9.26,0,1.0260000000000007,0.38815900132233,0.4873823989517278,0.11388043935740053,1,1
S0,464,9.28,0,1.0280000000000007,0.39015900132232995,0.48966875113529756,0.11431136730959775,1,1
S0,465,9.3,1,1.0300000000000007,0.38260394384153434,0.49196403990813437,0.11468351943960137,1,1
S0,466,9.32,0,1.0320000000000007,0.3846039438415344,0.49426704537093125,0.11499656083561391,1,1
S0,467,9.34,0,1.0340000000000007,0.38660394384153435,0.49657653958582065,0.1152502097815086,1,1
S0,468,9.36,0,1.0360000000000007,0.3886039438415344,0.49889128786424,0.11544423801035494,1,1
S0,469,9.38,0,1.0380000000000007,0.39060394384153446,0.5012100500653356,0.11557847090984348,1,1
S0,470,9.4,1,1.0400000000000007,0.3827384430871277,0.50353158190282,0.11565278767942513,1,1
S0,471,9.42,0,1.0420000000000007,0.3847384430871276,0.5058546362581704,0.11566712143902351,1,1
S0,472,9.44,0,1.0440000000000007,0.3867384430871277,0.5081779644980408,0.11562145928922246,1,1
S0,473,9.46,0,1.0460000000000007,0.38873844308712757,0.5105003177937454,0.1155158423228747,1,1
S0,474,9.48,0,1.0480000000000007,0.39073844308712763,0.512820448440668,0.11535036558812102,1,1
S0,475,9.5,1,1.0500000000000007,0.3819169642210332,0.5151371111754508,0.11512517800285335,1,1
S0,476,9.52,0,1.0520000000000007,0.3839169642210332,0.5174490644888264,0.11484048222069873,1,1
S0,477,9.540000000000001,0,1.0540000000000007,0.3859169642210332,0.5197550719319702,0.1144965344486447,1,1
S0,478,9.56,0,1.0560000000000007,0.3879169642210332,0.5220539034142707,0.11409364421647034,1,1
S0,479,9.58,0,1.0580000000000007,0.38991696422103317,0.5243443364904442,0.11363217409819032,1,1
S0,480,9.6,1,1.0600000000000007,0.3824426008977977,0.5266251576349532,0.11311253938576281,1,1
S0,481,9.620000000000001,0,1.0620000000000007,0.3844426008977977,0.5288951635017279,0.11253520771535469,1,1
S0,482,9.64,0,1.0640000000000007,0.3864426008977977,0.5311531621672353,0.11190069864650062,1,1
S0,483,9.66,0,1.0660000000000007,0.3884426008977977,0.5333979743549944,0.11120958319453449,1,1
S0,484,9.68,0,1.0680000000000007,0.39044260089779764,0.53562843463969,0.11046248331671417,1,1
S0,485,9.700000000000001,1,1.0700000000000007,0.38257695116490875,0.5378433926291036,0.10966007135250197,1,1
S0,486,9.72,0,1.0720000000000007,0.38457695116490875,0.5400417141221439,0.1088030694185045,1,1
S0,487,9.74,0,1.0740000000000007,0.38657695116490876,0.5422222822413344,0.10789224875861646,1,1
S0,488,9.76,0,1.0760000000000007,0.38857695116490876,0.5443839985381921,0.1069284290499532,1,1
S0,489,9.78,0,1.0780000000000007,0.39057695116490876,0.5465257840700097,0.10591247766519664,1,1
S0,490,9.8,1,1.0800000000000007,0.3836383864038724,0.5486465804466422,0.1048453088920184,1,1
S0,491,9.82,0,1.0820000000000007,0.38563838640387244,0.5507453508459814,0.10372788311028261,1,1
S0,492,9.84,0,1.0840000000000007,0.38763838640387244,0.5528210809969004,0.10256120592776885,1,1
S0,493,9.86,0,1.0860000000000007,0.38963838640387244,0.5548727801285346,0.10134632727519305,1,1
S0,494,9.88,0,1.0880000000000007,0.3916383864038724,0.5568994818848687,0.10008434046134065,1,1
S0,495,9.9,1,1.0900000000000007,0.3834769086425888,0.5589002452036945,0.0987763811891626,1,1
S0,496,9.92,0,1.0920000000000007,0.3854769086425888,0.5608741551591011,0.09742362653371923,1,1
S0,497,9.94,0,1.0940000000000007,0.3874769086425888,0.562820323766762,0.09602729388289226,1,1
S0,498,9.96,0,1.0960000000000008,0.3894769086425889,0.5647378907513834,0.09458863984181778,1,1
S0,499,9.98,0,1.0980000000000008,0.3914769086425889,0.5666260242757767,0.09310895910202655,1,1
S0,500,10.0,1,1.1000000000000008,0.38353124747049594,0.5684839216311223,0.09158958327630891,1,1
S0,501,10.02,0,1.1020000000000008,0.38553124747049594,0.5703108098880866,0.09003187970035322,1,1
S0,502,10.040000000000001,0,1.1040000000000008,0.387531247470496,0.5721059465085575,0.088437250202236,1,1
S0,503,10.06,0,1.1060000000000008,0.389531247470496,0.5738686199178573,0.0868071298408713,1,1
S0,504,10.08,0,1.1080000000000008,0.391531247470496,0.5755981500373892,0.08514298561455452,1,1
S0,505,10.1,1,1.1100000000000008,0.3842982346428986,0.5772938887777646,0.08344631514076299,1,1
S0,506,10.120000000000001,0,1.1120000000000008,0.3862982346428986,0.5789552204925505,0.08171864530840128,1,1
S0,507,10.14,0,1.1140000000000008,0.3882982346428986,0.5805815623928643,0.07996153090370432,1,1
S0,508,10.16,0,1.1160000000000008,0.3902982346428986,0.5821723649231215,0.07817655321103467,1,1
S0,509,10.18,0,1.1180000000000008,0.39229823464289854,0.5837271120983326,0.07636531858983335,1,1
S0,510,10.200000000000001,1,1.1200000000000008,0.38394475373977965,0.5852453218034109,0.07452945702900476,1,1
S0,511,10.22,0,1.1220000000000008,0.3859447537397796,0.5867265460550329,0.07267062068003673,1,1
S0,512,10.24,0,1.1240000000000008,0.3879447537397796,0.5881703712266572,0.07079048237017561,1,1
S0,513,10.26,0,1.1260000000000008,0.38994475373977966,0.5895764182373721,0.06889073409699478,1,1
S0,514,10.28,0,1.1280000000000008,0.3919447537397796,0.5909443427053008,0.06697308550571093,1,1
S0,515,10.3,1,1.1300000000000008,0.3839837429149301,0.5922738350663447,0.06503926235061883,1,1
S0,516,10.32,0,1.1320000000000008,0.3859837429149301,0.5935646206590941,0.06309100494202889,1,1
S0,517,10.34,0,1.1340000000000008,0.3879837429149301,0.5948164597767807,0.061130066580105426,1,1
S0,518,10.36,0,1.1360000000000008,0.3899837429149301,0.5960291476871783,0.0591582119770148,1,1
S0,519,10.38,0,1.1380000000000008,0.3919837429149301,0.5972025146213958,0.05717721566880359,1,1
S0,520,10.4,1,1.1400000000000008,0.3846216205216421,0.5983364257325271,0.05518886041843596,1,1
S0,521,10.42,0,1.1420000000000008,0.3866216205216421,0.5994307810251489,0.05319493561142728,1,1
S0,522,10.44,0,1.1440000000000008,0.3886216205216421,0.6004855152566669,0.05119723564551798,1,1
S0,523,10.46,0,1.1460000000000008,0.3906216205216422,0.601500597811525,0.04919755831583667,1,1
S0,524,10.48,0,1.1480000000000008,0.3926216205216421,0.6024760325492934,0.04719770319700589,1,1
S0,525,10.5,1,1.1500000000000008,0.38425443519425145,0.6034118576276517,0.045199470023646424,1,1
S0,526,10.52,0,1.1520000000000008,0.3862544351942514,0.6043081453012769,0.0432046570707376,1,1
S0,527,10.540000000000001,0,1.1540000000000008,0.38825443519425146,0.6051650016976319,0.04121505953529119,1,1
S0,528,10.56,0,1.1560000000000008,0.39025443519425146,0.6059825665706396,0.03923246792079531,1,1
S0,529,10.58,0,1.1580000000000008,0.3922544351942514,0.6067610130332,0.037258666425882075,1,1
S0,530,10.6,1,1.1600000000000008,0.38409916785083204,0.6075005472694851,0.0352954313386693,1,1
S0,531,10.620000000000001,0,1.1620000000000008,0.386099167850832,0.60820140822792,0.033344529438221096,1,1
S0,532,10.64,0,1.1640000000000008,0.388099167850832,0.6088638672957171,0.03140771640456593,1,1
S0,533,10.66,0,1.1660000000000008,0.39009916785083193,0.6094882279557994,0.02948673523870314,1,1
S0,534,10.68,0,1.1680000000000008,0.392099167850832,0.6100748254269069,0.02758331469401966,1,1
S0,535,10.700000000000001,1,1.1700000000000008,0.3839881158288938,0.6106240262876321,0.02569916772052867,1,1
S0,536,10.72,0,1.1720000000000008,0.3859881158288938,0.6111362280850893,0.023835989923330206,1,1
S0,537,10.74,0,1.1740000000000008,0.3879881158288938,0.6116118589288693,0.021995458036681022,1,1
S0,538,10.76,0,1.1760000000000008,0.3899881158288938,0.6120513770708825,0.020179228415046928,1,1
S0,539,10.78,0,1.1780000000000008,0.3919881158288938,0.6124552704716388,0.018388935542495568,1,1
S0,540,10.8,1,1.1800000000000008,0.38383491153777777,0.6128240563534587,0.016626190561771097,1,1
S0,541,10.82,0,1.1820000000000008,0.38583491153777777,0.6131582807410557,0.014892579824374454,1,1
S0,542,10.84,0,1.1840000000000008,0.3878349115377777,0.6134585179898744,0.013189663462954075,1,1
S0,543,10.86,0,1.1860000000000008,0.3898349115377778,0.6137253703025101,0.011518973987291839,1,1
S0,544,10.88,0,1.1880000000000008,0.39183491153777783,0.6139594672334852,0.009882014905147682,1,1
S0,545,10.9,1,1.1900000000000008,0.3838098282093959,0.614161465182596,0.008280259369204108,1,1
S0,546,10.92,0,1.1920000000000008,0.3858098282093959,0.6143320468769938,0.006715148851328216,1,1
S0,547,10.94,0,1.1940000000000008,0.38780982820939586,0.6144719208421113,0.005188091845344302,1,1
S0,548,10.96,0,1.1960000000000008,0.3898098282093958,0.6145818208614895,0.0037004625994844927,1,1
S0,549,10.98,0,1.1980000000000008,0.39180982820939575,0.6146625054255161,0.0022535998796581044,1,1
S0,550,11.0,1,1.2000000000000008,0.3837411212711208,0.614714757169037,0.0008488057646526773,1,1
S0,551,11.02,0,1.2020000000000008,0.3857411212711208,0.6147393822977566,-0.0005126555256490418,1,1
S0,552,11.040000000000001,0,1.2040000000000008,0.38774112127112076,0.6147372100033051,-0.0018295587679816668,1,1
S0,553,11.06,0,1.2060000000000008,0.3897411212711208,0.6147090918668089,-0.003100718838315395,1,1
S0,554,11.08,0,1.2080000000000009,0.3917411212711208,0.6146559012507677,-0.004324991778387657,1,1
S0,555,11.1,1,1.2100000000000009,0.38371500783897544,0.6145785326790115,-0.005501275825188338,1,1
S0,556,11.120000000000001,0,1.2120000000000009,0.38571500783897544,0.6144779012044801,-0.006628512402472102,1,1
S0,557,11.14,0,1.2140000000000009,0.3877150078389754,0.614354941764551,-0.007705687073405581,1,1
S0,558,11.16,0,1.2160000000000009,0.3897150078389755,0.6142106085236179,-0.008731830453492049,1,1
S0,559,11.18,0,1.2180000000000009,0.3917150078389754,0.614045874202611,-0.009706019082952023,1,1
S0,560,11.200000000000001,1,1.2200000000000009,0.3844771420631417,0.613861729395141,-0.010627376257774749,1,1
S0,561,11.22,0,1.2220000000000009,0.3864771420631417,0.6136591818699434,-0.011495072818692635,1,1
S0,562,11.24,0,1.2240000000000009,0.3884771420631417,0.6134392558593015,-0.01230832789736861,1,1
S0,563,11.26,0,1.2260000000000009,0.3904771420631417,0.6132029913331318,-0.013066409619124938,1,1
S0,564,11.28,0,1.2280000000000009,0.3924771420631417,0.6129514432584264,-0.013768635761581023,1,1
S0,565,11.3,1,1.2300000000000009,0.38415995895087623,0.6126856808437596,-0.014414374368607494,1,1
S0,566,11.32,0,1.2320000000000009,0.38615995895087624,0.6124067867685928,-0.015003044319044074,1,1
S0,567,11.34,0,1.2340000000000009,0.38815995895087624,0.6121158563971296,-0.015534115849669405,1,1
S0,568,11.36,0,1.2360000000000009,0.3901599589508762,0.6118139969765087,-0.016007111031952174,1,1
S0,569,11.38,0,1.2380000000000009,0.3921599589508762,0.6115023268191552,-0.01642160420215454,1,1
S0,570,11.4,1,1.2400000000000009,0.38493042436212893,0.6111819744691488,-0.016777222344400777,1,1
S0,571,11.42,0,1.2420000000000009,0.386930424362129,0.6108540778525154,-0.017073645426366364,1,1
S0,572,11.44,0,1.2440000000000009,0.3889304243621289,0.610519783411392,-0.017310606687285488,1,1
S0,573,11.46,0,1.2460000000000009,0.39093042436212894,0.6101802452220698,-0.017487892878017736,1,1
S0,574,11.48,0,1.2480000000000009,0.39293042436212894,0.6098366240969763,-0.0176053444529579,1,1
S0,575,11.5,1,1.2500000000000009,0.3853009809465134,0.6094900866707145,-0.017662855713616272,1,1
S0,576,11.52,0,1.252000000000001,0.38730098094651333,0.6091418044703442,-0.01766037490374016,1,1
S0,577,11.540000000000001,0,1.254000000000001,0.3893009809465134,0.6087929529701505,-0.017597904255891007,1,1
S0,578,11.56,0,1.256000000000001,0.3913009809465134,0.6084447106312172,-0.01747549998943523,1,1
S0,579,11.58,0,1.258000000000001,0.3933009809465134,0.6080982579261937,-0.017293272259950598,1,1
S0,580,11.6,1,1.260000000000001,0.38483595283838723,0.6077547763497122,-0.01705138506009365,1,1
S0,581,11.620000000000001,0,1.262000000000001,0.38683595283838723,0.6074154474149923,-0.016750056072017357,1,1
S0,582,11.64,0,1.264000000000001,0.3888359528383871,0.6070814516372413,-0.016389556471471885,1,1
S0,583,11.66,0,1.266000000000001,0.39083595283838723,0.6067539675045355,-0.015970210683764745,1,1
S0,584,11.68,0,1.268000000000001,0.39283595283838724,0.6064341704369485,-0.015492396091799874,1,1
S0,585,11.700000000000001,1,1.270000000000001,0.38547070791319293,0.6061232317347636,-0.01495654269645852,1,1
S0,586,11.72,0,1.272000000000001,0.38747070791319294,0.6058223175166898,-0.014363132729627482,1,1
S0,587,11.74,0,1.274000000000001,0.38947070791319294,0.6055325876490738,-0.013712700220222928,1,1
S0,588,11.76,0,1.276000000000001,0.3914707079131929,0.6052551946671751,-0.013005830513600445,1,1
S0,589,11.78,0,1.278000000000001,0.39347070791319294,0.6049912826896483,-0.012243159744783724,1,1
S0,590,11.8,1,1.280000000000001,0.3848946532674645,0.6047419863274441,-0.011425374265985964,1,1
S0,591,11.82,0,1.282000000000001,0.38689465326746453,0.6045084295884134,-0.01055321002893922,1,1
S0,592,11.84,0,1.284000000000001,0.3888946532674646,0.6042917247789633,-0.009627451922587517,1,1
S0,593,11.86,0,1.286000000000001,0.39089465326746453,0.6040929714041793,-0.00864893306673977,1,1
S0,594,11.88,0,1.288000000000001,0.39289465326746453,0.6039132550678874,-0.007618534062318199,1,1
S0,595,11.9,1,1.290000000000001,0.38370551299435096,0.6037536463741877,-0.006537182198876944,1,1
S0,596,11.92,0,1.292000000000001,0.38570551299435096,0.603615199832042,-0.005405850620104036,1,1
S0,597,11.94,0,1.294000000000001,0.38770551299435096,0.6034989527645482,-0.00422555744805778,1,1
S0,598,11.96,0,1.296000000000001,0.38970551299435097,0.6034059242245776,-0.002997364866925622,1,1
S0,599,11.98,0,1.298000000000001,0.39170551299435097,0.6033371139184885,-0.0017223781671300655,1,1
S0,600,12.0,1,1.300000000000001,0.38383014327542136,0.6032935011396668,-0.0004017447506419051,1,1
S0,601,12.02,0,1.302000000000001,0.3858301432754213,0.6032760437136669,0.0009633469016040958,1,1
S0,602,12.040000000000001,0,1.304000000000001,0.3878301432754213,0.6032856769567562,0.002371668299261843,1,1
S0,603,12.06,0,1.306000000000001,0.38983014327542126,0.6033233126496756,0.003821952048132287,1,1
S0,604,12.08,0,1.308000000000001,0.39183014327542126,0.6033898380284474,0.005312892990732661,1,1
S0,605,12.1,1,1.310000000000001,0.38372734154126154,0.6034861147940583,0.006843149380850115,1,1
S0,606,12.120000000000001,0,1.312000000000001,0.38572734154126154,0.6036129781428531,0.008411344091022755,1,1
S0,607,12.14,0,1.314000000000001,0.3877273415412616,0.6037712358194589,0.010016065851861392,1,1
S0,608,12.16,0,1.316000000000001,0.38972734154126154,0.6039616671940509,0.011655870522096736,1,1
S0,609,12.18,0,1.318000000000001,0.3917273415412615,0.6041850223657502,0.013329282388209076,1,1
S0,610,12.200000000000001,1,1.320000000000001,0.38272997358882793,0.6044420212939149,0.015034795492470821,1,1
S0,611,12.22,0,1.322000000000001,0.38472997358882793,0.6047333529590555,0.016770874988206817,1,1
S0,612,12.24,0,1.324000000000001,0.38672997358882794,0.6050596745550676,0.01853595852105275,1,1
S0,613,12.26,0,1.326000000000001,0.38872997358882794,0.6054216107144251,0.020328457634968627,1,1
S0,614,12.280000000000001,0,1.328000000000001,0.390729973588828,0.6058197527679332,0.02214675920174198,1,1
S0,615,12.3,1,1.330000000000001,0.38391533632095615,0.6062546580405768,0.023989226872694388,1,1
S0,616,12.32,0,1.332000000000001,0.38591533632095615,0.6067268491849412,0.02585420255128483,1,1
S0,617,12.34,0,1.334000000000001,0.3879153363209562,0.6072368135536148,0.02774000788528466,1,1
S0,618,12.36,0,1.336000000000001,0.38991533632095615,0.6077850026119063,0.029644945777181315,1,1
S0,619,12.38,0,1.338000000000001,0.39191533632095615,0.6083718313921351,0.03156730191145154,1,1
S0,620,12.4,1,1.340000000000001,0.3835899219608656,0.6089976779906685,0.03350534629732964,1,1
S0,621,12.42,0,1.342000000000001,0.38558992196086556,0.6096628831087915,0.03545733482568239,1,1
S0,622,12.44,0,1.344000000000001,0.3875899219608656,0.6103677496384058,0.03742151083858956,1,1
S0,623,12.46,0,1.346000000000001,0.3895899219608656,0.6111125422934578,0.03939610671021742,1,1
S0,624,12.48,0,1.348000000000001,0.3915899219608656,0.6118974872878973,0.041379345437562734,1,1
S0,625,12.5,1,1.350000000000001,0.38269858041478555,0.6127227720608679,0.04336944223963549,1,1
S0,626,12.52,0,1.352000000000001,0.38469858041478555,0.6135885450497239,0.04536460616364133,1,1
S0,627,12.540000000000001,0,1.354000000000001,0.38669858041478555,0.6144949155113655,0.04736304169671817,1,1
S0,628,12.56,0,1.356000000000001,0.38869858041478555,0.6154419533922724,0.04936295038177659,1,1
S0,629,12.58,0,1.358000000000001,0.3906985804147855,0.616429689247508,0.05136253243598983,1,1
S0,630,12.6,1,1.360000000000001,0.3838248429399035,0.617458114208856,0.053359988370476834,1,1
S0,631,12.620000000000001,0,1.362000000000001,0.3858248429399035,0.6185271800021394,0.05535352060972079,1,1
S0,632,12.64,0,1.364000000000001,0.3878248429399035,0.6196367990136594,0.05734133510926578,1,1
S0,633,12.66,0,1.366000000000001,0.38982484293990344,0.620786844405584,0.059321642970235657,1,1
S0,634,12.68,0,1.368000000000001,0.39182484293990344,0.6219771502800008,0.06129266204922232,1,1
S0,635,12.700000000000001,1,1.370000000000001,0.38352485329034997,0.6232075118912447,0.06325261856209448,1,1
S0,636,12.72,0,1.372000000000001,0.38552485329034997,0.6244776859059981,0.06519974868028365,1,1
S0,637,12.74,0,1.374000000000001,0.3875248532903499,0.6257873907105599,0.06713230011811079,1,1
S0,638,12.76,0,1.376000000000001,0.3895248532903499,0.6271363067645739,0.06904853370972518,1,1
S0,639,12.780000000000001,0,1.378000000000001,0.39152485329035,0.628524077000406,0.07094672497423624,1,1
S0,640,12.8,1,1.380000000000001,0.3826304222401844,0.6299503072672646,0.07282516566762998,1,1
S0,641,12.82,0,1.382000000000001,0.3846304222401844,0.6314145668190626,0.07468216532007328,1,1
S0,642,12.84,0,1.384000000000001,0.38663042224018435,0.6329163888449288,0.07651605275722269,1,1
S0,643,12.86,0,1.386000000000001,0.3886304222401843,0.6344552710411938,0.07832517760416843,1,1
S0,644,12.88,0,1.388000000000001,0.3906304222401843,0.6360306762235884,0.08010791177066053,1,1
S0,645,12.9,1,1.390000000000001,0.38297885378116964,0.6376420329783229,0.08186265091628007,1,1
S0,646,12.92,0,1.392000000000001,0.3849788537811697,0.6392887363506369,0.08358781589423736,1,1
S0,647,12.94,0,1.394000000000001,0.3869788537811697,0.640970148569348,0.08528185417249737,1,1
S0,648,12.96,0,1.396000000000001,0.38897885378116964,0.6426855998058649,0.08694324123095382,1,1
S0,649,12.98,0,1.398000000000001,0.39097885378116964,0.6444343889660749,0.08857048193339435,1,1
S0,650,13.0,1,1.400000000000001,0.3829831051014585,0.6462157845134668,0.09016211187302224,1,1
S0,651,13.02,0,1.402000000000001,0.38498310510145856,0.6480290253218087,0.09171669869032362,1,1
S0,652,13.040000000000001,0,1.404000000000001,0.3869831051014585,0.6498733215556589,0.09323284336209435,1,1
S0,653,13.06,0,1.406000000000001,0.3889831051014585,0.651747855576962,0.09470918146046656,1,1
S0,654,13.08,0,1.408000000000001,0.3909831051014585,0.6536517828759546,0.09614438438080153,1,1
S0,655,13.1,1,1.410000000000001,0.38212582280400403,0.6555842330245862,0.09753716053734426,1,1
S0,656,13.120000000000001,0,1.412000000000001,0.384125822804004,0.6575443106506518,0.09888625652556345,1,1
S0,657,13.14,0,1.414000000000001,0.386125822804004,0.6595310964308233,0.10019045825013091,1,1
S0,658,13.16,0,1.416000000000001,0.38812582280400404,0.6615436481007704,0.10144859201752554,1,1
S0,659,13.18,0,1.418000000000001,0.39012582280400404,0.6635810014805648,0.10265952559227814,1,1
S0,660,13.200000000000001,1,1.420000000000001,0.382579616111324,0.6656421715135776,0.10382216921590702,1,1
S0,661,13.22,0,1.422000000000001,0.384579616111324,0.6677261533170957,0.10493547658762699,1,1
S0,662,13.24,0,1.424000000000001,0.386579616111324,0.6698319232429076,0.1059984458059495,1,1
S0,663,13.26,0,1.426000000000001,0.38857961611132397,0.6719584399461388,0.10701012027032632,1,1
S0,664,13.280000000000001,0,1.428000000000001,0.39057961611132397,0.6741046454606525,0.1079695895420255,1,1
S0,665,13.3,1,1.430000000000001,0.38265840672535445,0.6762694662793696,0.10887599016346473,1,1
S0,666,13.32,0,1.432000000000001,0.38465840672535445,0.6784518144379093,0.10972850643526494,1,1
S0,667,13.34,0,1.434000000000001,0.3866584067253544,0.6806505885999969,0.11052637115032463,1,1
S0,668,13.36,0,1.436000000000001,0.38865840672535445,0.6828646751431445,0.11126886628425448,1,1
S0,669,13.38,0,1.438000000000001,0.3906584067253545,0.6850929492431607,0.11195532364155088,1,1
S0,670,13.4,1,1.440000000000001,0.38186771786659973,0.6873342759561136,0.11258512545692675,1,1
S0,671,13.42,0,1.442000000000001,0.3838677178665997,0.6895875112964299,0.1131577049512586,1,1
S0,672,13.44,0,1.444000000000001,0.3858677178665997,0.6918515033098824,0.11367254684164949,1,1
S0,673,13.46,0,1.446000000000001,0.38786771786659974,0.6941250931402877,0.11412918780514884,1,1
S0,674,13.48,0,1.448000000000001,0.38986771786659974,0.6964071160888075,0.11452721689571185,1,1
S0,675,13.5,1,1.450000000000001,0.3823531758502906,0.698696402664818,0.11486627591402317,1,1
S0,676,13.52,0,1.452000000000001,0.38435317585029055,0.7009917796273917,0.11514605972985212,1,1
S0,677,13.540000000000001,0,1.454000000000001,0.38635317585029055,0.7032920710165037,0.11536631655664928,1,1
S0,678,13.56,0,1.456000000000001,0.38835317585029056,0.7055960991731592,0.11552684817813744,1,1
S0,679,13.58,0,1.458000000000001,0.3903531758502906,0.7079026857477091,0.11562751012669281,1,1
S0,680,13.6,1,1.460000000000001,0.382501716368273,0.710210652695698,0.11566821181335618,1,1
S0,681,13.620000000000001,0,1.462000000000001,0.38450171636827296,0.7125188232606666,0.11564891660935682,1,1
S0,682,13.64,0,1.464000000000001,0.386501716368273,0.714826022943401,0.11556964187907595,1,1
S0,683,13.66,0,1.466000000000001,0.38850171636827296,0.7171310804571976,0.11543045896441993,1,1
S0,684,13.68,0,1.468000000000001,0.3905017163682729,0.7194328286687818,0.1152314931206174,1,1
S0,685,13.700000000000001,1,1.470000000000001,0.38355848323005465,0.7217301055245866,0.11497292340349798,1,1
S0,686,13.72,0,1.472000000000001,0.3855584832300546,0.7240217549621687,0.11465498250835415,1,1
S0,687,13.74,0,1.474000000000001,0.38755848323005465,0.7263066278065947,0.11427795656053118,1,1
S0,688,13.76,0,1.476000000000001,0.3895584832300546,0.7285835826517015,0.1138421848579336,1,1
S0,689,13.780000000000001,0,1.478000000000001,0.39155848323005465,0.7308514867261826,0.11334805956568006,1,1
S0,690,13.8,1,1.480000000000001,0.3834211373099283,0.7331092167445122,0.11279602536318112,1,1
S0,691,13.82,0,1.482000000000001,0.3854211373099283,0.7353556597427661,0.11218657904395785,1,1
S0,692,13.84,0,1.484000000000001,0.3874211373099283,0.7375897138994439,0.11152026906856115,1,1
S0,693,13.86,0,1.486000000000001,0.3894211373099283,0.7398102893414412,0.11079769507099431,1,1
S0,694,13.88,0,1.488000000000001,0.39142113730992834,0.7420163089353526,0.11001950731908285,1,1
S0,695,13.9,1,1.490000000000001,0.3835091967962632,0.7442067090643243,0.1091864061292774,1,1
S0,696,13.92,0,1.492000000000001,0.3855091967962633,0.7463804403906986,0.10829914123641614,1,1
S0,697,13.94,0,1.494000000000001,0.3875091967962633,0.7485364686047173,0.10735851111901405,1,1
S0,698,13.96,0,1.496000000000001,0.3895091967962633,0.7506737751595678,0.10636536228068619,1,1
S0,699,13.98,0,1.498000000000001,0.3915091967962633,0.75279135799307,0.10532058848835149,1,1
S0,700,14.0,1,1.500000000000001,0.3842698358534062,0.7548882322363094,0.10422512996790295,1,1
S0,701,14.02,0,1.5020000000000011,0.38626983585340624,0.756963430909524,0.10307997255806775,1,1
S0,702,14.040000000000001,0,1.5040000000000011,0.38826983585340624,0.7590160056055514,0.10188614682321892,1,1
S0,703,14.06,0,1.5060000000000011,0.39026983585340613,0.7610450271611374,0.10064472712593701,1,1
S0,704,14.08,0,1.5080000000000011,0.3922698358534062,0.7630495863163926,0.09935683066015627,1,1
S0,705,14.1,1,1.5100000000000011,0.38392460062637507,0.7650287943626696,0.09802361644576547,1,1
S0,706,14.120000000000001,0,1.5120000000000011,0.385924600626375,0.7669817837791127,0.09664628428556833,1,1
S0,707,14.14,0,1.5140000000000011,0.387924600626375,0.7689077088581077,0.09522607368554188,1,1
S0,708,14.16,0,1.5160000000000011,0.3899246006263751,0.7708057463198259,0.09376426273936482,1,1
S0,709,14.18,0,1.5180000000000011,0.391924600626375,0.7726750959160319,0.09226216697821941,1,1
S0,710,14.200000000000001,1,1.5200000000000011,0.383949294958573,0.774514981023279,0.09072113818690228,1,1
S0,711,14.22,0,1.5220000000000011,0.38594929495857305,0.7763246492255829,0.08914256318730927,1,1
S0,712,14.24,0,1.5240000000000011,0.38794929495857305,0.7781033728866176,0.08752786259038942,1,1
S0,713,14.26,0,1.5260000000000011,0.389949294958573,0.7798504497114326,0.08587848951769092,1,1
S0,714,14.280000000000001,0,1.5280000000000011,0.39194929495857306,0.7815652032976419,0.08419592829364987,1,1
S0,715,14.3,1,1.5300000000000011,0.3845944696590399,0.7832469836759851,0.08248169310979842,1,1
S0,716,14.32,0,1.5320000000000011,0.3865944696590399,0.7848951678401075,0.08073732666209463,1,1
S0,717,14.34,0,1.5340000000000011,0.38859446965903977,0.7865091602653524,0.07896439876260024,1,1
S0,718,14.36,0,1.5360000000000011,0.39059446965903977,0.7880883934163047,0.07716450492675575,1,1
S0,719,14.38,0,1.5380000000000011,0.39259446965903977,0.7896323282427667,0.07533926493752423,1,1
S0,720,14.4,1,1.5400000000000011,0.3842276936075948,0.7911404546637937,0.07349032138769598,1,1
S0,721,14.42,0,1.5420000000000011,0.3862276936075948,0.7926122920393575,0.07161933820166591,1,1
S0,722,14.44,0,1.5440000000000011,0.3882276936075948,0.7940473896291526,0.06972799913801386,1,1
S0,723,14.46,0,1.5460000000000012,0.3902276936075948,0.7954453270380034,0.06781800627423558,1,1
S0,724,14.48,0,1.5480000000000012,0.3922276936075948,0.7968057146472761,0.0658910784749878,1,1
S0,725,14.5,1,1.5500000000000012,0.3840758540895003,0.7981281940316479,0.06394894984522613,1,1
S0,726,14.52,0,1.5520000000000012,0.3860758540895003,0.7994124383605336,0.0619933681696276,1,1
S0,727,14.540000000000001,0,1.5540000000000012,0.3880758540895002,0.8006581527834228,0.060026093339702435,1,1
S0,728,14.56,0,1.5560000000000012,0.3900758540895003,0.8018650747983348,0.05804889577001052,1,1
S0,729,14.58,0,1.5580000000000012,0.3920758540895002,0.803032974602552,0.05606355480490773,1,1
S0,730,14.6,1,1.5600000000000012,0.38397209395110093,0.8041616554247581,0.05407185711725617,1,1
S0,731,14.620000000000001,0,1.5620000000000012,0.385972093951101,0.8052509538376676,0.05207559510053916,1,1
S0,732,14.64,0,1.5640000000000012,0.38797209395110105,0.8063007400501998,0.05007656525582811,1,1
S0,733,14.66,0,1.5660000000000012,0.389972093951101,0.8073109181782262,0.04807656657505279,1,1
S0,734,14.68,0,1.5680000000000012,0.391972093951101,0.8082814264928911,0.04607739892203004,1,1
S0,735,14.700000000000001,1,1.5700000000000012,0.3838262152494404,0.8092122376454908,0.044080861412707804,1,1
S0,736,14.72,0,1.5720000000000012,0.3858262152494404,0.8101033588678769,0.042088750796082236,1,1
S0,737,14.74,0,1.5740000000000012,0.3878262152494404,0.8109548321473448,0.04010285983724487,1,1
S0,738,14.76,0,1.5760000000000012,0.3898262152494404,0.8117667343749603,0.03812497570401504,1,1
S0,739,14.780000000000001,0,1.5780000000000012,0.3918262152494404,0.8125391774662795,0.03615687835860948,1,1
S0,740,14.8,1,1.5800000000000012,0.3838022598873617,0.8132723084534225,0.03420033895579647,1,1
S0,741,14.82,0,1.5820000000000012,0.3858022598873617,0.8139663095474752,0.032257118248976084,1,1
S0,742,14.84,0,1.5840000000000012,0.3878022598873616,0.814621398170208,0.030328965005621007,1,1
S0,743,14.86,0,1.5860000000000012,0.38980225988736167,0.8152378269541247,0.028417614433503817,1,1
S0,744,14.88,0,1.5880000000000012,0.3918022598873617,0.8158158837098833,0.026524786619127126,1,1
S0,745,14.9,1,1.5900000000000012,0.3837355100381626,0.816355891360164,0.024652184979761828,1,1
S0,746,14.92,0,1.5920000000000012,0.3857355100381626,0.8168582078390977,0.022801494730486534,1,1
S0,747,14.94,0,1.5940000000000012,0.38773551003816265,0.8173232259564178,0.02097438136760775,1,1
S0,748,14.96,0,1.5960000000000012,0.3897355100381627,0.817751373225542,0.01917248916982561,1,1
S0,749,14.98,0,1.5980000000000012,0.39173551003816265,0.8181431116548513,0.017397439718494046,1,1
S0,750,15.0,1,1.6000000000000012,0.38371231904945124,0.8184989375014909,0.015650830438307013,1,1
S0,751,15.02,0,1.6020000000000012,0.38571231904945125,0.8188193809870861,0.013934233159724089,1,1
S0,752,15.040000000000001,0,1.6040000000000012,0.3877123190494513,0.8191050059748296,0.01224919270442916,1,1
S0,753,15.06,0,1.6060000000000012,0.3897123190494513,0.8193564096074814,0.010597225495095172,1,1
S0,754,15.08,0,1.6080000000000012,0.39171231904945136,0.8195742219058884,0.00897981819070608,1,1
S0,755,15.1,1,1.6100000000000012,0.3844771735268528,0.8197591053277243,0.0073984263486641215,1,1
S0,756,15.120000000000001,0,1.6120000000000012,0.3864771735268528,0.8199117542862286,0.0058544731148863875,1,1
S0,757,15.14,0,1.6140000000000012,0.3884771735268528,0.8200328946288155,0.004349347943069561,1,1
S0,758,15.16,0,1.6160000000000012,0.39047717352685285,0.8201232830755143,0.00288440534427537,1,1
S0,759,15.18,0,1.6180000000000012,0.3924771735268528,0.8201837066173,0.0014609636679620765,1,1
S0,760,15.200000000000001,1,1.6200000000000012,0.38416415304413815,0.8202149818744632,8.03039155589315e-05,1,1
S0,761,15.22,0,1.6220000000000012,0.38616415304413815,0.8202179544152747,-0.001256331412348645,1,1
S0,762,15.24,0,1.6240000000000012,0.38816415304413815,0.8201934980352917,-0.0025477394341857093,1,1
S0,763,15.26,0,1.6260000000000012,0.3901641530441381,0.8201425139977601,-0.003792757969900034,1,1
S0,764,15.280000000000001,0,1.6280000000000012,0.39216415304413815,0.8200659302356629,-0.004990266586845711,1,1
S0,765,15.3,1,1.6300000000000012,0.38493302626497833,0.8199647005160713,-0.006139187608096892,1,1
S0,766,15.32,0,1.6320000000000012,0.38693302626497833,0.8198398035675502,-0.007238487082284292,1,1
S0,767,15.34,0,1.6340000000000012,0.38893302626497833,0.8196922421714754,-0.008287175714081638,1,1
S0,768,15.36,0,1.6360000000000012,0.3909330262649784,0.8195230422182168,-0.009284309754504665,1,1
S0,769,15.38,0,1.6380000000000012,0.3929330262649784,0.8193332517292384,-0.01022899185022152,1,1
S0,770,15.4,1,1.6400000000000012,0.3853029555882684,0.8191239398462636,-0.011120371851110193,1,1
S0,771,15.42,0,1.6420000000000012,0.3873029555882683,0.8188961957887477,-0.011957647575336223,1,1
S0,772,15.44,0,1.6440000000000012,0.38930295558826833,0.8186511277809884,-0.012740065531262222,1,1
S0,773,15.46,0,1.6460000000000012,0.39130295558826833,0.8183898619502942,-0.01346692159553949,1,1
S0,774,15.48,0,1.6480000000000012,0.3933029555882684,0.8181135411977141,-0.014137561646771487,1,1
S0,775,15.5,1,1.6500000000000012,0.3848356151975688,0.8178233240429121,-0.014751382154178946,1,1
S0,776,15.52,0,1.6520000000000012,0.38683561519756887,0.8175203834448465,-0.01530783072073685,1,1
S0,777,15.540000000000001,0,1.6540000000000012,0.38883561519756893,0.8172059055999834,-0.01580640658029444,1,1
S0,778,15.56,0,1.6560000000000012,0.3908356151975688,0.8168810887198455,-0.016246661048230977,1,1
S0,779,15.58,0,1.6580000000000013,0.3928356151975688,0.8165471417897512,-0.01662819792524161,1,1
S0,780,15.6,1,1.6600000000000013,0.38547046319234274,0.8162052833106617,-0.016950673853889986,1,1
S0,781,15.620000000000001,0,1.6620000000000013,0.3874704631923427,0.8158567400261012,-0.0172137986276068,1,1
S0,782,15.64,0,1.6640000000000013,0.3894704631923427,0.8155027456361608,-0.01741733545185609,1,1
S0,783,15.66,0,1.6660000000000013,0.3914704631923427,0.815144539500633,-0.017561101157234364,1,1
S0,784,15.68,0,1.6680000000000013,0.39347046319234263,0.8147833653333616,-0.01764496636431067,1,1
S0,785,15.700000000000001,1,1.6700000000000013,0.3848952392182243,0.8144204698899092,-0.017668855600059367,1,1
S0,786,15.72,0,1.6720000000000013,0.38689523921822433,0.8140571016506744,-0.017632747365780767,1,1
S0,787,15.74,0,1.6740000000000013,0.38889523921822433,0.8136945095015937,-0.01753667415644848,1,1
S0,788,15.76,0,1.6760000000000013,0.3908952392182244,0.8133339414145776,-0.017380722431466163,1,1
S0,789,15.780000000000001,0,1.6780000000000013,0.39289523921822433,0.812976643129824,-0.017165032536859873,1,1
S0,790,15.8,1,1.6800000000000013,0.38370578551082596,0.8126238568421497,-0.01688979857897612,1,1
S0,791,15.82,0,1.6820000000000013,0.385705785510826,0.812276819893465,-0.01655526824979927,1,1
S0,792,15.84,0,1.6840000000000013,0.387705785510826,0.8119367634734972,-0.016161742604045463,1,1
S0,793,15.860000000000001,0,1.6860000000000013,0.389705785510826,0.8116049113308405,-0.015709575788233687,1,1
S0,794,15.88,0,1.6880000000000013,0.3917057855108259,0.8112824784963807,-0.01519917472197783,1,1
S0,795,15.9,1,1.6900000000000013,0.3838299387586759,0.8109706700211018,-0.01463099873178649,1,1
S0,796,15.92,0,1.6920000000000013,0.3858299387586759,0.8106706797302345,-0.014005559137700104,1,1
S0,797,15.94,0,1.6940000000000013,0.38782993875867583,0.8103836889956622,-0.013323418793137443,1,1
S0,798,15.96,0,1.6960000000000013,0.3898299387586759,0.8101108655284353,-0.012585191578365528,1,1
S0,799,15.98,0,1.6980000000000013,0.3918299387586759,0.8098533621931924,-0.011791541848048806,1,1
S0,800,16.0,1,1.7000000000000013,0.38372652536946006,0.8096123158462105,-0.010943183833374812,1,1
S0,801,16.02,0,1.7020000000000013,0.38572652536946006,0.8093888461987423,-0.01004088099929431,1,1
S0,802,16.04,0,1.7040000000000013,0.38772652536946006,0.8091840547072184,-0.009085445357454354,1,1
S0,803,16.06,0,1.7060000000000013,0.38972652536946006,0.808999023491815,-0.008077736735442627,1,1
S0,804,16.080000000000002,0,1.7080000000000013,0.3917265253694601,0.8088348142847994,-0.0070186620030006554,1,1
S0,805,16.1,1,1.7100000000000013,0.38272937682830616,0.8086924674099844,-0.0059091742559022305,1,1
S0,806,16.12,0,1.7120000000000013,0.3847293768283061,0.808573000794525,-0.004750271958231565,1,1
S0,807,16.14,0,1.7140000000000013,0.3867293768283061,0.8084774090142045,-0.0035429980438330035,1,1
S0,808,16.16,0,1.7160000000000013,0.38872937682830616,0.8084066623732562,-0.0022884389777409666,1,1
S0,809,16.18,0,1.7180000000000013,0.39072937682830616,0.8083617060196729,-0.0009877237784347342,1,1
S0,810,16.2,1,1.7200000000000013,0.38391501215551865,0.8083434590968571,0.0003579769982019593,1,1
S0,811,16.22,0,1.7220000000000013,0.38591501215551866,0.8083528139323626,0.0017474523123022134,1,1
S0,812,16.240000000000002,0,1.7240000000000013,0.38791501215551866,0.8083906352643823,0.003179451729870113,1,1
S0,813,16.26,0,1.7260000000000013,0.3899150121555187,0.8084577595065312,0.004652686548086908,1,1
S0,814,16.28,0,1.7280000000000013,0.39191501215551866,0.8085549940513775,0.006165830955056565,1,1
S0,815,16.3,1,1.7300000000000013,0.3835892097773523,0.8086831166130721,0.007717523222947,1,1
S0,816,16.32,0,1.7320000000000013,0.3855892097773522,0.8088428746093289,0.009306366933453197,1,1
S0,817,16.34,0,1.7340000000000013,0.38758920977735223,0.8090349845829122,0.01093093223447943,1,1
S0,818,16.36,0,1.7360000000000013,0.3895892097773522,0.8092601316626898,0.012589757126909646,1,1
S0,819,16.38,0,1.7380000000000013,0.3915892097773522,0.8095189690642178,0.01428134878030798,1,1
S0,820,16.4,1,1.7400000000000013,0.3826974464295946,0.8098121176297348,0.016004184876365384,1,1
S0,821,16.42,0,1.7420000000000013,0.38469744642959464,0.8101401654073502,0.017756714978883353,1,1
S0,822,16.44,0,1.7440000000000013,0.3866974464295946,0.8105036672691331,0.019537361929061855,1,1
S0,823,16.46,0,1.7460000000000013,0.3886974464295946,0.8109031445677213,0.02134452326483579,1,1
S0,824,16.48,0,1.7480000000000013,0.3906974464295946,0.811339084830997,0.023176572662982696,1,1
S0,825,16.5,1,1.7500000000000013,0.38382366616360597,0.8118119414943019,0.025031861402703866,1,1
S0,826,16.52,0,1.7520000000000013,0.3858236661636059,0.8123221336695935,0.02690871984936178,1,1
S0,827,16.54,0,1.7540000000000013,0.3878236661636059,0.8128700459508836,0.028805458957038593,1,1
S0,828,16.56,0,1.7560000000000013,0.3898236661636061,0.8134560282552404,0.030720371788563443,1,1
S0,829,16.580000000000002,0,1.7580000000000013,0.39182366616360603,0.8140803956985785,0.0326517350516407,1,1
S0,830,16.6,1,1.7600000000000013,0.38352387405271815,0.8147434285054168,0.0345978106496967,1,1
S0,831,16.62,0,1.7620000000000013,0.38552387405271815,0.8154453719517378,0.03655684724604935,1,1
S0,832,16.64,0,1.7640000000000013,0.38752387405271815,0.8161864363400437,0.03852708183999295,1,1
S0,833,16.66,0,1.7660000000000013,0.38952387405271816,0.8169667970056737,0.04050674135337978,1,1
S0,834,16.68,0,1.7680000000000013,0.3915238740527182,0.8177865943534182,0.042494044226270816,1,1
S0,835,16.7,1,1.7700000000000014,0.3826295913470301,0.818645933923446,0.044487202020219364,1,1
S0,836,16.72,0,1.7720000000000014,0.3846295913470301,0.8195448864855416,0.04648442102774499,1,1
S0,837,16.740000000000002,0,1.7740000000000014,0.3866295913470301,0.8204834881606418,0.04848390388654916,1,1
S0,838,16.76,0,1.7760000000000014,0.3886295913470302,0.8214617405686558,0.050483851197019994,1,1
S0,839,16.78,0,1.7780000000000014,0.3906295913470302,0.8224796110015519,0.05248246314157046,1,1
S0,840,16.8,1,1.7800000000000014,0.382978062392591,0.8235370326206986,0.054477941104352716,1,1
S0,841,16.82,0,1.7820000000000014,0.3849780623925911,0.8246339046774631,0.05646848928989099,1,1
S0,842,16.84,0,1.7840000000000014,0.386978062392591,0.825770092756081,0.05845231633917627,1,1
S0,843,16.86,0,1.7860000000000014,0.38897806239259103,0.8269454290378324,0.060427636941768496,1,1
S0,844,16.88,0,1.7880000000000014,0.39097806239259103,0.8281597125855872,0.062392673442455485,1,1
S0,845,16.9,1,1.7900000000000014,0.38298232910884206,0.8294127096478081,0.06434565744102261,1,1
S0,846,16.92,0,1.7920000000000014,0.384982329108842,0.830704153981135,0.06628483138369361,1,1
S0,847,16.94,0,1.7940000000000014,0.386982329108842,0.8320337471907103,0.0682084501448104,1,1
S0,848,16.96,0,1.7960000000000014,0.38898232910884206,0.833401159087447,0.07011478259732835,1,1
S0,849,16.98,0,1.7980000000000014,0.39098232910884206,0.8348060280614809,0.07200211317071378,1,1
S0,850,17.0,1,1.8000000000000014,0.3821251462522569,0.8362479614710987,0.07386874339484163,1,1
S0,851,17.02,0,1.8020000000000014,0.3841251462522569,0.8377265360464822,0.07571299342850395,1,1
S0,852,17.04,0,1.8040000000000014,0.38612514625225686,0.8392412983076556,0.07753320357115356,1,1
S0,853,17.06,0,1.8060000000000014,0.3881251462522569,0.8407917649960798,0.0793277357565226,1,1
S0,854,17.080000000000002,0,1.8080000000000014,0.3901251462522569,0.8423774235193909,0.08109497502677153,1,1
S0,855,17.1,1,1.8100000000000014,0.38257913534652993,0.8439977324088338,0.08283333098584218,1,1
S0,856,17.12,0,1.8120000000000014,0.38457913534652993,0.8456521217889972,0.0845412392307069,1,1
S0,857,17.14,0,1.8140000000000014,0.38657913534652993,0.847339993859515,0.08621716275922567,1,1
S0,858,17.16,0,1.8160000000000014,0.38857913534653,0.8490607233884526,0.08785959335334426,1,1
S0,859,17.18,0,1.8180000000000014,0.39057913534652994,0.8508136582171514,0.0894670529363887,1,1
S0,860,17.2,1,1.8200000000000014,0.3826580784809622,0.8525981197763614,0.0910380949032345,1,1
S0,861,17.22,0,1.8220000000000014,0.3846580784809622,0.8544134036135449,0.0925713054221537,1,1
S0,862,17.240000000000002,0,1.8240000000000014,0.3866580784809622,0.8562587799312829,0.09406530470716783,1,1
S0,863,17.26,0,1.8260000000000014,0.38865807848096223,0.8581334941367691,0.09551874825976232,1,1
S0,864,17.28,0,1.8280000000000014,0.3906580784809621,0.8600367674024223,0.09693032807884434,1,1
S0,865,17.3,1,1.8300000000000014,0.3818673978446734,0.8619677972376931,0.09829877383785549,1,1
S0,866,17.32,0,1.8320000000000014,0.38386739784467333,0.8639257580721817,0.09962285402797996,1,1
S0,867,17.34,0,1.8340000000000014,0.3858673978446734,0.8659098018502241,0.1009013770664194,1,1
S0,868,17.36,0,1.8360000000000014,0.38786739784467333,0.8679190586371381,0.10213319236873691,1,1
S0,869,17.38,0,1.8380000000000014,0.3898673978446734,0.869952637237352,0.10331719138430545,1,1
S0,870,17.400000000000002,1,1.8400000000000014,0.3823528423764707,0.8720096258246666,0.10445230859392854,1,1
S0,871,17.42,0,1.8420000000000014,0.38435284237647066,0.8740890925849256,0.10553752246873564,1,1
S0,872,17.44,0,1.8440000000000014,0.3863528423764707,0.8761900863713862,0.10657185638948916,1,1
S0,873,17.46,0,1.8460000000000014,0.3883528423764707,0.8783116373730971,0.10755437952547586,1,1
S0,874,17.48,0,1.8480000000000014,0.3903528423764707,0.8804527577966037,0.10848420767219168,1,1
S0,875,17.5,1,1.8500000000000014,0.3825013787418808,0.8826124425612994,0.10936050404706608,1,1
S0,876,17.52,0,1.8520000000000014,0.3845013787418808,0.8847896700087484,0.11018248004250994,1,1
S0,877,17.54,0,1.8540000000000014,0.38650137874188084,0.8869834026262958,0.11094939593560904,1,1
S0,878,17.56,0,1.8560000000000014,0.38850137874188084,0.8891925877852741,0.11166056155382487,1,1
S0,879,17.580000000000002,0,1.8580000000000014,0.39050137874188073,0.8914161584940976,0.11231533689610328,1,1
S0,880,17.6,1,1.8600000000000014,0.3835582465336007,0.8936530341665208,0.11291313270883221,1,1
S0,881,17.62,0,1.8620000000000014,0.3855582465336006,0.8959021214053067,0.11345341101613024,1,1
S0,882,17.64,0,1.8640000000000014,0.3875582465336007,0.8981623148015266,0.11393568560398848,1,1
S0,883,17.66,0,1.8660000000000014,0.38955824653360066,0.9004324977496758,0.11435952245783042,1,1
S0,884,17.68,0,1.8680000000000014,0.3915582465336007,0.9027115432787512,0.11472454015309572,1,1
S0,885,17.7,1,1.8700000000000014,0.38342099427806253,0.9049983148993959,0.1150304101984966,1,1
S0,886,17.72,0,1.8720000000000014,0.38542099427806253,0.9072916674671639,0.11527685733163781,1,1
S0,887,17.740000000000002,0,1.8740000000000014,0.38742099427806254,0.9095904480619127,0.11546365976673421,1,1
S0,888,17.76,0,1.8760000000000014,0.38942099427806254,0.911893496883269,0.11559064939420301,1,1
S0,889,17.78,0,1.8780000000000014,0.3914209942780626,0.914199648162061,0.11565771193195101,1,1
S0,890,17.8,1,1.8800000000000014,0.38350907302885784,0.9165077310875424,0.11566478702822083,1,1
S0,891,17.82,0,1.8820000000000014,0.38550907302885784,0.9188165707501728,0.11561186831590338,1,1
S0,892,17.84,0,1.8840000000000015,0.3875090730288578,0.921124989099648,0.11549900341826784,1,1
S0,893,17.86,0,1.8860000000000015,0.38950907302885784,0.9234318059178044,0.11532629390610394,1,1
S0,894,17.88,0,1.8880000000000015,0.3915090730288578,0.9257358398059492,0.11509389520631506,1,1
S0,895,17.900000000000002,1,1.8900000000000015,0.384269698233065,0.9280359091860955,0.1148020164620446,1,1
S0,896,17.92,0,1.8920000000000015,0.386269698233065,0.9303308333155033,0.11445092034446117,1,1
S0,897,17.94,0,1.8940000000000015,0.388269698233065,0.9326194333138524,0.11404092281637229,1,1
S0,898,17.96,0,1.8960000000000015,0.39026969823306495,0.9349005332022977,0.11357239284787927,1,1
S0,899,17.98,0,1.8980000000000015,0.392269698233065,0.9371729609535766,0.11304575208432893,1,1
S0,900,18.0,1,1.9000000000000015,0.3839244382985452,0.9394355495522662,0.11246147446686126,1,1
S0,901,18.02,0,1.9020000000000015,0.3859244382985452,0.9416871380642067,0.11182008580589443,1,1
S0,902,18.04,0,1.9040000000000015,0.3879244382985452,0.9439265727140367,0.11112216330793089,1,1
S0,903,18.06,0,1.9060000000000015,0.3899244382985453,0.9461527079697084,0.11036833505611042,1,1
S0,904,18.080000000000002,0,1.9080000000000015,0.39192443829854523,0.9483644076327818,0.10955927944497781,1,1
S0,905,18.1,1,1.9100000000000015,0.38394917215164936,0.9505605459332255,0.10869572456997345,1,1
S0,906,18.12,0,1.9120000000000015,0.3859491721516493,0.9527400086273832,0.10777844757219664,1,1
S0,907,18.14,0,1.9140000000000015,0.3879491721516493,0.9549016940977052,0.10680827393903104,1,1
S0,908,18.16,0,1.9160000000000015,0.3899491721516493,0.9570445144527773,0.10578607676126175,1,1
S0,909,18.18,0,1.9180000000000015,0.3919491721516493,0.9591673966261268,0.10471277594735251,1,1
S0,910,18.2,1,1.9200000000000015,0.38459437809300123,0.9612692834722291,0.10358933739559022,1,1
S0,911,18.22,0,1.9220000000000015,0.3865943780930011,0.9633491348580903,0.10241677212484163,1,1
S0,912,18.240000000000002,0,1.9240000000000015,0.3885943780930012,0.9654059287487383,0.10119613536470462,1,1
S0,913,18.26,0,1.9260000000000015,0.3905943780930012,0.9674386622849106,0.09992852560587283,1,1
S0,914,18.28,0,1.9280000000000015,0.39259437809300124,0.9694463528511978,0.0986150836115681,1,1
S0,915,18.3,1,1.9300000000000015,0.3842276041082051,0.9714280391328699,0.09725699139093062,1,1
S0,916,18.32,0,1.9320000000000015,0.3862276041082051,0.9733827821595878,0.09585547113529051,1,1
S0,917,18.34,0,1.9340000000000015,0.3882276041082051,0.9753096663341883,0.09441178411827807,1,1
S0,918,18.36,0,1.9360000000000015,0.3902276041082051,0.9772078004447138,0.09292722956076264,1,1
S0,919,18.38,0,1.9380000000000015,0.3922276041082051,0.9790763186578584,0.09140314346164158,1,1
S0,920,18.400000000000002,1,1.9400000000000015,0.3840757550616839,0.9809143814919947,0.08984089739553136,1,1
S0,921,18.42,0,1.9420000000000015,0.3860757550616839,0.98272117676796,0.08824189727844303,1,1
S0,922,18.44,0,1.9440000000000015,0.3880757550616839,0.9844959205357867,0.0866075821025527,1,1
S0,923,18.46,0,1.9460000000000015,0.39007575506168396,0.9862378579755867,0.08493942264120571,1,1
S0,924,18.48,0,1.9480000000000015,0.39207575506168396,0.9879462642708183,0.08323892012531989,1,1
S0,925,18.5,1,1.9500000000000015,0.38397198320757986,0.9896204454522036,0.08150760489237906,1,1
S0,926,18.52,0,1.9520000000000015,0.38597198320757986,0.9912597392105951,0.0797470350092326,1,1
S0,927,18.54,0,1.9540000000000015,0.38797198320757986,0.99286351567714,0.07795879486994042,1,1
S0,928,18.56,0,1.9560000000000015,0.38997198320757986,0.9944311781691365,0.07614449376992531,1,1
S0,929,18.580000000000002,0,1.9580000000000015,0.39197198320757987,0.9959621639000338,0.07430576445771563,1,1
S0,930,18.6,1,1.9600000000000015,0.3838261260664224,0.997455944652092,0.07244426166558186,1,1
S0,931,18.62,0,1.9620000000000015,0.38582612606642236,0.9989120274102792,0.07056166062038927,1,1
S0,932,18.64,0,1.9640000000000015,0.38782612606642236,1.0003299549560611,0.06865965553600674,1,1
S0,933,18.66,0,1.9660000000000015,0.3898261260664223,1.0017093064198124,0.06673995808862875,1,1
S0,934,18.68,0,1.9680000000000015,0.39182612606642236,1.0030496977906629,0.06480429587638224,1,1
S0,935,18.7,1,1.9700000000000015,0.3838021890113546,1.0043507823826783,0.06285441086460496,1,1
S0,936,18.72,0,1.9720000000000015,0.38580218901135466,1.0056122512563628,0.060892057818194206,1,1
S0,937,18.740000000000002,0,1.9740000000000015,0.3878021890113547,1.0068338335945708,0.0589190027224369,1,1
S0,938,18.76,0,1.9760000000000015,0.3898021890113547,1.0080152970320087,0.056937021193742,1,1
S0,939,18.78,0,1.9780000000000015,0.39180218901135466,1.0091564479376094,0.054947896881705593,1,1
S0,940,18.8,1,1.9800000000000015,0.38373544394399683,1.010257131649168,0.052953419863946645,1,1
S0,941,18.82,0,1.9820000000000015,0.3857354439439969,1.01131723265973,0.05095538503515798,1,1
S0,942,18.84,0,1.9840000000000015,0.38773544394399684,1.0123366747553355,0.0489555904918222,1,1
S0,943,18.86,0,1.9860000000000015,0.3897354439439968,1.0133154211038276,0.046955835914046236,1,1
S0,944,18.88,0,1.9880000000000015,0.3917354439439969,1.0142534742945468,0.04495792094597069,1,1
S0,945,18.900000000000002,1,1.9900000000000015,0.38371225486978583,1.015150876328845,0.042963643576211616,1,1
S0,946,18.92,0,1.9920000000000015,0.38571225486978583,1.0160077085614592,0.04097479851979212,1,1
S0,947,18.94,0,1.9940000000000015,0.38771225486978583,1.016824091592904,0.03899317560301996,1,1
S0,948,18.96,0,1.9960000000000016,0.3897122548697859,1.0176001851131464,0.0370205581527647,1,1
S0,949,18.98,0,1.9980000000000016,0.3917122548697859,1.0183361876969343,0.035058721391583884,1,1
S0,950,19.0,1,2.0000000000000013,0.3844771074656498,1.0190323365512683,0.03310943084014257,1,1
S0,951,19.02,0,2.002000000000001,0.3864771074656498,1.0196889072155997,0.031174440728363884,1,1
S0,952,19.04,0,2.004000000000001,0.3884771074656498,1.0203062132154501,0.029255492416740518,1,1
S0,953,19.06,0,2.0060000000000007,0.3904771074656498,1.0208846056702459,0.027354312829227807,1,1
S0,954,19.080000000000002,0,2.0080000000000005,0.39247710746564984,1.0214244728562596,0.025472612899128735,1,1
S0,955,19.1,1,2.0100000000000002,0.38416410044857086,1.0219262397256432,0.023612086029369463,1,1
S0,956,19.12,0,2.012,0.38616410044857086,1.0223903673826333,0.021774406568550973,1,1
S0,957,19.14,0,2.014,0.3881641004485708,1.0228173525180881,0.01996122830414836,1,1
S0,958,19.16,0,2.0159999999999996,0.3901641004485708,1.0232077268036053,0.018174182974213728,1,1
S0,959,19.18,0,2.0179999999999993,0.39216410044857086,1.0235620562465444,0.016414878798922075,1,1
S0,960,19.2,1,2.019999999999999,0.38493298880808596,1.023880940507346,0.014684899033281695,1,1
S0,961,19.22,0,2.021999999999999,0.3869329888080859,1.0241650121806158,0.012985800542311533,1,1
S0,962,19.240000000000002,0,2.0239999999999987,0.3889329888080859,1.0244149360414965,0.011319112399967756,1,1
S0,963,19.26,0,2.0259999999999985,0.39093298880808597,1.0246314082589059,0.009686334513080399,1,1
S0,964,19.28,0,2.0279999999999982,0.3929329888080859,1.024815155577278,0.008088936271538456,1,1
S0,965,19.3,1,2.029999999999998,0.3853029211366029,1.024966934468478,0.006528355225938171,1,1
S0,966,19.32,0,2.031999999999998,0.387302921136603,1.0250875302556082,0.005005995793884525,1,1
S0,967,19.34,0,2.0339999999999976,0.389302921136603,1.0251777562104465,0.003523227996110182,1,1
S0,968,19.36,0,2.0359999999999974,0.3913029211366029,1.0252384526262948,0.00208138622354932,1,1
S0,969,19.38,0,2.037999999999997,0.393302921136603,1.0252704858680224,0.0006817680364758437,1,1
S0,970,19.400000000000002,1,2.039999999999997,0.38483558365060005,1.0252747474011106,-0.0006743670032132788,1,1
S0,971,19.42,0,2.0419999999999967,0.3868355836506,1.0252521528015097,-0.0019857984655186917,1,1
S0,972,19.44,0,2.0439999999999965,0.3888355836506,1.0252036407481202,-0.0032513461506432874,1,1
S0,973,19.46,0,2.0459999999999963,0.3908355836506,1.0251301719997012,-0.004469871151092366,1,1
S0,974,19.48,0,2.047999999999996,0.39283558365060006,1.0250327283580027,-0.005640276876613488,1,1
S0,975,19.5,1,2.049999999999996,0.38547043123605496,1.0249123116188983,-0.0067615100410537005,1,1
S0,976,19.52,0,2.0519999999999956,0.38747043123605496,1.024769942513271,-0.00783256161024598,1,1
S0,977,19.54,0,2.0539999999999954,0.3894704312360549,1.024606659639378,-0.008852467710071862,1,1
S0,978,19.56,0,2.055999999999995,0.39147043123605485,1.0244235183883839,-0.009820310493883098,1,1
S0,979,19.580000000000002,0,2.057999999999995,0.39347043123605485,1.024221589864717,-0.010735218968501693,1,1
S0,980,19.6,1,2.0599999999999947,0.38489521338363164,1.0240019598028507,-0.011596369778054953,1,1
S0,981,19.62,0,2.0619999999999945,0.3868952133836317,1.023765727482077,-0.012402987944940215,1,1
S0,982,19.64,0,2.0639999999999943,0.38889521338363164,1.023514004640771,-0.013154347567252384,1,1
S0,983,19.66,0,2.065999999999994,0.39089521338363165,1.0232479143915991,-0.013849772472046624,1,1
S0,984,19.68,0,2.067999999999994,0.39289521338363165,1.0229685901390637,-0.014488636823848391,1,1
S0,985,19.7,1,2.0699999999999936,0.3837057655762954,1.0226771745007008,-0.015070365687863125,1,1
S0,986,19.72,0,2.0719999999999934,0.3857057655762954,1.0223748182331986,-0.015594435547378722,1,1
S0,987,19.740000000000002,0,2.073999999999993,0.3877057655762954,1.0220626791646221,-0.016060374774895275,1,1
S0,988,19.76,0,2.075999999999993,0.3897057655762954,1.021741921133863,-0.016467764056557973,1,1
S0,989,19.78,0,2.0779999999999927,0.3917057655762954,1.02141371293836,-0.016816236769511276,1,1
S0,990,19.8,1,2.0799999999999925,0.3838299201088542,1.021079227291063,-0.01710547931183472,1,1
S0,991,19.82,0,2.0819999999999923,0.38582992010885425,1.0207396397875315,-0.017335231384763505,1,1
S0,992,19.84,0,2.083999999999992,0.3878299201088542,1.0203961278839937,-0.0175052862269398,1,1
S0,993,19.86,0,2.085999999999992,0.3898299201088542,1.0200498698871037,-0.017615490800483996,1,1
S0,994,19.88,0,2.0879999999999916,0.3918299201088542,1.0197020439560656,-0.017665745928718488,1,1
S0,995,19.900000000000002,1,2.0899999999999914,0.3837265071099697,1.0193538271177194,-0.017656006385419993,1,1
S0,996,19.92,0,2.091999999999991,0.38572650710996975,1.0190063942951013,-0.017586280935520074,1,1
S0,997,19.94,0,2.093999999999991,0.3877265071099697,1.0186609173499261,-0.017456632327217312,1,1
S0,998,19.96,0,2.0959999999999908,0.3897265071099697,1.0183185641393622,-0.01726717723550817,1,1
S0,999,19.98,0,2.0979999999999905,0.3917265071099697,1.0179804975874034,-0.01701808615718734,1,1
S0,1000,20.0,1,2.0999999999999903,0.38272936034485316,1.0176478747710753,-0.01670958325741217,1,1
S1,0,0.0,1,0.1,0.1,0.0,0.05,1,1
S1,1,0.02,0,0.10200000000000001,0.10200000000000001,0.0010006994284733753,0.05199910006749798,1,1
S1,2,0.04,0,0.10400000000000001,0.10400000000000001,0.002042076860969777,0.05399550114736839,1,1
S1,3,0.06,0,0.10600000000000001,0.10600000000000001,0.003124071482915606,0.055987406613392375,1,1
S1,4,0.08,0,0.10800000000000001,0.10800000000000001,0.004246583171669095,0.05797302388510011,1,1
S1,5,0.1,0,0.11000000000000001,0.11000000000000001,0.005409472627445651,0.059950566040972195,1,1
S1,6,0.12,0,0.11200000000000002,0.11200000000000002,0.006612561552795691,0.061918253426548435,1,1
S1,7,0.14,0,0.11400000000000002,0.11400000000000002,0.007855632880208371,0.06387431525599674,1,1
S1,8,0.16,0,0.11600000000000002,0.11600000000000002,0.009138431047307514,0.0658169912057008,1,1
S1,9,0.18,0,0.11800000000000002,0.11800000000000002,0.010460662319000953,0.06774453299843258,1,1
S1,10,0.2,1,0.12000000000000002,0.15664908738815875,0.011821995155841982,0.0696552059766838,1,1
S1,11,0.22,0,0.12200000000000003,0.15864908738815872,0.01322206062776193,0.07154729066374058,1,1
S1,12,0.24,0,0.12400000000000003,0.16064908738815872,0.01466045287223645,0.07341908431109645,1,1
S1,13,0.26,0,0.12600000000000003,0.16264908738815873,0.016136729595855277,0.07526890243081108,1,1
S1,14,0.28,0,0.12800000000000003,0.16464908738815875,0.017650412618176417,0.0770950803114357,1,1
S1,15,0.3,0,0.13000000000000003,0.16664908738815873,0.019200988456661072,0.07889597451614104,1,1
S1,16,0.32,0,0.13200000000000003,0.16864908738815873,0.02078790895140566,0.08066996436169961,1,1
S1,17,0.34,0,0.13400000000000004,0.17064908738815873,0.022410591928312143,0.08241545337699112,1,1
S1,18,0.36,0,0.13600000000000004,0.17264908738815873,0.024068421899267868,0.08413087073971877,1,1
S1,19,0.38,0,0.13800000000000004,0.17464908738815874,0.025760750797841455,0.08581467269004331,1,1
S1,20,0.4,1,0.14000000000000004,0.14393728202696815,0.027486898748942206,0.08746534391986266,1,1
S1,21,0.42,0,0.14200000000000004,0.14593728202696815,0.029246154870837236,0.08908139893648696,1,1
S1,22,0.44,0,0.14400000000000004,0.14793728202696813,0.031037778107873032,0.0906613833994817,1,1
S1,23,0.46,0,0.14600000000000005,0.14993728202696815,0.03286099809220688,0.0922038754294759,1,1
S1,24,0.48,0,0.14800000000000005,0.15193728202696816,0.03471501603281838,0.0937074868877577,1,1
S1,25,0.5,0,0.15000000000000005,0.15393728202696816,0.03659900563004227,0.09517086462550534,1,1
S1,26,0.52,0,0.15200000000000005,0.15593728202696813,0.03851211401384118,0.09659269170152988,1,1
S1,27,0.54,0,0.15400000000000005,0.15793728202696813,0.04045346270402042,0.09797168856743338,1,1
S1,28,0.56,0,0.15600000000000006,0.15993728202696814,0.04242214859057697,0.09930661421911599,1,1
S1,29,0.58,0,0.15800000000000006,0.16193728202696814,0.0444172449323708,0.100596267313596,1,1
S1,30,0.6,1,0.16000000000000006,0.1336518892322868,0.046437802372309205,0.10183948725013733,1,1
S1,31,0.62,0,0.16200000000000006,0.1356518892322868,0.048482849967243,0.10303515521471193,1,1
S1,32,0.64,0,0.16400000000000006,0.1376518892322868,0.05055139623078808,0.10418219518685684,1,1
S1,33,0.66,0,0.16600000000000006,0.13965188923228677,0.052642430187305814,0.10527957490802002,1,1
S1,34,0.68,0,0.16800000000000007,0.1416518892322868,0.054754922435301785,0.10632630681052332,1,1
S1,35,0.7000000000000001,0,0.17000000000000007,0.14365188923228678,0.0568878262185336,0.10732144890630678,1,1
S1,36,0.72,0,0.17200000000000007,0.1456518892322868,0.05904007850315498,0.10826410563465426,1,1
S1,37,0.74,0,0.17400000000000007,0.14765188923228678,0.06121060105926494,0.10915342866813767,1,1
S1,38,0.76,0,0.17600000000000007,0.14965188923228678,0.063398301545277,0.10998861767605439,1,1
S1,39,0.78,0,0.17800000000000007,0.15165188923228679,0.065602074593574,0.11076892104467086,1,1
S1,40,0.8,1,0.18000000000000008,0.1350325889235347,0.06782080289596899,0.11149363655362421,1,1
S1,41,0.8200000000000001,0,0.18200000000000008,0.1370325889235347,0.07005335828755077,0.11216211200787321,1,1
S1,42,0.84,0,0.18400000000000008,0.1390325889235347,0.07229860282755546,0.11277374582462979,1,1
S1,43,0.86,0,0.18600000000000008,0.1410325889235347,0.07455538987596956,0.11332798757474291,1,1
S1,44,0.88,0,0.18800000000000008,0.14303258892353474,0.07682256516463871,0.11382433847804765,1,1
S1,45,0.9,0,0.19000000000000009,0.1450325889235347,0.07909896786172599,0.11426235185223374,1,1
S1,46,0.92,0,0.1920000000000001,0.1470325889235347,0.08138343162843596,0.11464163351482941,1,1
S1,47,0.9400000000000001,0,0.1940000000000001,0.14903258892353471,0.0836747856669945,0.11496184213793907,1,1
S1,48,0.96,0,0.1960000000000001,0.15103258892353472,0.0859718557589494,0.11522268955541536,1,1
S1,49,0.98,0,0.1980000000000001,0.1530325889235347,0.08827346529293234,0.11542394102218922,1,1
S1,50,1.0,1,0.2000000000000001,0.14549279804006576,0.09057843628109923,0.11556541542552463,1,1
S1,51,1.02,0,0.2020000000000001,0.14749279804006576,0.092885590363542,0.11564698544800782,1,1
S1,52,1.04,0,0.2040000000000001,0.14949279804006577,0.0951937498000408,0.11566857768212435,1,1
S1,53,1.06,0,0.2060000000000001,0.15149279804006577,0.0975017384486004,0.11563017269632096,1,1
S1,54,1.08,0,0.2080000000000001,0.15349279804006577,0.09980838273028875,0.11553180505249262,1,1
S1,55,1.1,0,0.2100000000000001,0.15549279804006577,0.10211251257996795,0.11537356327487916,1,1
S1,56,1.12,0,0.2120000000000001,0.15749279804006577,0.10441296238257823,0.11515558977039941,1,1
S1,57,1.1400000000000001,0,0.2140000000000001,0.15949279804006575,0.10670857189470392,0.11487808070049466,1,1
S1,58,1.16,0,0.2160000000000001,0.16149279804006578,0.10899818715121624,0.11454128580459651,1,1
S1,59,1.18,0,0.2180000000000001,0.16349279804006578,0.11128066135685033,0.11414550817537829,1,1
S1,60,1.2,1,0.2200000000000001,0.1620101743019955,0.11355485576263376,0.11369110398599211,1,1
S1,61,1.22,0,0.22200000000000011,0.16401017430199552,0.1158196405271401,0.11317848216953706,1,1
S1,62,1.24,0,0.22400000000000012,0.16601017430199552,0.1180738955625933,0.11260810405104701,1,1
S1,63,1.26,0,0.22600000000000012,0.16801017430199552,0.12031651136589765,0.11198048293232925,1,1
S1,64,1.28,0,0.22800000000000012,0.17001017430199553,0.12254638983471199,0.11129618363002745,1,1
S1,65,1.3,0,0.23000000000000012,0.1720101743019955,0.12476244506872751,0.11055582196732489,1,1
S1,66,1.32,0,0.23200000000000012,0.17401017430199553,0.1269636041563434,0.10976006421974506,1,1
S1,67,1.34,0,0.23400000000000012,0.1760101743019955,0.12914880794696582,0.10890962651554875,1,1
S1,68,1.36,0,0.23600000000000013,0.17801017430199548,0.1313170118091819,0.10800527419126693,1,1
S1,69,1.3800000000000001,0,0.23800000000000013,0.1800101743019955,0.13346718637508118,0.1070478211029495,1,1
S1,70,1.4000000000000001,1,0.24000000000000013,0.18137986363388264,0.13559831827101393,0.10603812889374978,1,1
S1,71,1.42,0,0.24200000000000013,0.1833798636338826,0.13770941083508648,0.10497710621850388,1,1
S1,72,1.44,0,0.24400000000000013,0.1853798636338826,0.13979948482170063,0.10386570792600265,1,1
S1,73,1.46,0,0.24600000000000014,0.1873798636338826,0.1418675790934452,0.1027049341996922,1,1
S1,74,1.48,0,0.24800000000000014,0.1893798636338826,0.14391275130064474,0.10149582965757635,1,1
S1,75,1.5,0,0.2500000000000001,0.1913798636338826,0.14593407854886198,0.10023948241213088,1,1
S1,76,1.52,0,0.2520000000000001,0.19337986363388265,0.14793065805463748,0.09893702309107578,1,1
S1,77,1.54,0,0.2540000000000001,0.1953798636338826,0.14990160778973266,0.09758962381988666,1,1
S1,78,1.56,0,0.2560000000000001,0.19737986363388266,0.15184606711412044,0.09619849716696086,1,1
S1,79,1.58,0,0.2580000000000001,0.1993798636338826,0.15376319739794087,0.09476489505238778,1,1
S1,80,1.6,1,0.2600000000000001,0.2053256522998623,0.1556521826326099,0.09329010762130528,1,1
S1,81,1.62,0,0.2620000000000001,0.20732565229986227,0.15751223003123405,0.0917754620828562,1,1
S1,82,1.6400000000000001,0,0.2640000000000001,0.20932565229986227,0.1593425706184472,0.09022232151578961,1,1
S1,83,1.6600000000000001,0,0.2660000000000001,0.21132565229986228,0.16114245980974384,0.08863208364178204,1,1
S1,84,1.68,0,0.2680000000000001,0.2133256522998623,0.16291117798033958,0.08700617956758226,1,1
S1,85,1.7,0,0.27000000000000013,0.2153256522998623,0.16464803102354253,0.08534607249711182,1,1
S1,86,1.72,0,0.27200000000000013,0.21732565229986228,0.16635235089857045,0.08365325641468027,1,1
S1,87,1.74,0,0.27400000000000013,0.21932565229986228,0.16802349616769674,0.08192925474050014,1,1
S1,88,1.76,0,0.27600000000000013,0.22132565229986229,0.16966085252255567,0.08017561895971158,1,1
S1,89,1.78,0,0.27800000000000014,0.2233256522998623,0.17126383329938272,0.07839392722615042,1,1
S1,90,1.8,1,0.28000000000000014,0.22452189681776907,0.17283187998291055,0.07658578294211629,1,1
S1,91,1.82,0,0.28200000000000014,0.22652189681776902,0.174364462698585,0.07475281331541875,1,1
S1,92,1.84,0,0.28400000000000014,0.22852189681776897,0.1758610806927088,0.07289666789500009,1,1
S1,93,1.86,0,0.28600000000000014,0.23052189681776902,0.17732126280006555,0.07101901708645261,1,1
S1,94,1.8800000000000001,0,0.28800000000000014,0.23252189681776908,0.17874456789851892,0.0691215506487664,1,1
S1,95,1.9000000000000001,0,0.29000000000000015,0.23452189681776903,0.18013058535002918,0.06720597617366023,1,1
S1,96,1.92,0,0.29200000000000015,0.23652189681776903,0.18147893542747381,0.06527401754886428,1,1
S1,97,1.94,0,0.29400000000000015,0.23852189681776909,0.1827892697266078,0.06332741340673757,1,1
S1,98,1.96,0,0.29600000000000015,0.2405218968177691,0.18406127156244895,0.0613679155596162,1,1
S1,99,1.98,0,0.29800000000000015,0.24252189681776898,0.1852946563493255,0.059397287423300436,1,1
S1,100,2.0,1,0.30000000000000016,0.24491107650963082,0.18648917196377868,0.05741730243009954,1,1
S1,101,2.02,0,0.30200000000000016,0.24691107650963084,0.18764459908947054,0.05542974243286243,1,1
S1,102,2.04,0,0.30400000000000016,0.24891107650963082,0.18876075154320834,0.05343639610143034,1,1
S1,103,2.06,0,0.30600000000000016,0.2509110765096308,0.18983747658116237,0.051439057312954714,1,1
S1,104,2.08,0,0.30800000000000016,0.25291107650963085,0.19087465518432195,0.049439523537528854,1,1
S1,105,2.1,0,0.31000000000000016,0.25491107650963085,0.19187220232220845,0.04743959422058617,1,1
S1,106,2.12,0,0.31200000000000017,0.2569110765096308,0.19283006719384033,0.045441069163520725,1,1
S1,107,2.14,0,0.31400000000000017,0.2589110765096308,0.19374823344492836,0.04344574690398749,1,1
S1,108,2.16,0,0.31600000000000017,0.26091107650963086,0.19462671936026532,0.04145542309733983,1,1
S1,109,2.18,0,0.31800000000000017,0.26291107650963086,0.19546557803026718,0.0394718889006609,1,1
S1,110,2.2,1,0.3200000000000002,0.26450620962840626,0.19626489749061915,0.037496929360843166,1,1
S1,111,2.22,0,0.3220000000000002,0.26650620962840627,0.1970248008339834,0.035532321808166706,1,1
S1,112,2.24,0,0.3240000000000002,0.26850620962840627,0.19774544629273222,0.033579834256821886,1,1
S1,113,2.2600000000000002,0,0.3260000000000002,0.27050620962840627,0.19842702729168465,0.03164122381381596,1,1
S1,114,2.2800000000000002,0,0.3280000000000002,0.2725062096284063,0.19906977246984348,0.029718235097695365,1,1
S1,115,2.3000000000000003,0,0.3300000000000002,0.2745062096284062,0.1996739456701536,0.027812598668506754,1,1
S1,116,2.32,0,0.3320000000000002,0.27650620962840633,0.20023984589633367,0.0259260294704098,1,1
S1,117,2.34,0,0.3340000000000002,0.27850620962840633,0.20076780723586815,0.024060225288343194,1,1
S1,118,2.36,0,0.3360000000000002,0.28050620962840633,0.20125819874828832,0.022216865220132786,1,1
S1,119,2.38,0,0.3380000000000002,0.28250620962840634,0.20171142431791736,0.020397608165416897,1,1
S1,120,2.4,1,0.3400000000000002,0.27365127606641315,0.20212792247030656,0.018604091332748603,1,1
S1,121,2.42,0,0.3420000000000002,0.27565127606641315,0.2025081661516467,0.01683792876621855,1,1
S1,122,2.44,0,0.3440000000000002,0.27765127606641316,0.2028526624705005,0.01510070989292422,1,1
S1,123,2.46,0,0.3460000000000002,0.27965127606641316,0.2031619524012687,0.01339399809259282,1,1
S1,124,2.48,0,0.3480000000000002,0.28165127606641316,0.20343661044887446,0.011719329290645059,1,1
S1,125,2.5,0,0.3500000000000002,0.2836512760664131,0.2036772442742249,0.010078210575965937,1,1
S1,126,2.52,0,0.3520000000000002,0.28565127606641316,0.20388449428008928,0.008472118844626475,1,1
S1,127,2.54,0,0.3540000000000002,0.28765127606641316,0.2040590331571166,0.0069024994707769394,1,1
S1,128,2.56,0,0.3560000000000002,0.2896512760664132,0.20420156538980155,0.0053707650059076645,1,1
S1,129,2.58,0,0.3580000000000002,0.29165127606641317,0.20431282672229847,0.003878293907648058,1,1
S1,130,2.6,1,0.3600000000000002,0.28298198829339727,0.20439358358407494,0.0024264292992477775,1,1
S1,131,2.62,0,0.3620000000000002,0.2849819882933972,0.20444463247549194,0.0010164777608564616,1,1
S1,132,2.64,0,0.3640000000000002,0.2869819882933972,0.20446679931349493,-0.0003502918463102109,1,1
S1,133,2.66,0,0.3660000000000002,0.2889819882933972,0.20446093873769827,-0.0016726495218599715,1,1
S1,134,2.68,0,0.3680000000000002,0.2909819882933972,0.20442793337724585,-0.0029494052331412906,1,1
S1,135,2.7,0,0.3700000000000002,0.2929819882933972,0.2043686930789316,-0.00417940998619244,1,1
S1,136,2.72,0,0.3720000000000002,0.2949819882933972,0.2042841540971645,-0.005361556859758502,1,1
S1,137,2.74,0,0.3740000000000002,0.2969819882933973,0.20417527824646423,-0.006494782001445791,1,1
S1,138,2.7600000000000002,0,0.3760000000000002,0.2989819882933972,0.20404305201727424,-0.0075780655851171875,1,1
S1,139,2.7800000000000002,0,0.3780000000000002,0.30098198829339723,0.2038884856559794,-0.008610432728666836,1,1
S1,140,2.8000000000000003,1,0.3800000000000002,0.29325883869141467,0.20371261221011353,-0.009590954371348236,1,1
S1,141,2.82,0,0.38200000000000023,0.2952588386914147,0.2035164865398399,-0.010518748109866197,1,1
S1,142,2.84,0,0.38400000000000023,0.2972588386914147,0.20330118429688235,-0.011392978992480252,1,1
S1,143,2.86,0,0.38600000000000023,0.2992588386914147,0.20306780087217768,-0.012212860270404864,1,1
S1,144,2.88,0,0.38800000000000023,0.3012588386914147,0.20281745031360895,-0.012977654105830225,1,1
S1,145,2.9,0,0.39000000000000024,0.3032588386914147,0.20255126421526684,-0.013686672235926489,1,1
S1,146,2.92,0,0.39200000000000024,0.3052588386914146,0.20227039057976803,-0.014339276592233855,1,1
S1,147,2.94,0,0.39400000000000024,0.3072588386914147,0.20197599265523916,-0.014934879874881122,1,1
S1,148,2.96,0,0.39600000000000024,0.3092588386914147,0.20166924774864892,-0.015472946081115923,1,1
S1,149,2.98,0,0.39800000000000024,0.3112588386914147,0.2013513460172414,-0.01595299098767102,1,1
S1,150,3.0,1,0.40000000000000024,0.29733538989699837,0.20102348923988825,-0.01637458258653258,1,1
S1,151,3.02,0,0.40200000000000025,0.29933538989699837,0.20068688957023723,-0.016737341473718203,1,1
S1,152,3.04,0,0.40400000000000025,0.3013353898969984,0.200342768273589,-0.017040941190714913,1,1
S1,153,3.06,0,0.40600000000000025,0.3033353898969983,0.19999235444948282,-0.017285108518269778,1,1
S1,154,3.08,0,0.40800000000000025,0.3053353898969983,0.1996368837420141,-0.0174696237222688,1,1
S1,155,3.1,0,0.41000000000000025,0.3073353898969983,0.19927759703994374,-0.017594320751482786,1,1
S1,156,3.12,0,0.41200000000000025,0.3093353898969984,0.19891573916868935,-0.017659087387002236,1,1
S1,157,3.14,0,0.41400000000000026,0.3113353898969983,0.19855255757631232,-0.0176638653432268,1,1
S1,158,3.16,0,0.41600000000000026,0.31333538989699833,0.1981893010156325,-0.017608650320318376,1,1
S1,159,3.18,0,0.41800000000000026,0.31533538989699833,0.19782721822461274,-0.017493492008070682,1,1
S1,160,3.2,1,0.42000000000000026,0.3046130396176201,0.1974675566071598,-0.01731849404119179,1,1
S1,161,3.22,0,0.42200000000000026,0.30661303961762004,0.19711156091648654,-0.01708381390603988,1,1
S1,162,3.24,0,0.42400000000000027,0.30861303961762004,0.1967604719431702,-0.016789662798896154,1,1
S1,163,3.2600000000000002,0,0.42600000000000027,0.3106130396176201,0.19641552521002686,-0.01643630543590244,1,1
S1,164,3.2800000000000002,0,0.42800000000000027,0.31261303961762005,0.19607794967590012,-0.016024059814834523,1,1
S1,165,3.3000000000000003,0,0.43000000000000027,0.31461303961762005,0.19574896645043258,-0.01555329692892562,1,1
S1,166,3.3200000000000003,0,0.4320000000000003,0.3166130396176201,0.1954297875218556,-0.01502444043299751,1,1
S1,167,3.34,0,0.4340000000000003,0.31861303961762005,0.19512161449979054,-0.014437966262199783,1,1
S1,168,3.36,0,0.4360000000000003,0.32061303961762005,0.1948256373750081,-0.013794402203700339,1,1
S1,169,3.38,0,0.4380000000000003,0.32261303961762006,0.19454303329804085,-0.013094327421712558,1,1
S1,170,3.4,1,0.4400000000000003,0.31335851490777117,0.1942749653784842,-0.012338371936286598,1,1
S1,171,3.42,0,0.4420000000000003,0.31535851490777117,0.1940225815067596,-0.011527216056333877,1,1
S1,172,3.44,0,0.4440000000000003,0.3173585149077712,0.19378701320004355,-0.010661589767394973,1,1
S1,173,3.46,0,0.4460000000000003,0.3193585149077713,0.19356937447399464,-0.009742272074701911,1,1
S1,174,3.48,0,0.4480000000000003,0.32135851490777123,0.1933707607418323,-0.00877009030212603,1,1
S1,175,3.5,0,0.4500000000000003,0.32335851490777123,0.19319224774223995,-0.0077459193476423485,1,1
S1,176,3.52,0,0.4520000000000003,0.3253585149077712,0.1930348904974802,-0.006670680895980437,1,1
S1,177,3.54,0,0.4540000000000003,0.32735851490777124,0.19289972230302094,-0.005545342589170372,1,1
S1,178,3.56,0,0.4560000000000003,0.32935851490777124,0.19278775374988008,-0.004370917155730226,1,1
S1,179,3.58,0,0.4580000000000003,0.33135851490777124,0.19269997178080298,-0.0031484614992787555,1,1
S1,180,3.6,1,0.4600000000000003,0.3160052852861981,0.1926373387812896,-0.0018790757473934876,1,1
S1,181,3.62,0,0.4620000000000003,0.3180052852861981,0.192600791706392,-0.0005639022615701497,1,1
S1,182,3.64,0,0.4640000000000003,0.32000528528619804,0.192591241244102,0.0007958753908255645,1,1
S1,183,3.66,0,0.4660000000000003,0.32200528528619804,0.19260957101605078,0.002199033501688737,1,1
S1,184,3.68,0,0.4680000000000003,0.32400528528619804,0.19265663681613915,0.00364430932342992,1,1
S1,185,3.7,0,0.4700000000000003,0.32600528528619804,0.1927332658876192,0.00513040220536274,1,1
S1,186,3.72,0,0.4720000000000003,0.32800528528619805,0.19284025623904588,0.006655974764201717,1,1
S1,187,3.74,0,0.4740000000000003,0.3300052852861981,0.1929783759994183,0.008219654087616953,1,1
S1,188,3.7600000000000002,0,0.4760000000000003,0.332005285286198,0.19314836281273212,0.009820032969762565,1,1
S1,189,3.7800000000000002,0,0.4780000000000003,0.334005285286198,0.1933509232720676,0.011455671177666955,1,1
S1,190,3.8000000000000003,1,0.4800000000000003,0.32171401192700144,0.1935867323932429,0.013125096747345275,1,1
S1,191,3.8200000000000003,0,0.4820000000000003,0.32371401192700144,0.19385643312796993,0.014826807308467659,1,1
S1,192,3.84,0,0.4840000000000003,0.3257140119270015,0.19416063591635993,0.016559271436391115,1,1
S1,193,3.86,0,0.4860000000000003,0.3277140119270015,0.19449991827853919,0.01832093003033833,1,1
S1,194,3.88,0,0.4880000000000003,0.32971401192700145,0.19487482444505225,0.020110197716483147,1,1
S1,195,3.9,0,0.4900000000000003,0.33171401192700145,0.19528586502564954,0.021925464274679972,1,1
S1,196,3.92,0,0.4920000000000003,0.33371401192700145,0.19573351671598116,0.02376509608755325,1,1
S1,197,3.94,0,0.4940000000000003,0.33571401192700145,0.19621822204164632,0.025627437610642814,1,1
S1,198,3.96,0,0.49600000000000033,0.33771401192700157,0.19674038913898176,0.02751081286228217,1,1
S1,199,3.98,0,0.49800000000000033,0.33971401192700146,0.19730039157190893,0.029413526931868852,1,1
S1,200,4.0,1,0.5000000000000003,0.3281819039296164,0.19789856818410326,0.03133386750516958,1,1
S1,201,4.0200000000000005,0,0.5020000000000003,0.3301819039296164,0.19853522298569573,0.03327010640528749,1,1
S1,202,4.04,0,0.5040000000000003,0.33218190392961644,0.1992106250736704,0.035220501147904676,1,1
S1,203,4.0600000000000005,0,0.5060000000000003,0.3341819039296164,0.19992500858507886,0.03718329650940048,1,1
S1,204,4.08,0,0.5080000000000003,0.33618190392961633,0.2006785726821573,0.03915672610643426,1,1
S1,205,4.1,0,0.5100000000000003,0.3381819039296164,0.20147148156840006,0.041139013985571196,1,1
S1,206,4.12,0,0.5120000000000003,0.34018190392961634,0.2023038645346187,0.04312837622152048,1,1
S1,207,4.14,0,0.5140000000000003,0.34218190392961634,0.20317581603399587,0.045123022522547684,1,1
S1,208,4.16,0,0.5160000000000003,0.3441819039296164,0.20408739578512855,0.04712115784161647,1,1
S1,209,4.18,0,0.5180000000000003,0.34618190392961645,0.20503862890204747,0.04912098399180975,1,1
S1,210,4.2,1,0.5200000000000004,0.33407572517803835,0.2060295060501951,0.05112070126457658,1,1
S1,211,4.22,0,0.5220000000000004,0.3360757251780383,0.20705998362734737,0.05311851004934833,1,1
S1,212,4.24,0,0.5240000000000004,0.3380757251780383,0.20812998396847146,0.055112612453066756,1,1
S1,213,4.26,0,0.5260000000000004,0.34007572517803825,0.20923939557352378,0.05710121391816639,1,1
S1,214,4.28,0,0.5280000000000004,0.3420757251780383,0.21038807335720994,0.0590825248375552,1,1
S1,215,4.3,0,0.5300000000000004,0.3440757251780383,0.21157583891975001,0.061054762165140226,1,1
S1,216,4.32,0,0.5320000000000004,0.3460757251780383,0.2128024808377188,0.06301615102044866,1,1
S1,217,4.34,0,0.5340000000000004,0.34807572517803825,0.21406775497406105,0.0649649262859005,1,1
S1,218,4.36,0,0.5360000000000004,0.35007572517803826,0.21537138480641632,0.06689933419529523,1,1
S1,219,4.38,0,0.5380000000000004,0.3520757251780382,0.21671306177292576,0.06881763391208301,1,1
S1,220,4.4,1,0.5400000000000004,0.3426083311592528,0.21809244563473487,0.07071809909600008,1,1
S1,221,4.42,0,0.5420000000000004,0.3446083311592528,0.21950916485445068,0.07259901945665845,1,1
S1,222,4.44,0,0.5440000000000004,0.3466083311592528,0.22096281698985848,0.07445870229269184,1,1
S1,223,4.46,0,0.5460000000000004,0.3486083311592528,0.22245296910225337,0.07629547401507268,1,1
S1,224,4.48,0,0.5480000000000004,0.35060833115925283,0.22397915817879288,0.07810768165322918,1,1
S1,225,4.5,0,0.5500000000000004,0.35260833115925283,0.22554089156833027,0.07989369434260733,1,1
S1,226,4.5200000000000005,0,0.5520000000000004,0.35460833115925283,0.22713764743024256,0.08165190479233896,1,1
S1,227,4.54,0,0.5540000000000004,0.35660833115925283,0.22876887519582242,0.08338073073169493,1,1
S1,228,4.5600000000000005,0,0.5560000000000004,0.35860833115925284,0.2304339960418591,0.08507861633402207,1,1
S1,229,4.58,0,0.5580000000000004,0.36060833115925284,0.23213240337608929,0.08674403361688214,1,1
S1,230,4.6000000000000005,1,0.5600000000000004,0.33746441773448216,0.2338634633342551,0.08837548381713285,1,1
S1,231,4.62,0,0.5620000000000004,0.3394644177344822,0.23562651528856038,0.08997149873971357,1,1
S1,232,4.64,0,0.5640000000000004,0.3414644177344822,0.23742087236737205,0.09153064207892174,1,1
S1,233,4.66,0,0.5660000000000004,0.3434644177344822,0.23924582198606462,0.0930515107109911,1,1
S1,234,4.68,0,0.5680000000000004,0.3454644177344822,0.24110062638895813,0.09453273595680835,1,1
S1,235,4.7,0,0.5700000000000004,0.3474644177344822,0.24298452320234826,0.09597298481363194,1,1
S1,236,4.72,0,0.5720000000000004,0.34946441773448217,0.24489672599867404,0.09737096115470462,1,1
S1,237,4.74,0,0.5740000000000004,0.3514644177344822,0.24683642487191276,0.09872540689567999,1,1
S1,238,4.76,0,0.5760000000000004,0.35346441773448223,0.24880278702433212,0.10003510312681352,1,1
S1,239,4.78,0,0.5780000000000004,0.35546441773448223,0.2507949573647681,0.10129887120989903,1,1
S1,240,4.8,1,0.5800000000000004,0.33537549787432075,0.25281205911863025,0.10251557383896354,1,1
S1,241,4.82,0,0.5820000000000004,0.33737549787432075,0.254853194449867,0.10368411606376585,1,1
S1,242,4.84,0,0.5840000000000004,0.3393754978743208,0.2569174450951493,0.10480344627517786,1,1
S1,243,4.86,0,0.5860000000000004,0.34137549787432075,0.2590038730105536,0.10587255715156184,1,1
S1,244,4.88,0,0.5880000000000004,0.34337549787432076,0.2611115210310419,0.10689048656529186,1,1
S1,245,4.9,0,0.5900000000000004,0.34537549787432076,0.2632394135430504,0.10785631844860374,1,1
S1,246,4.92,0,0.5920000000000004,0.34737549787432076,0.26538655717050585,0.10876918361799419,1,1
S1,247,4.94,0,0.5940000000000004,0.34937549787432076,0.2675519414745926,0.1096282605564273,1,1
S1,248,4.96,0,0.5960000000000004,0.3513754978743208,0.26973453966759237,0.11043277615264445,1,1
S1,249,4.98,0,0.5980000000000004,0.35337549787432077,0.2719333093411105,0.11118200639691221,1,1
S1,250,5.0,1,0.6000000000000004,0.3236736996985898,0.27414719320899406,0.11187527703258227,1,1
S1,251,5.0200000000000005,0,0.6020000000000004,0.3256736996985898,0.2763751198652279,0.11251196416287687,1,1
S1,252,5.04,0,0.6040000000000004,0.3276736996985898,0.27861600455707547,0.11309149481235387,1,1
S1,253,5.0600000000000005,0,0.6060000000000004,0.32967369969858984,0.2808687499737045,0.11361334744254585,1,1
S1,254,5.08,0,0.6080000000000004,0.33167369969858973,0.2831322470505058,0.11407705242130965,1,1
S1,255,5.1000000000000005,0,0.6100000000000004,0.33367369969858973,0.28540537578927977,0.11448219244546354,1,1
S1,256,5.12,0,0.6120000000000004,0.3356736996985898,0.2876870060944225,0.1148284029163319,1,1
S1,257,5.14,0,0.6140000000000004,0.3376736996985898,0.28997599862520157,0.11511537226785945,1,1
S1,258,5.16,0,0.6160000000000004,0.33967369969858974,0.29227120566416037,0.11534284224699969,1,1
S1,259,5.18,0,0.6180000000000004,0.34167369969858974,0.294571472001638,0.11551060814612513,1,1
S1,260,5.2,1,0.6200000000000004,0.3211487949455626,0.29687563583633647,0.11561851898725042,1,1
S1,261,5.22,0,0.6220000000000004,0.3231487949455626,0.2991825296918043,0.11566647765790233,1,1
S1,262,5.24,0,0.6240000000000004,0.3251487949455626,0.30149098134864516,0.11565444099851437,1,1
S1,263,5.26,0,0.6260000000000004,0.3271487949455626,0.3037998147921919,0.11558241984126753,1,1
S1,264,5.28,0,0.6280000000000004,0.3291487949455626,0.30610785117531897,0.11545047900034207,1,1
S1,265,5.3,0,0.6300000000000004,0.33114879494556265,0.30841390979599403,0.11525873721358908,1,1
S1,266,5.32,0,0.6320000000000005,0.3331487949455626,0.3107168090890979,0.11500736703567445,1,1
S1,267,5.34,0,0.6340000000000005,0.3351487949455626,0.3130153676319659,0.11469659468279132,1,1
S1,268,5.36,0,0.6360000000000005,0.33714879494556255,0.3153084051630298,0.1143266998290808,1,1
S1,269,5.38,0,0.6380000000000005,0.33914879494556255,0.3175947436128606,0.11389801535494404,1,1
S1,270,5.4,1,0.6400000000000005,0.3283813445812036,0.31987320814683756,0.11341092704747245,1,1
S1,271,5.42,0,0.6420000000000005,0.3303813445812036,0.322142628218591,0.11286587325326529,1,1
S1,272,5.44,0,0.6440000000000005,0.3323813445812036,0.32440183863328903,0.1122633444839473,1,1
S1,273,5.46,0,0.6460000000000005,0.33438134458120367,0.326649680619763,0.11160388297474141,1,1
S1,274,5.48,0,0.6480000000000005,0.33638134458120367,0.32888500291039247,0.11088808219649358,1,1
S1,275,5.5,0,0.6500000000000005,0.3383813445812036,0.3311066628275948,0.11011658632158915,1,1
S1,276,5.5200000000000005,0,0.6520000000000005,0.3403813445812036,0.3333135273756965,0.1092900896442411,1,1
S1,277,5.54,0,0.6540000000000005,0.34238134458120356,0.33550447433689023,0.10840933595567219,1,1
S1,278,5.5600000000000005,0,0.6560000000000005,0.3443813445812036,0.33767839336992,0.10747511787475306,1,1
S1,279,5.58,0,0.6580000000000005,0.3463813445812036,0.3398341871100681,0.10648827613469869,1,1
S1,280,5.6000000000000005,1,0.6600000000000005,0.3337774629738857,0.3419707722689627,0.10544969882646532,1,1
S1,281,5.62,0,0.6620000000000005,0.3357774629738857,0.3440870807326657,0.10436032059952849,1,1
S1,282,5.64,0,0.6640000000000005,0.3377774629738857,0.34618206065644846,0.10322112182076162,1,1
S1,283,5.66,0,0.6660000000000005,0.3397774629738857,0.34825467755461764,0.102033127692172,1,1
S1,284,5.68,0,0.6680000000000005,0.3417774629738858,0.3503039153837072,0.10079740732828815,1,1
S1,285,5.7,0,0.6700000000000005,0.34377746297388573,0.3523287776173174,0.09951507279402895,1,1
S1,286,5.72,0,0.6720000000000005,0.34577746297388573,0.354328288310847,0.09818727810392025,1,1
S1,287,5.74,0,0.6740000000000005,0.34777746297388573,0.3563014931543376,0.09681521818355969,1,1
S1,288,5.76,0,0.6760000000000005,0.34977746297388573,0.3582474605116287,0.09540012779426432,1,1
S1,289,5.78,0,0.6780000000000005,0.3517774629738857,0.36016528244400364,0.09394328042186878,1,1
S1,290,5.8,1,0.6800000000000005,0.3427349831475426,0.3620540757164994,0.09244598713067398,1,1
S1,291,5.82,0,0.6820000000000005,0.3447349831475426,0.3639129827850464,0.09090959538357773,1,1
S1,292,5.84,0,0.6840000000000005,0.34673498314754253,0.36574117276260937,0.08933548782944908,1,1
S1,293,5.86,0,0.6860000000000005,0.3487349831475426,0.36753784236250625,0.08772508105883768,1,1
S1,294,5.88,0,0.6880000000000005,0.3507349831475426,0.3693022168171,0.08607982432913788,1,1
S1,295,5.9,0,0.6900000000000005,0.3527349831475426,0.37103355077007577,0.08440119826035491,1,1
S1,296,5.92,0,0.6920000000000005,0.3547349831475426,0.37273112914054646,0.08269071350264683,1,1
S1,297,5.94,0,0.6940000000000005,0.3567349831475426,0.3743942679572614,0.0809499093768413,1,1
S1,298,5.96,0,0.6960000000000005,0.35873498314754254,0.37602231516123374,0.07918035248915078,1,1
S1,299,5.98,0,0.6980000000000005,0.36073498314754254,0.37761465137514794,0.07738363532133272,1,1
S1,300,6.0,1,0.7000000000000005,0.3354609871143584,0.37917069063795994,0.07556137479756336,1,1
S1,301,6.0200000000000005,0,0.7020000000000005,0.33746098711435835,0.3806898811031618,0.07371521082931522,1,1
S1,302,6.04,0,0.7040000000000005,0.33946098711435835,0.3821717056992446,0.07184680483954736,1,1
S1,303,6.0600000000000005,0,0.7060000000000005,0.34146098711435835,0.3836156827509629,0.06995783826753699,1,1
S1,304,6.08,0,0.7080000000000005,0.34346098711435835,0.3850213665600783,0.06805001105569747,1,1
S1,305,6.1000000000000005,0,0.7100000000000005,0.34546098711435835,0.3863883479443371,0.06612504011974499,1,1
S1,306,6.12,0,0.7120000000000005,0.34746098711435836,0.3877162547335229,0.06418465780359027,1,1
S1,307,6.140000000000001,0,0.7140000000000005,0.3494609871143584,0.3890047522215112,0.06223061032034598,1,1
S1,308,6.16,0,0.7160000000000005,0.35146098711435836,0.3902535435733449,0.06026465618085278,1,1
S1,309,6.18,0,0.7180000000000005,0.35346098711435836,0.39146237018644686,0.058288564611138294,1,1
S1,310,6.2,1,0.7200000000000005,0.33299687903694347,0.3926310120051829,0.05630411396023309,1,1
S1,311,6.22,0,0.7220000000000005,0.3349968790369435,0.3937592877880919,0.05431309009977658,1,1
S1,312,6.24,0,0.7240000000000005,0.3369968790369435,0.39484705532720266,0.052317284816853084,1,1
S1,313,6.26,0,0.7260000000000005,0.3389968790369435,0.3958942116189662,0.05031849420150443,1,1
S1,314,6.28,0,0.7280000000000005,0.3409968790369435,0.39690069298643815,0.048318517030370114,1,1
S1,315,6.3,0,0.7300000000000005,0.3429968790369434,0.39786647515245693,0.04631915314790974,1,1
S1,316,6.32,0,0.7320000000000005,0.3449968790369435,0.39879157326367476,0.04432220184666452,1,1
S1,317,6.34,0,0.7340000000000005,0.34699687903694343,0.399676041865409,0.0423294602480154,1,1
S1,318,6.36,0,0.7360000000000005,0.34899687903694343,0.4005199748273922,0.04034272168489514,1,1
S1,319,6.38,0,0.7380000000000005,0.35099687903694343,0.4013235052206116,0.03836377408790972,1,1
S1,320,6.4,1,0.7400000000000005,0.33152921621243875,0.4020868051455386,0.03639439837632146,1,1
S1,321,6.42,0,0.7420000000000005,0.33352921621243875,0.40281008551215636,0.03443636685534193,1,1
S1,322,6.44,0,0.7440000000000005,0.33552921621243875,0.4034935957723041,0.03249144162117685,1,1
S1,323,6.46,0,0.7460000000000006,0.33752921621243875,0.4041376236049583,0.030561372975258447,1,1
S1,324,6.48,0,0.7480000000000006,0.33952921621243876,0.40474249455517786,0.028647897849092326,1,1
S1,325,6.5,0,0.7500000000000006,0.3415292162124388,0.40530857162753714,0.026752738241136338,1,1
S1,326,6.5200000000000005,0,0.7520000000000006,0.34352921621243876,0.4058362548349697,0.024877599667118208,1,1
S1,327,6.54,0,0.7540000000000006,0.34552921621243876,0.40632598070403864,0.0230241696251865,1,1
S1,328,6.5600000000000005,0,0.7560000000000006,0.3475292162124388,0.4067782217377384,0.021194116077276174,1,1
S1,329,6.58,0,0.7580000000000006,0.3495292162124388,0.4071934858370187,0.01938908594805544,1,1
S1,330,6.6000000000000005,1,0.7600000000000006,0.3316350226163789,0.40757231568230157,0.017610703642804718,1,1
S1,331,6.62,0,0.7620000000000006,0.3336350226163789,0.4079152880763392,0.015860569585561528,1,1
S1,332,6.640000000000001,0,0.7640000000000006,0.3356350226163789,0.4082230132498299,0.014140258778846887,1,1
S1,333,6.66,0,0.7660000000000006,0.3376350226163789,0.40849613413127633,0.012451319386269342,1,1
S1,334,6.68,0,0.7680000000000006,0.33963502261637896,0.40873532558262893,0.010795271339282222,1,1
S1,335,6.7,0,0.7700000000000006,0.3416350226163789,0.40894129360231285,0.009173604969347927,1,1
S1,336,6.72,0,0.7720000000000006,0.3436350226163789,0.4091147744972841,0.007587779666740202,1,1
S1,337,6.74,0,0.7740000000000006,0.3456350226163789,0.4092565340258034,0.006039222567191397,1,1
S1,338,6.76,0,0.7760000000000006,0.3476350226163789,0.4093673665126524,0.004529327267566635,1,1
S1,339,6.78,0,0.7780000000000006,0.3496350226163789,0.4094480939385465,0.0030594525717207075,1,1
S1,340,6.8,1,0.7800000000000006,0.3244126340155645,0.4094995650055235,0.0016309212676663069,1,1
S1,341,6.82,0,0.7820000000000006,0.3264126340155645,0.4095226541801021,0.0002450189371541148,1,1
S1,342,6.84,0,0.7840000000000006,0.3284126340155645,0.4095182607160186,-0.0010970072012640114,1,1
S1,343,6.86,0,0.7860000000000006,0.3304126340155644,0.40948730765835245,-0.0023939494146475422,1,1
S1,344,6.88,0,0.7880000000000006,0.3324126340155645,0.4094307408308507,-0.003644640542545403,1,1
S1,345,6.9,0,0.7900000000000006,0.33441263401556454,0.40934952780825506,-0.004847955047361607,1,1
S1,346,6.92,0,0.7920000000000006,0.33641263401556454,0.4092446568754202,-0.006002810027263112,1,1
S1,347,6.94,0,0.7940000000000006,0.3384126340155645,0.40911713597499294,-0.007108166190718376,1,1
S1,348,6.96,0,0.7960000000000006,0.34041263401556454,0.40896799164539843,-0.008163028791789595,1,1
S1,349,6.98,0,0.7980000000000006,0.3424126340155645,0.40879826795084717,-0.009166448525336894,1,1
S1,350,7.0,1,0.8000000000000006,0.328832276410977,0.4086090254050418,-0.01011752238132888,1,1
S1,351,7.0200000000000005,0,0.8020000000000006,0.330832276410977,0.4084013398902222,-0.01101539445749072,1,1
S1,352,7.04,0,0.8040000000000006,0.332832276410977,0.40817630157314144,-0.011859256729558416,1,1
S1,353,7.0600000000000005,0,0.8060000000000006,0.3348322764109769,0.407935013819515,-0.012648349778446099,1,1
S1,354,7.08,0,0.8080000000000006,0.3368322764109769,0.40767859210843244,-0.013381963473671956,1,1
S1,355,7.1000000000000005,0,0.8100000000000006,0.3388322764109769,0.40740816294816184,-0.014059437612427719,1,1
S1,356,7.12,0,0.8120000000000006,0.340832276410977,0.4071248627947163,-0.014680162513716644,1,1
S1,357,7.140000000000001,0,0.8140000000000006,0.342832276410977,0.40682983697448716,-0.015243579567025245,1,1
S1,358,7.16,0,0.8160000000000006,0.34483227641097697,0.4065242386121809,-0.01574918173503505,1,1
S1,359,7.18,0,0.8180000000000006,0.34683227641097697,0.4062092275652273,-0.01619651400992198,1,1
S1,360,7.2,1,0.8200000000000006,0.3357518460856585,0.4058859693657541,-0.01658517382283265,1,1
S1,361,7.22,0,0.8220000000000006,0.3377518460856585,0.40555563417114976,-0.016914811406169197,1,1
S1,362,7.24,0,0.8240000000000006,0.3397518460856585,0.40521939572416193,-0.017185130108356487,1,1
S1,363,7.26,0,0.8260000000000006,0.3417518460856585,0.4048784303234026,-0.01739588666080852,1,1
S1,364,7.28,0,0.8280000000000006,0.34375184608565856,0.4045339158050554,-0.01754689139685372,1,1
S1,365,7.3,0,0.8300000000000006,0.3457518460856585,0.4041870305365038,-0.017638008422422167,1,1
S1,366,7.32,0,0.8320000000000006,0.34775184608565857,0.40383895242252343,-0.01766915573834106,1,1
S1,367,7.34,0,0.8340000000000006,0.3497518460856585,0.4034908579246069,-0.017640305314128458,1,1
S1,368,7.36,0,0.8360000000000006,0.3517518460856585,0.4031439210939143,-0.017551483113218806,1,1
S1,369,7.38,0,0.8380000000000006,0.3537518460856585,0.40279931261827057,-0.0174027690695976,1,1
S1,370,7.4,1,0.8400000000000006,0.3386029919396986,0.40245819888356116,-0.01719429701586621,1,1
S1,371,7.42,0,0.8420000000000006,0.3406029919396986,0.40212174104980636,-0.016926254562801543,1,1
S1,372,7.44,0,0.8440000000000006,0.3426029919396986,0.4017910941421306,-0.01659888293051904,1,1
S1,373,7.46,0,0.8460000000000006,0.3446029919396986,0.4014674061567791,-0.016212476731390833,1,1
S1,374,7.48,0,0.8480000000000006,0.3466029919396986,0.40115181718227333,-0.0157673837049145,1,1
S1,375,7.5,0,0.8500000000000006,0.34860299193969857,0.40084545853574116,-0.015264004404770992,1,1
S1,376,7.5200000000000005,0,0.8520000000000006,0.35060299193969857,0.40054945191440344,-0.014702791838353355,1,1
S1,377,7.54,0,0.8540000000000006,0.3526029919396986,0.40026490856215025,-0.014084251059090655,1,1
S1,378,7.5600000000000005,0,0.8560000000000006,0.3546029919396986,0.39999292845109413,-0.013408938711933974,1,1
S1,379,7.58,0,0.8580000000000007,0.3566029919396986,0.39973459947794804,-0.01267746253241354,1,1
S1,380,7.6000000000000005,1,0.8600000000000007,0.34083030650158663,0.39949099667503857,-0.01189048079971776,1,1
S1,381,7.62,0,0.8620000000000007,0.34283030650158663,0.3992631814357332,-0.011048701744286385,1,1
S1,382,7.640000000000001,0,0.8640000000000007,0.34483030650158664,0.39905220075403464,-0.010152882910450927,1,1
S1,383,7.66,0,0.8660000000000007,0.34683030650158664,0.39885908647807217,-0.009203830474695873,1,1
S1,384,7.68,0,0.8680000000000007,0.3488303065015867,0.39868485457720293,-0.00820239852015429,1,1
S1,385,7.7,0,0.8700000000000007,0.35083030650158664,0.3985305044224249,-0.007149488267990637,1,1
S1,386,7.72,0,0.8720000000000007,0.3528303065015866,0.3983970180797944,-0.006046047266362548,1,1
S1,387,7.74,0,0.8740000000000007,0.35483030650158665,0.39828535961654105,-0.004893068537691458,1,1
S1,388,7.76,0,0.8760000000000007,0.35683030650158665,0.3981964744195731,-0.003691589685009441,1,1
S1,389,7.78,0,0.8780000000000007,0.35883030650158665,0.3981312885260763,-0.0024426919581865183,1,1
S1,390,7.8,1,0.8800000000000007,0.3414492434925285,0.3980907079659185,-0.0011474992808787664,1,1
S1,391,7.82,0,0.8820000000000007,0.3434492434925285,0.3980756181155931,0.00019282276092712366,1,1
S1,392,7.84,0,0.8840000000000007,0.3454492434925284,0.39808688306345136,0.0015770679678625476,1,1
S1,393,7.86,0,0.8860000000000007,0.3474492434925285,0.39812534498600266,0.003003990612675012,1,1
S1,394,7.88,0,0.8880000000000007,0.3494492434925285,0.39819182353508953,0.004472306561298578,1,1
S1,395,7.9,0,0.8900000000000007,0.35144924349252843,0.3982871152357784,0.005980694428487834,1,1
S1,396,7.92,0,0.8920000000000007,0.35344924349252843,0.39841199289484436,0.007527796766975436,1,1
S1,397,7.94,0,0.8940000000000007,0.35544924349252843,0.39856720501976817,0.009112221289083023,1,1
S1,398,7.96,0,0.8960000000000007,0.35744924349252843,0.3987534752482079,0.010732542119686144,1,1
S1,399,7.98,0,0.8980000000000007,0.3594492434925285,0.3989715017879542,0.01238730107940563,1,1
S1,400,8.0,1,0.9000000000000007,0.3421314239300549,0.3992219568674254,0.014075008996870614,1,1
S1,401,8.02,0,0.9020000000000007,0.3441314239300549,0.39950548619681225,0.015794147048872244,1,1
S1,402,8.040000000000001,0,0.9040000000000007,0.3461314239300549,0.3998227084400326,0.017543168127202056,1,1
S1,403,8.06,0,0.9060000000000007,0.3481314239300549,0.4001742146977112,0.019320498230944932,1,1
S1,404,8.08,0,0.9080000000000007,0.3501314239300549,0.4005605680014564,0.02112453788297369,1,1
S1,405,8.1,0,0.9100000000000007,0.3521314239300549,0.4009823028197588,0.022953663569370526,1,1
S1,406,8.120000000000001,0,0.9120000000000007,0.3541314239300549,0.4014399245758962,0.02480622920047996,1,1
S1,407,8.14,0,0.9140000000000007,0.3561314239300549,0.40193390917828403,0.026680567592278426,1,1
S1,408,8.16,0,0.9160000000000007,0.3581314239300548,0.4024647025637648,0.028574991966727352,1,1
S1,409,8.18,0,0.9180000000000007,0.3601314239300549,0.40303272025438946,0.030487797469759537,1,1
S1,410,8.2,1,0.9200000000000007,0.3494504888656141,0.4036383469282922,0.03241726270553276,1,1
S1,411,8.22,0,0.9220000000000007,0.3514504888656141,0.4042819360053172,0.03436165128556981,1,1
S1,412,8.24,0,0.9240000000000007,0.3534504888656141,0.40496380924810266,0.03631921339139095,1,1
S1,413,8.26,0,0.9260000000000007,0.3554504888656141,0.4056842563793783,0.03828818734923242,1,1
S1,414,8.28,0,0.9280000000000007,0.35745048886561404,0.4064435347162764,0.040266801215433926,1,1
S1,415,8.3,0,0.9300000000000007,0.35945048886561404,0.4072418688224994,0.0422532743710683,1,1
S1,416,8.32,0,0.9320000000000007,0.36145048886561404,0.40807945017922725,0.0442458191243784,1,1
S1,417,8.34,0,0.9340000000000007,0.36345048886561404,0.4089564368756818,0.046242642319578975,1,1
S1,418,8.36,0,0.9360000000000007,0.3654504888656141,0.40987295332029905,0.04824194695057587,1,1
S1,419,8.38,0,0.9380000000000007,0.36745048886561404,0.41082908997348655,0.0502419337781502,1,1
S1,420,8.4,1,0.9400000000000007,0.34494116863498026,0.41182490310296743,0.05224080294915221,1,1
S1,421,8.42,0,0.9420000000000007,0.34694116863498026,0.4128604145627304,0.05423675561624762,1,1
S1,422,8.44,0,0.9440000000000007,0.3489411686349803,0.41393561159661957,0.05622799555675881,1,1
S1,423,8.46,0,0.9460000000000007,0.3509411686349803,0.41505044666760665,0.05821273078914398,1,1
S1,424,8.48,0,0.9480000000000007,0.3529411686349804,0.4162048373137912,0.06018917518565959,1,1
S1,425,8.5,0,0.9500000000000007,0.35494116863498026,0.4173986660321739,0.062155550079754776,1,1
S1,426,8.52,0,0.9520000000000007,0.35694116863498027,0.41863178019123987,0.06411008586675117,1,1
S1,427,8.540000000000001,0,0.9540000000000007,0.35894116863498027,0.41990399197337674,0.06605102359636769,1,1
S1,428,8.56,0,0.9560000000000007,0.36094116863498027,0.42121507834813454,0.06797661655565704,1,1
S1,429,8.58,0,0.9580000000000007,0.3629411686349803,0.42256478107730955,0.0698851318409295,1,1
S1,430,8.6,1,0.9600000000000007,0.341402982160332,0.42395280675280683,0.07177485191724922,1,1
S1,431,8.620000000000001,0,0.9620000000000007,0.34340298216033194,0.4253788268681989,0.0736440761640998,1,1
S1,432,8.64,0,0.9640000000000007,0.34540298216033194,0.42684247792486024,0.07549112240582793,1,1
S1,433,8.66,0,0.9660000000000007,0.347402982160332,0.42834336157350916,0.07731432842548794,1,1
S1,434,8.68,0,0.9680000000000007,0.34940298216033205,0.42988104479193967,0.07911205346072483,1,1
S1,435,8.700000000000001,0,0.9700000000000008,0.35140298216033194,0.4314550600996676,0.08088267968034972,1,1
S1,436,8.72,0,0.9720000000000008,0.35340298216033195,0.4330649058101563,0.08262461364027861,1,1
S1,437,8.74,0,0.9740000000000008,0.35540298216033195,0.43471004632121935,0.08433628771752458,1,1
S1,438,8.76,0,0.9760000000000008,0.357402982160332,0.43638991244412845,0.08601616152095264,1,1
S1,439,8.78,0,0.9780000000000008,0.35940298216033206,0.4381039017718785,0.08766272327752778,1,1
S1,440,8.8,1,0.9800000000000008,0.34001055610151154,0.43985137908698463,0.08927449119280868,1,1
S1,441,8.82,0,0.9820000000000008,0.34201055610151154,0.4416316768091008,0.09085001478446265,1,1
S1,442,8.84,0,0.9840000000000008,0.3440105561015115,0.4434440954826662,0.09238787618760186,1,1
S1,443,8.86,0,0.9860000000000008,0.34601055610151155,0.4452879043046934,0.09388669143076601,1,1
S1,444,8.88,0,0.9880000000000008,0.34801055610151155,0.4471623416927219,0.09534511168140325,1,1
S1,445,8.9,0,0.9900000000000008,0.35001055610151155,0.44906661589286545,0.09676182445972842,1,1
S1,446,8.92,0,0.9920000000000008,0.35201055610151155,0.4509999056277846,0.09813555481986627,1,1
S1,447,8.94,0,0.9940000000000008,0.35401055610151155,0.452961360784317,0.09946506649721669,1,1
S1,448,8.96,0,0.9960000000000008,0.3560105561015115,0.4549501031403997,0.10074916302100942,1,1
S1,449,8.98,0,0.9980000000000008,0.3580105561015115,0.4569652271308153,0.10198668879104696,1,1
S1,450,9.0,1,1.0000000000000007,0.3469385326164822,0.4590058006511931,0.10317653011766674,1,1
S1,451,9.02,0,1.0020000000000007,0.3489385326164822,0.4610708658995965,0.1043176162239867,1,1
S1,452,9.040000000000001,0,1.0040000000000007,0.3509385326164822,0.4631594402549239,0.10540892020953216,1,1
S1,453,9.06,0,1.0060000000000007,0.3529385326164823,0.4652705171912538,0.10644945997437692,1,1
S1,454,9.08,0,1.0080000000000007,0.3549385326164823,0.46740306722716324,0.10743829910296696,1,1
S1,455,9.1,0,1.0100000000000007,0.3569385326164823,0.4695560389089521,0.10837454770683118,1,1
S1,456,9.120000000000001,0,1.0120000000000007,0.35893853261648223,0.47172835982661077,0.10925736322542098,1,1
S1,457,9.14,0,1.0140000000000007,0.36093853261648223,0.47391893766127485,0.11008595118435792,1,1
S1,458,9.16,0,1.0160000000000007,0.36293853261648223,0.47612666126282144,0.11085956591040694,1,1
S1,459,9.18,0,1.0180000000000007,0.36493853261648224,0.4783504017561735,0.11157751120253202,1,1
S1,460,9.200000000000001,1,1.0200000000000007,0.3408703590653255,0.48058901367479595,0.11223914095843011,1,1
S1,461,9.22,0,1.0220000000000007,0.34287035906532554,0.48284133611978786,0.11284385975597958,1,1
S1,462,9.24,0,1.0240000000000007,0.3448703590653256,0.4851061939428987,0.11339112338907992,1,1
S1,463,9.26,0,1.0260000000000007,0.3468703590653255,0.4873823989517278,0.11388043935740053,1,1
S1,464,9.28,0,1.0280000000000007,0.34887035906532554,0.48966875113529756,0.11431136730959775,1,1
S1,465,9.3,0,1.0300000000000007,0.3508703590653255,0.49196403990813437,0.11468351943960137,1,1
S1,466,9.32,0,1.0320000000000007,0.35287035906532555,0.49426704537093125,0.11499656083561391,1,1
S1,467,9.34,0,1.0340000000000007,0.35487035906532555,0.49657653958582065,0.1152502097815086,1,1
S1,468,9.36,0,1.0360000000000007,0.3568703590653255,0.49889128786424,0.11544423801035494,1,1
S1,469,9.38,0,1.0380000000000007,0.35887035906532544,0.5012100500653356,0.11557847090984348,1,1
S1,470,9.4,1,1.0400000000000007,0.3317656916781234,0.50353158190282,0.11565278767942513,1,1
S1,471,9.42,0,1.0420000000000007,0.3337656916781235,0.5058546362581704,0.11566712143902351,1,1
S1,472,9.44,0,1.0440000000000007,0.3357656916781234,0.5081779644980408,0.11562145928922246,1,1
S1,473,9.46,0,1.0460000000000007,0.3377656916781234,0.5105003177937454,0.1155158423228747,1,1
S1,474,9.48,0,1.0480000000000007,0.3397656916781234,0.512820448440668,0.11535036558812102,1,1
S1,475,9.5,0,1.0500000000000007,0.34176569167812343,0.5151371111754508,0.11512517800285335,1,1
S1,476,9.52,0,1.0520000000000007,0.3437656916781234,0.5174490644888264,0.11484048222069873,1,1
S1,477,9.540000000000001,0,1.0540000000000007,0.3457656916781234,0.5197550719319702,0.1144965344486447,1,1
S1,478,9.56,0,1.0560000000000007,0.3477656916781233,0.5220539034142707,0.11409364421647034,1,1
S1,479,9.58,0,1.0580000000000007,0.3497656916781234,0.5243443364904442,0.11363217409819032,1,1
S1,480,9.6,1,1.0600000000000007,0.32790455360809234,0.5266251576349532,0.11311253938576281,1,1
S1,481,9.620000000000001,0,1.0620000000000007,0.32990455360809234,0.5288951635017279,0.11253520771535469,1,1
S1,482,9.64,0,1.0640000000000007,0.3319045536080924,0.5311531621672353,0.11190069864650062,1,1
S1,483,9.66,0,1.0660000000000007,0.33390455360809235,0.5333979743549944,0.11120958319453449,1,1
S1,484,9.68,0,1.0680000000000007,0.33590455360809235,0.53562843463969,0.11046248331671417,1,1
S1,485,9.700000000000001,0,1.0700000000000007,0.3379045536080923,0.5378433926291036,0.10966007135250197,1,1
S1,486,9.72,0,1.0720000000000007,0.33990455360809235,0.5400417141221439,0.1088030694185045,1,1
S1,487,9.74,0,1.0740000000000007,0.34190455360809235,0.5422222822413344,0.10789224875861646,1,1
S1,488,9.76,0,1.0760000000000007,0.34390455360809236,0.5443839985381921,0.1069284290499532,1,1
S1,489,9.78,0,1.0780000000000007,0.34590455360809236,0.5465257840700097,0.10591247766519664,1,1
S1,490,9.8,1,1.0800000000000007,0.3358303983899508,0.5486465804466422,0.1048453088920184,1,1
S1,491,9.82,0,1.0820000000000007,0.33783039838995077,0.5507453508459814,0.10372788311028261,1,1
S1,492,9.84,0,1.0840000000000007,0.3398303983899508,0.5528210809969004,0.10256120592776885,1,1
S1,493,9.86,0,1.0860000000000007,0.34183039838995083,0.5548727801285346,0.10134632727519305,1,1
S1,494,9.88,0,1.0880000000000007,0.3438303983899509,0.5568994818848687,0.10008434046134065,1,1
S1,495,9.9,0,1.0900000000000007,0.3458303983899508,0.5589002452036945,0.0987763811891626,1,1
S1,496,9.92,0,1.0920000000000007,0.34783039838995083,0.5608741551591011,0.09742362653371923,1,1
S1,497,9.94,0,1.0940000000000007,0.34983039838995084,0.562820323766762,0.09602729388289226,1,1
S1,498,9.96,0,1.0960000000000008,0.35183039838995084,0.5647378907513834,0.09458863984181778,1,1
S1,499,9.98,0,1.0980000000000008,0.3538303983899508,0.5666260242757767,0.09310895910202655,1,1
S1,500,10.0,1,1.1000000000000008,0.3364032390221463,0.5684839216311223,0.09158958327630891,1,1
S1,501,10.02,0,1.1020000000000008,0.3384032390221462,0.5703108098880866,0.09003187970035322,1,1
S1,502,10.040000000000001,0,1.1040000000000008,0.3404032390221462,0.5721059465085575,0.088437250202236,1,1
S1,503,10.06,0,1.1060000000000008,0.34240323902214626,0.5738686199178573,0.0868071298408713,1,1
S1,504,10.08,0,1.1080000000000008,0.34440323902214626,0.5755981500373892,0.08514298561455452,1,1
S1,505,10.1,0,1.1100000000000008,0.34640323902214626,0.5772938887777646,0.08344631514076299,1,1
S1,506,10.120000000000001,0,1.1120000000000008,0.34840323902214626,0.5789552204925505,0.08171864530840128,1,1
S1,507,10.14,0,1.1140000000000008,0.35040323902214626,0.5805815623928643,0.07996153090370432,1,1
S1,508,10.16,0,1.1160000000000008,0.35240323902214626,0.5821723649231215,0.07817655321103467,1,1
S1,509,10.18,0,1.1180000000000008,0.35440323902214627,0.5837271120983326,0.07636531858983335,1,1
S1,510,10.200000000000001,1,1.1200000000000008,0.33314440929995376,0.5852453218034109,0.07452945702900476,1,1
S1,511,10.22,0,1.1220000000000008,0.3351444092999538,0.5867265460550329,0.07267062068003673,1,1
S1,512,10.24,0,1.1240000000000008,0.3371444092999538,0.5881703712266572,0.07079048237017561,1,1
S1,513,10.26,0,1.1260000000000008,0.3391444092999538,0.5895764182373721,0.06889073409699478,1,1
S1,514,10.28,0,1.1280000000000008,0.3411444092999538,0.5909443427053008,0.06697308550571093,1,1
S1,515,10.3,0,1.1300000000000008,0.34314440929995377,0.5922738350663447,0.06503926235061883,1,1
S1,516,10.32,0,1.1320000000000008,0.34514440929995377,0.5935646206590941,0.06309100494202889,1,1
S1,517,10.34,0,1.1340000000000008,0.34714440929995377,0.5948164597767807,0.061130066580105426,1,1
S1,518,10.36,0,1.1360000000000008,0.3491444092999538,0.5960291476871783,0.0591582119770148,1,1
S1,519,10.38,0,1.1380000000000008,0.35114440929995383,0.5972025146213958,0.05717721566880359,1,1
S1,520,10.4,1,1.1400000000000008,0.3366259432089942,0.5983364257325271,0.05518886041843596,1,1
S1,521,10.42,0,1.1420000000000008,0.33862594320899425,0.5994307810251489,0.05319493561142728,1,1
S1,522,10.44,0,1.1440000000000008,0.34062594320899425,0.6004855152566669,0.05119723564551798,1,1
S1,523,10.46,0,1.1460000000000008,0.3426259432089943,0.601500597811525,0.04919755831583667,1,1
S1,524,10.48,0,1.1480000000000008,0.34462594320899426,0.6024760325492934,0.04719770319700589,1,1
S1,525,10.5,0,1.1500000000000008,0.34662594320899426,0.6034118576276517,0.045199470023646424,1,1
S1,526,10.52,0,1.1520000000000008,0.3486259432089943,0.6043081453012769,0.0432046570707376,1,1
S1,527,10.540000000000001,0,1.1540000000000008,0.3506259432089943,0.6051650016976319,0.04121505953529119,1,1
S1,528,10.56,0,1.1560000000000008,0.35262594320899426,0.6059825665706396,0.03923246792079531,1,1
S1,529,10.58,0,1.1580000000000008,0.35462594320899427,0.6067610130332,0.037258666425882075,1,1
S1,530,10.6,1,1.1600000000000008,0.34366101087108086,0.6075005472694851,0.0352954313386693,1,1
S1,531,10.620000000000001,0,1.1620000000000008,0.3456610108710809,0.60820140822792,0.033344529438221096,1,1
S1,532,10.64,0,1.1640000000000008,0.34766101087108087,0.6088638672957171,0.03140771640456593,1,1
S1,533,10.66,0,1.1660000000000008,0.3496610108710809,0.6094882279557994,0.02948673523870314,1,1
S1,534,10.68,0,1.1680000000000008,0.35166101087108087,0.6100748254269069,0.02758331469401966,1,1
S1,535,10.700000000000001,0,1.1700000000000008,0.3536610108710808,0.6106240262876321,0.02569916772052867,1,1
S1,536,10.72,0,1.1720000000000008,0.35566101087108093,0.6111362280850893,0.023835989923330206,1,1
S1,537,10.74,0,1.1740000000000008,0.35766101087108093,0.6116118589288693,0.021995458036681022,1,1
S1,538,10.76,0,1.1760000000000008,0.3596610108710809,0.6120513770708825,0.020179228415046928,1,1
S1,539,10.78,0,1.1780000000000008,0.3616610108710808,0.6124552704716388,0.018388935542495568,1,1
S1,540,10.8,1,1.1800000000000008,0.33974635541932224,0.6128240563534587,0.016626190561771097,1,1
S1,541,10.82,0,1.1820000000000008,0.34174635541932225,0.6131582807410557,0.014892579824374454,1,1
S1,542,10.84,0,1.1840000000000008,0.3437463554193222,0.6134585179898744,0.013189663462954075,1,1
S1,543,10.86,0,1.1860000000000008,0.34574635541932225,0.6137253703025101,0.011518973987291839,1,1
S1,544,10.88,0,1.1880000000000008,0.3477463554193222,0.6139594672334852,0.009882014905147682,1,1
S1,545,10.9,0,1.1900000000000008,0.3497463554193222,0.614161465182596,0.008280259369204108,1,1
S1,546,10.92,0,1.1920000000000008,0.35174635541932225,0.6143320468769938,0.006715148851328216,1,1
S1,547,10.94,0,1.1940000000000008,0.35374635541932226,0.6144719208421113,0.005188091845344302,1,1
S1,548,10.96,0,1.1960000000000008,0.3557463554193222,0.6145818208614895,0.0037004625994844927,1,1
S1,549,10.98,0,1.1980000000000008,0.3577463554193222,0.6146625054255161,0.0022535998796581044,1,1
S1,550,11.0,1,1.2000000000000008,0.3279402858266114,0.614714757169037,0.0008488057646526773,1,1
S1,551,11.02,0,1.2020000000000008,0.3299402858266114,0.6147393822977566,-0.0005126555256490418,1,1
S1,552,11.040000000000001,0,1.2040000000000008,0.3319402858266114,0.6147372100033051,-0.0018295587679816668,1,1
S1,553,11.06,0,1.2060000000000008,0.3339402858266114,0.6147090918668089,-0.003100718838315395,1,1
S1,554,11.08,0,1.2080000000000009,0.33594028582661145,0.6146559012507677,-0.004324991778387657,1,1
S1,555,11.1,0,1.2100000000000009,0.33794028582661145,0.6145785326790115,-0.005501275825188338,1,1
S1,556,11.120000000000001,0,1.2120000000000009,0.33994028582661145,0.6144779012044801,-0.006628512402472102,1,1
S1,557,11.14,0,1.2140000000000009,0.3419402858266114,0.614354941764551,-0.007705687073405581,1,1
S1,558,11.16,0,1.2160000000000009,0.3439402858266114,0.6142106085236179,-0.008731830453492049,1,1
S1,559,11.18,0,1.2180000000000009,0.3459402858266114,0.614045874202611,-0.009706019082952023,1,1
S1,560,11.200000000000001,1,1.2200000000000009,0.3328160351214325,0.613861729395141,-0.010627376257774749,1,1
S1,561,11.22,0,1.2220000000000009,0.3348160351214325,0.6136591818699434,-0.011495072818692635,1,1
S1,562,11.24,0,1.2240000000000009,0.3368160351214325,0.6134392558593015,-0.01230832789736861,1,1
S1,563,11.26,0,1.2260000000000009,0.3388160351214325,0.6132029913331318,-0.013066409619124938,1,1
S1,564,11.28,0,1.2280000000000009,0.3408160351214325,0.6129514432584264,-0.013768635761581023,1,1
S1,565,11.3,0,1.2300000000000009,0.34281603512143244,0.6126856808437596,-0.014414374368607494,1,1
S1,566,11.32,0,1.2320000000000009,0.34481603512143244,0.6124067867685928,-0.015003044319044074,1,1
S1,567,11.34,0,1.2340000000000009,0.34681603512143244,0.6121158563971296,-0.015534115849669405,1,1
S1,568,11.36,0,1.2360000000000009,0.3488160351214325,0.6118139969765087,-0.016007111031952174,1,1
S1,569,11.38,0,1.2380000000000009,0.35081603512143256,0.6115023268191552,-0.01642160420215454,1,1
S1,570,11.4,1,1.2400000000000009,0.3339907478584135,0.6111819744691488,-0.016777222344400777,1,1
S1,571,11.42,0,1.2420000000000009,0.3359907478584135,0.6108540778525154,-0.017073645426366364,1,1
S1,572,11.44,0,1.2440000000000009,0.3379907478584135,0.610519783411392,-0.017310606687285488,1,1
S1,573,11.46,0,1.2460000000000009,0.3399907478584135,0.6101802452220698,-0.017487892878017736,1,1
S1,574,11.48,0,1.2480000000000009,0.34199074785841344,0.6098366240969763,-0.0176053444529579,1,1
S1,575,11.5,0,1.2500000000000009,0.34399074785841344,0.6094900866707145,-0.017662855713616272,1,1
S1,576,11.52,0,1.252000000000001,0.3459907478584135,0.6091418044703442,-0.01766037490374016,1,1
S1,577,11.540000000000001,0,1.254000000000001,0.3479907478584135,0.6087929529701505,-0.017597904255891007,1,1
S1,578,11.56,0,1.256000000000001,0.3499907478584135,0.6084447106312172,-0.01747549998943523,1,1
S1,579,11.58,0,1.258000000000001,0.35199074785841356,0.6080982579261937,-0.017293272259950598,1,1
S1,580,11.6,1,1.260000000000001,0.33321835545200873,0.6077547763497122,-0.01705138506009365,1,1
S1,581,11.620000000000001,0,1.262000000000001,0.33521835545200873,0.6074154474149923,-0.016750056072017357,1,1
S1,582,11.64,0,1.264000000000001,0.3372183554520087,0.6070814516372413,-0.016389556471471885,1,1
S1,583,11.66,0,1.266000000000001,0.33921835545200874,0.6067539675045355,-0.015970210683764745,1,1
S1,584,11.68,0,1.268000000000001,0.34121835545200874,0.6064341704369485,-0.015492396091799874,1,1
S1,585,11.700000000000001,0,1.270000000000001,0.34321835545200874,0.6061232317347636,-0.01495654269645852,1,1
S1,586,11.72,0,1.272000000000001,0.34521835545200874,0.6058223175166898,-0.014363132729627482,1,1
S1,587,11.74,0,1.274000000000001,0.3472183554520088,0.6055325876490738,-0.013712700220222928,1,1
S1,588,11.76,0,1.276000000000001,0.3492183554520088,0.6052551946671751,-0.013005830513600445,1,1
S1,589,11.78,0,1.278000000000001,0.35121835545200875,0.6049912826896483,-0.012243159744783724,1,1
S1,590,11.8,1,1.280000000000001,0.33268693236282915,0.6047419863274441,-0.011425374265985964,1,1
S1,591,11.82,0,1.282000000000001,0.3346869323628292,0.6045084295884134,-0.01055321002893922,1,1
S1,592,11.84,0,1.284000000000001,0.3366869323628292,0.6042917247789633,-0.009627451922587517,1,1
S1,593,11.86,0,1.286000000000001,0.3386869323628292,0.6040929714041793,-0.00864893306673977,1,1
S1,594,11.88,0,1.288000000000001,0.3406869323628292,0.6039132550678874,-0.007618534062318199,1,1
S1,595,11.9,0,1.290000000000001,0.34268693236282916,0.6037536463741877,-0.006537182198876944,1,1
S1,596,11.92,0,1.292000000000001,0.3446869323628292,0.603615199832042,-0.005405850620104036,1,1
S1,597,11.94,0,1.294000000000001,0.3466869323628292,0.6034989527645482,-0.00422555744805778,1,1
S1,598,11.96,0,1.296000000000001,0.34868693236282916,0.6034059242245776,-0.002997364866925622,1,1
S1,599,11.98,0,1.298000000000001,0.35068693236282916,0.6033371139184885,-0.0017223781671300655,1,1
S1,600,12.0,1,1.300000000000001,0.3254810193483947,0.6032935011396668,-0.0004017447506419051,1,1
S1,601,12.02,0,1.302000000000001,0.3274810193483947,0.6032760437136669,0.0009633469016040958,1,1
S1,602,12.040000000000001,0,1.304000000000001,0.32948101934839463,0.6032856769567562,0.002371668299261843,1,1
S1,603,12.06,0,1.306000000000001,0.33148101934839463,0.6033233126496756,0.003821952048132287,1,1
S1,604,12.08,0,1.308000000000001,0.33348101934839464,0.6033898380284474,0.005312892990732661,1,1
S1,605,12.1,0,1.310000000000001,0.3354810193483947,0.6034861147940583,0.006843149380850115,1,1
S1,606,12.120000000000001,0,1.312000000000001,0.3374810193483947,0.6036129781428531,0.008411344091022755,1,1
S1,607,12.14,0,1.314000000000001,0.3394810193483947,0.6037712358194589,0.010016065851861392,1,1
S1,608,12.16,0,1.316000000000001,0.3414810193483947,0.6039616671940509,0.011655870522096736,1,1
S1,609,12.18,0,1.318000000000001,0.3434810193483947,0.6041850223657502,0.013329282388209076,1,1
S1,610,12.200000000000001,1,1.320000000000001,0.3267659202099011,0.6044420212939149,0.015034795492470821,1,1
S1,611,12.22,0,1.322000000000001,0.3287659202099011,0.6047333529590555,0.016770874988206817,1,1
S1,612,12.24,0,1.324000000000001,0.3307659202099011,0.6050596745550676,0.01853595852105275,1,1
S1,613,12.26,0,1.326000000000001,0.3327659202099011,0.6054216107144251,0.020328457634968627,1,1
S1,614,12.280000000000001,0,1.328000000000001,0.33476592020990115,0.6058197527679332,0.02214675920174198,1,1
S1,615,12.3,0,1.330000000000001,0.3367659202099011,0.6062546580405768,0.023989226872694388,1,1
S1,616,12.32,0,1.332000000000001,0.3387659202099011,0.6067268491849412,0.02585420255128483,1,1
S1,617,12.34,0,1.334000000000001,0.3407659202099011,0.6072368135536148,0.02774000788528466,1,1
S1,618,12.36,0,1.336000000000001,0.3427659202099011,0.6077850026119063,0.029644945777181315,1,1
S1,619,12.38,0,1.338000000000001,0.34476592020990104,0.6083718313921351,0.03156730191145154,1,1
S1,620,12.4,1,1.340000000000001,0.3319034242000376,0.6089976779906685,0.03350534629732964,1,1
S1,621,12.42,0,1.342000000000001,0.33390342420003766,0.6096628831087915,0.03545733482568239,1,1
S1,622,12.44,0,1.344000000000001,0.33590342420003766,0.6103677496384058,0.03742151083858956,1,1
S1,623,12.46,0,1.346000000000001,0.3379034242000377,0.6111125422934578,0.03939610671021742,1,1
S1,624,12.48,0,1.348000000000001,0.3399034242000377,0.6118974872878973,0.041379345437562734,1,1
S1,625,12.5,0,1.350000000000001,0.3419034242000376,0.6127227720608679,0.04336944223963549,1,1
S1,626,12.52,0,1.352000000000001,0.3439034242000376,0.6135885450497239,0.04536460616364133,1,1
S1,627,12.540000000000001,0,1.354000000000001,0.3459034242000376,0.6144949155113655,0.04736304169671817,1,1
S1,628,12.56,0,1.356000000000001,0.34790342420003767,0.6154419533922724,0.04936295038177659,1,1
S1,629,12.58,0,1.358000000000001,0.3499034242000377,0.616429689247508,0.05136253243598983,1,1
S1,630,12.6,1,1.360000000000001,0.33517504647410845,0.617458114208856,0.053359988370476834,1,1
S1,631,12.620000000000001,0,1.362000000000001,0.33717504647410845,0.6185271800021394,0.05535352060972079,1,1
S1,632,12.64,0,1.364000000000001,0.33917504647410845,0.6196367990136594,0.05734133510926578,1,1
S1,633,12.66,0,1.366000000000001,0.34117504647410846,0.620786844405584,0.059321642970235657,1,1
S1,634,12.68,0,1.368000000000001,0.34317504647410846,0.6219771502800008,0.06129266204922232,1,1
S1,635,12.700000000000001,0,1.370000000000001,0.34517504647410846,0.6232075118912447,0.06325261856209448,1,1
S1,636,12.72,0,1.372000000000001,0.34717504647410846,0.6244776859059981,0.06519974868028365,1,1
S1,637,12.74,0,1.374000000000001,0.34917504647410846,0.6257873907105599,0.06713230011811079,1,1
S1,638,12.76,0,1.376000000000001,0.35117504647410847,0.6271363067645739,0.06904853370972518,1,1
S1,639,12.780000000000001,0,1.378000000000001,0.3531750464741085,0.628524077000406,0.07094672497423624,1,1
S1,640,12.8,1,1.380000000000001,0.33758036458337165,0.6299503072672646,0.07282516566762998,1,1
S1,641,12.82,0,1.382000000000001,0.33958036458337165,0.6314145668190626,0.07468216532007328,1,1
S1,642,12.84,0,1.384000000000001,0.3415803645833716,0.6329163888449288,0.07651605275722269,1,1
S1,643,12.86,0,1.386000000000001,0.3435803645833716,0.6344552710411938,0.07832517760416843,1,1
S1,644,12.88,0,1.388000000000001,0.34558036458337166,0.6360306762235884,0.08010791177066053,1,1
S1,645,12.9,0,1.390000000000001,0.3475803645833717,0.6376420329783229,0.08186265091628007,1,1
S1,646,12.92,0,1.392000000000001,0.3495803645833716,0.6392887363506369,0.08358781589423736,1,1
S1,647,12.94,0,1.394000000000001,0.3515803645833716,0.640970148569348,0.08528185417249737,1,1
S1,648,12.96,0,1.396000000000001,0.35358036458337166,0.6426855998058649,0.08694324123095382,1,1
S1,649,12.98,0,1.398000000000001,0.3555803645833716,0.6444343889660749,0.08857048193339435,1,1
S1,650,13.0,1,1.400000000000001,0.3427157809466509,0.6462157845134668,0.09016211187302224,1,1
S1,651,13.02,0,1.402000000000001,0.3447157809466509,0.6480290253218087,0.09171669869032362,1,1
S1,652,13.040000000000001,0,1.404000000000001,0.34671578094665084,0.6498733215556589,0.09323284336209435,1,1
S1,653,13.06,0,1.406000000000001,0.34871578094665084,0.651747855576962,0.09470918146046656,1,1
S1,654,13.08,0,1.408000000000001,0.3507157809466509,0.6536517828759546,0.09614438438080153,1,1
S1,655,13.1,0,1.410000000000001,0.35271578094665085,0.6555842330245862,0.09753716053734426,1,1
S1,656,13.120000000000001,0,1.412000000000001,0.35471578094665085,0.6575443106506518,0.09888625652556345,1,1
S1,657,13.14,0,1.414000000000001,0.35671578094665085,0.6595310964308233,0.10019045825013091,1,1
S1,658,13.16,0,1.416000000000001,0.35871578094665085,0.6615436481007704,0.10144859201752554,1,1
S1,659,13.18,0,1.418000000000001,0.36071578094665085,0.6635810014805648,0.10265952559227814,1,1
S1,660,13.200000000000001,1,1.420000000000001,0.34188904872769865,0.6656421715135776,0.10382216921590702,1,1
S1,661,13.22,0,1.422000000000001,0.3438890487276987,0.6677261533170957,0.10493547658762699,1,1
S1,662,13.24,0,1.424000000000001,0.34588904872769866,0.6698319232429076,0.1059984458059495,1,1
S1,663,13.26,0,1.426000000000001,0.3478890487276987,0.6719584399461388,0.10701012027032632,1,1
S1,664,13.280000000000001,0,1.428000000000001,0.3498890487276986,0.6741046454606525,0.1079695895420255,1,1
S1,665,13.3,0,1.430000000000001,0.3518890487276986,0.6762694662793696,0.10887599016346473,1,1
S1,666,13.32,0,1.432000000000001,0.3538890487276986,0.6784518144379093,0.10972850643526494,1,1
S1,667,13.34,0,1.434000000000001,0.35588904872769866,0.6806505885999969,0.11052637115032463,1,1
S1,668,13.36,0,1.436000000000001,0.35788904872769867,0.6828646751431445,0.11126886628425448,1,1
S1,669,13.38,0,1.438000000000001,0.35988904872769867,0.6850929492431607,0.11195532364155088,1,1
S1,670,13.4,1,1.440000000000001,0.3440394164249464,0.6873342759561136,0.11258512545692675,1,1
S1,671,13.42,0,1.442000000000001,0.3460394164249464,0.6895875112964299,0.1131577049512586,1,1
S1,672,13.44,0,1.444000000000001,0.3480394164249464,0.6918515033098824,0.11367254684164949,1,1
S1,673,13.46,0,1.446000000000001,0.3500394164249464,0.6941250931402877,0.11412918780514884,1,1
S1,674,13.48,0,1.448000000000001,0.35203941642494635,0.6964071160888075,0.11452721689571185,1,1
S1,675,13.5,0,1.450000000000001,0.35403941642494635,0.698696402664818,0.11486627591402317,1,1
S1,676,13.52,0,1.452000000000001,0.3560394164249464,0.7009917796273917,0.11514605972985212,1,1
S1,677,13.540000000000001,0,1.454000000000001,0.3580394164249464,0.7032920710165037,0.11536631655664928,1,1
S1,678,13.56,0,1.456000000000001,0.3600394164249464,0.7055960991731592,0.11552684817813744,1,1
S1,679,13.58,0,1.458000000000001,0.36203941642494636,0.7079026857477091,0.11562751012669281,1,1
S1,680,13.6,1,1.460000000000001,0.3416416400912866,0.710210652695698,0.11566821181335618,1,1
S1,681,13.620000000000001,0,1.462000000000001,0.3436416400912866,0.7125188232606666,0.11564891660935682,1,1
S1,682,13.64,0,1.464000000000001,0.3456416400912867,0.714826022943401,0.11556964187907595,1,1
S1,683,13.66,0,1.466000000000001,0.3476416400912867,0.7171310804571976,0.11543045896441993,1,1
S1,684,13.68,0,1.468000000000001,0.3496416400912866,0.7194328286687818,0.1152314931206174,1,1
S1,685,13.700000000000001,0,1.470000000000001,0.3516416400912866,0.7217301055245866,0.11497292340349798,1,1
S1,686,13.72,0,1.472000000000001,0.3536416400912866,0.7240217549621687,0.11465498250835415,1,1
S1,687,13.74,0,1.474000000000001,0.3556416400912867,0.7263066278065947,0.11427795656053118,1,1
S1,688,13.76,0,1.476000000000001,0.3576416400912867,0.7285835826517015,0.1138421848579336,1,1
S1,689,13.780000000000001,0,1.478000000000001,0.3596416400912867,0.7308514867261826,0.11334805956568006,1,1
S1,690,13.8,1,1.480000000000001,0.34071694611233383,0.7331092167445122,0.11279602536318112,1,1
S1,691,13.82,0,1.482000000000001,0.3427169461123338,0.7353556597427661,0.11218657904395785,1,1
S1,692,13.84,0,1.484000000000001,0.3447169461123337,0.7375897138994439,0.11152026906856115,1,1
S1,693,13.86,0,1.486000000000001,0.3467169461123337,0.7398102893414412,0.11079769507099431,1,1
S1,694,13.88,0,1.488000000000001,0.3487169461123338,0.7420163089353526,0.11001950731908285,1,1
S1,695,13.9,0,1.490000000000001,0.3507169461123337,0.7442067090643243,0.1091864061292774,1,1
S1,696,13.92,0,1.492000000000001,0.3527169461123338,0.7463804403906986,0.10829914123641614,1,1
S1,697,13.94,0,1.494000000000001,0.35471694611233373,0.7485364686047173,0.10735851111901405,1,1
S1,698,13.96,0,1.496000000000001,0.35671694611233373,0.7506737751595678,0.10636536228068619,1,1
S1,699,13.98,0,1.498000000000001,0.35871694611233373,0.75279135799307,0.10532058848835149,1,1
S1,700,14.0,1,1.500000000000001,0.34001217128192374,0.7548882322363094,0.10422512996790295,1,1
S1,701,14.02,0,1.5020000000000011,0.34201217128192374,0.756963430909524,0.10307997255806775,1,1
S1,702,14.040000000000001,0,1.5040000000000011,0.3440121712819238,0.7590160056055514,0.10188614682321892,1,1
S1,703,14.06,0,1.5060000000000011,0.3460121712819238,0.7610450271611374,0.10064472712593701,1,1
S1,704,14.08,0,1.5080000000000011,0.3480121712819238,0.7630495863163926,0.09935683066015627,1,1
S1,705,14.1,0,1.5100000000000011,0.35001217128192375,0.7650287943626696,0.09802361644576547,1,1
S1,706,14.120000000000001,0,1.5120000000000011,0.3520121712819238,0.7669817837791127,0.09664628428556833,1,1
S1,707,14.14,0,1.5140000000000011,0.35401217128192375,0.7689077088581077,0.09522607368554188,1,1
S1,708,14.16,0,1.5160000000000011,0.3560121712819238,0.7708057463198259,0.09376426273936482,1,1
S1,709,14.18,0,1.5180000000000011,0.35801217128192375,0.7726750959160319,0.09226216697821941,1,1
S1,710,14.200000000000001,1,1.5200000000000011,0.3368869315031521,0.774514981023279,0.09072113818690228,1,1
S1,711,14.22,0,1.5220000000000011,0.3388869315031521,0.7763246492255829,0.08914256318730927,1,1
S1,712,14.24,0,1.5240000000000011,0.340886931503152,0.7781033728866176,0.08752786259038942,1,1
S1,713,14.26,0,1.5260000000000011,0.342886931503152,0.7798504497114326,0.08587848951769092,1,1
S1,714,14.280000000000001,0,1.5280000000000011,0.3448869315031521,0.7815652032976419,0.08419592829364987,1,1
S1,715,14.3,0,1.5300000000000011,0.3468869315031521,0.7832469836759851,0.08248169310979842,1,1
S1,716,14.32,0,1.5320000000000011,0.3488869315031521,0.7848951678401075,0.08073732666209463,1,1
S1,717,14.34,0,1.5340000000000011,0.35088693150315203,0.7865091602653524,0.07896439876260024,1,1
S1,718,14.36,0,1.5360000000000011,0.35288693150315203,0.7880883934163047,0.07716450492675575,1,1
S1,719,14.38,0,1.5380000000000011,0.35488693150315204,0.7896323282427667,0.07533926493752423,1,1
S1,720,14.4,1,1.5400000000000011,0.331181466569834,0.7911404546637937,0.07349032138769598,1,1
S1,721,14.42,0,1.5420000000000011,0.33318146656983405,0.7926122920393575,0.07161933820166591,1,1
S1,722,14.44,0,1.5440000000000011,0.33518146656983405,0.7940473896291526,0.06972799913801386,1,1
S1,723,14.46,0,1.5460000000000012,0.33718146656983405,0.7954453270380034,0.06781800627423558,1,1
S1,724,14.48,0,1.5480000000000012,0.33918146656983406,0.7968057146472761,0.0658910784749878,1,1
S1,725,14.5,0,1.5500000000000012,0.341181466569834,0.7981281940316479,0.06394894984522613,1,1
S1,726,14.52,0,1.5520000000000012,0.343181466569834,0.7994124383605336,0.0619933681696276,1,1
S1,727,14.540000000000001,0,1.5540000000000012,0.34518146656983406,0.8006581527834228,0.060026093339702435,1,1
S1,728,14.56,0,1.5560000000000012,0.347181466569834,0.8018650747983348,0.05804889577001052,1,1
S1,729,14.58,0,1.5580000000000012,0.349181466569834,0.803032974602552,0.05606355480490773,1,1
S1,730,14.6,1,1.5600000000000012,0.32980289719394834,0.8041616554247581,0.05407185711725617,1,1
S1,731,14.620000000000001,0,1.5620000000000012,0.33180289719394834,0.8052509538376676,0.05207559510053916,1,1
S1,732,14.64,0,1.5640000000000012,0.33380289719394834,0.8063007400501998,0.05007656525582811,1,1
S1,733,14.66,0,1.5660000000000012,0.33580289719394835,0.8073109181782262,0.04807656657505279,1,1
S1,734,14.68,0,1.5680000000000012,0.33780289719394835,0.8082814264928911,0.04607739892203004,1,1
S1,735,14.700000000000001,0,1.5700000000000012,0.33980289719394835,0.8092122376454908,0.044080861412707804,1,1
S1,736,14.72,0,1.5720000000000012,0.34180289719394835,0.8101033588678769,0.042088750796082236,1,1
S1,737,14.74,0,1.5740000000000012,0.3438028971939484,0.8109548321473448,0.04010285983724487,1,1
S1,738,14.76,0,1.5760000000000012,0.34580289719394836,0.8117667343749603,0.03812497570401504,1,1
S1,739,14.780000000000001,0,1.5780000000000012,0.3478028971939483,0.8125391774662795,0.03615687835860948,1,1
S1,740,14.8,1,1.5800000000000012,0.33376202588866494,0.8132723084534225,0.03420033895579647,1,1
S1,741,14.82,0,1.5820000000000012,0.335762025888665,0.8139663095474752,0.032257118248976084,1,1
S1,742,14.84,0,1.5840000000000012,0.33776202588866494,0.814621398170208,0.030328965005621007,1,1
S1,743,14.86,0,1.5860000000000012,0.33976202588866494,0.8152378269541247,0.028417614433503817,1,1
S1,744,14.88,0,1.5880000000000012,0.34176202588866494,0.8158158837098833,0.026524786619127126,1,1
S1,745,14.9,0,1.5900000000000012,0.343762025888665,0.816355891360164,0.024652184979761828,1,1
S1,746,14.92,0,1.5920000000000012,0.345762025888665,0.8168582078390977,0.022801494730486534,1,1
S1,747,14.94,0,1.5940000000000012,0.34776202588866495,0.8173232259564178,0.02097438136760775,1,1
S1,748,14.96,0,1.5960000000000012,0.34976202588866495,0.817751373225542,0.01917248916982561,1,1
S1,749,14.98,0,1.5980000000000012,0.3517620258886649,0.8181431116548513,0.017397439718494046,1,1
S1,750,15.0,1,1.6000000000000012,0.33097947732658994,0.8184989375014909,0.015650830438307013,1,1
S1,751,15.02,0,1.6020000000000012,0.3329794773265899,0.8188193809870861,0.013934233159724089,1,1
S1,752,15.040000000000001,0,1.6040000000000012,0.33497947732658984,0.8191050059748296,0.01224919270442916,1,1
S1,753,15.06,0,1.6060000000000012,0.3369794773265899,0.8193564096074814,0.010597225495095172,1,1
S1,754,15.08,0,1.6080000000000012,0.3389794773265899,0.8195742219058884,0.00897981819070608,1,1
S1,755,15.1,0,1.6100000000000012,0.34097947732658995,0.8197591053277243,0.0073984263486641215,1,1
S1,756,15.120000000000001,0,1.6120000000000012,0.34297947732658984,0.8199117542862286,0.0058544731148863875,1,1
S1,757,15.14,0,1.6140000000000012,0.34497947732658985,0.8200328946288155,0.004349347943069561,1,1
S1,758,15.16,0,1.6160000000000012,0.34697947732658985,0.8201232830755143,0.00288440534427537,1,1
S1,759,15.18,0,1.6180000000000012,0.3489794773265899,0.8201837066173,0.0014609636679620765,1,1
S1,760,15.200000000000001,1,1.6200000000000012,0.3282684446992196,0.8202149818744632,8.03039155589315e-05,1,1
S1,761,15.22,0,1.6220000000000012,0.3302684446992196,0.8202179544152747,-0.001256331412348645,1,1
S1,762,15.24,0,1.6240000000000012,0.3322684446992197,0.8201934980352917,-0.0025477394341857093,1,1
S1,763,15.26,0,1.6260000000000012,0.3342684446992197,0.8201425139977601,-0.003792757969900034,1,1
S1,764,15.280000000000001,0,1.6280000000000012,0.3362684446992197,0.8200659302356629,-0.004990266586845711,1,1
S1,765,15.3,0,1.6300000000000012,0.33826844469921963,0.8199647005160713,-0.006139187608096892,1,1
S1,766,15.32,0,1.6320000000000012,0.34026844469921963,0.8198398035675502,-0.007238487082284292,1,1
S1,767,15.34,0,1.6340000000000012,0.34226844469921963,0.8196922421714754,-0.008287175714081638,1,1
S1,768,15.36,0,1.6360000000000012,0.34426844469921963,0.8195230422182168,-0.009284309754504665,1,1
S1,769,15.38,0,1.6380000000000012,0.34626844469921964,0.8193332517292384,-0.01022899185022152,1,1
S1,770,15.4,1,1.6400000000000012,0.3356091515083165,0.8191239398462636,-0.011120371851110193,1,1
S1,771,15.42,0,1.6420000000000012,0.3376091515083165,0.8188961957887477,-0.011957647575336223,1,1
S1,772,15.44,0,1.6440000000000012,0.3396091515083165,0.8186511277809884,-0.012740065531262222,1,1
S1,773,15.46,0,1.6460000000000012,0.34160915150831656,0.8183898619502942,-0.01346692159553949,1,1
S1,774,15.48,0,1.6480000000000012,0.34360915150831656,0.8181135411977141,-0.014137561646771487,1,1
S1,775,15.5,0,1.6500000000000012,0.3456091515083166,0.8178233240429121,-0.014751382154178946,1,1
S1,776,15.52,0,1.6520000000000012,0.3476091515083165,0.8175203834448465,-0.01530783072073685,1,1
S1,777,15.540000000000001,0,1.6540000000000012,0.3496091515083165,0.8172059055999834,-0.01580640658029444,1,1
S1,778,15.56,0,1.6560000000000012,0.3516091515083165,0.8168810887198455,-0.016246661048230977,1,1
S1,779,15.58,0,1.6580000000000013,0.3536091515083165,0.8165471417897512,-0.01662819792524161,1,1
S1,780,15.6,1,1.6600000000000013,0.3315535138820845,0.8162052833106617,-0.016950673853889986,1,1
S1,781,15.620000000000001,0,1.6620000000000013,0.33355351388208443,0.8158567400261012,-0.0172137986276068,1,1
S1,782,15.64,0,1.6640000000000013,0.33555351388208443,0.8155027456361608,-0.01741733545185609,1,1
S1,783,15.66,0,1.6660000000000013,0.3375535138820843,0.815144539500633,-0.017561101157234364,1,1
S1,784,15.68,0,1.6680000000000013,0.3395535138820844,0.8147833653333616,-0.01764496636431067,1,1
S1,785,15.700000000000001,0,1.6700000000000013,0.34155351388208444,0.8144204698899092,-0.017668855600059367,1,1
S1,786,15.72,0,1.6720000000000013,0.34355351388208444,0.8140571016506744,-0.017632747365780767,1,1
S1,787,15.74,0,1.6740000000000013,0.34555351388208444,0.8136945095015937,-0.01753667415644848,1,1
S1,788,15.76,0,1.6760000000000013,0.34755351388208444,0.8133339414145776,-0.017380722431466163,1,1
S1,789,15.780000000000001,0,1.6780000000000013,0.34955351388208444,0.812976643129824,-0.017165032536859873,1,1
S1,790,15.8,1,1.6800000000000013,0.3271700091827352,0.8126238568421497,-0.01688979857897612,1,1
S1,791,15.82,0,1.6820000000000013,0.32917000918273515,0.812276819893465,-0.01655526824979927,1,1
S1,792,15.84,0,1.6840000000000013,0.33117000918273515,0.8119367634734972,-0.016161742604045463,1,1
S1,793,15.860000000000001,0,1.6860000000000013,0.3331700091827352,0.8116049113308405,-0.015709575788233687,1,1
S1,794,15.88,0,1.6880000000000013,0.3351700091827352,0.8112824784963807,-0.01519917472197783,1,1
S1,795,15.9,0,1.6900000000000013,0.3371700091827352,0.8109706700211018,-0.01463099873178649,1,1
S1,796,15.92,0,1.6920000000000013,0.3391700091827352,0.8106706797302345,-0.014005559137700104,1,1
S1,797,15.94,0,1.6940000000000013,0.3411700091827352,0.8103836889956622,-0.013323418793137443,1,1
S1,798,15.96,0,1.6960000000000013,0.3431700091827352,0.8101108655284353,-0.012585191578365528,1,1
S1,799,15.98,0,1.6980000000000013,0.3451700091827352,0.8098533621931924,-0.011791541848048806,1,1
S1,800,16.0,1,1.7000000000000013,0.33023634534553986,0.8096123158462105,-0.010943183833374812,1,1
S1,801,16.02,0,1.7020000000000013,0.3322363453455398,0.8093888461987423,-0.01004088099929431,1,1
S1,802,16.04,0,1.7040000000000013,0.33423634534553986,0.8091840547072184,-0.009085445357454354,1,1
S1,803,16.06,0,1.7060000000000013,0.33623634534553987,0.808999023491815,-0.008077736735442627,1,1
S1,804,16.080000000000002,0,1.7080000000000013,0.33823634534553987,0.8088348142847994,-0.0070186620030006554,1,1
S1,805,16.1,0,1.7100000000000013,0.3402363453455398,0.8086924674099844,-0.0059091742559022305,1,1
S1,806,16.12,0,1.7120000000000013,0.3422363453455398,0.808573000794525,-0.004750271958231565,1,1
S1,807,16.14,0,1.7140000000000013,0.3442363453455399,0.8084774090142045,-0.0035429980438330035,1,1
S1,808,16.16,0,1.7160000000000013,0.3462363453455398,0.8084066623732562,-0.0022884389777409666,1,1
S1,809,16.18,0,1.7180000000000013,0.34823634534553993,0.8083617060196729,-0.0009877237784347342,1,1
S1,810,16.2,1,1.7200000000000013,0.32201675332858876,0.8083434590968571,0.0003579769982019593,1,1
S1,811,16.22,0,1.7220000000000013,0.32401675332858876,0.8083528139323626,0.0017474523123022134,1,1
S1,812,16.240000000000002,0,1.7240000000000013,0.3260167533285888,0.8083906352643823,0.003179451729870113,1,1
S1,813,16.26,0,1.7260000000000013,0.32801675332858876,0.8084577595065312,0.004652686548086908,1,1
S1,814,16.28,0,1.7280000000000013,0.3300167533285888,0.8085549940513775,0.006165830955056565,1,1
S1,815,16.3,0,1.7300000000000013,0.33201675332858877,0.8086831166130721,0.007717523222947,1,1
S1,816,16.32,0,1.7320000000000013,0.3340167533285888,0.8088428746093289,0.009306366933453197,1,1
S1,817,16.34,0,1.7340000000000013,0.33601675332858877,0.8090349845829122,0.01093093223447943,1,1
S1,818,16.36,0,1.7360000000000013,0.3380167533285888,0.8092601316626898,0.012589757126909646,1,1
S1,819,16.38,0,1.7380000000000013,0.3400167533285888,0.8095189690642178,0.01428134878030798,1,1
S1,820,16.4,1,1.7400000000000013,0.3184369780211925,0.8098121176297348,0.016004184876365384,1,1
S1,821,16.42,0,1.7420000000000013,0.3204369780211925,0.8101401654073502,0.017756714978883353,1,1
S1,822,16.44,0,1.7440000000000013,0.3224369780211925,0.8105036672691331,0.019537361929061855,1,1
S1,823,16.46,0,1.7460000000000013,0.3244369780211924,0.8109031445677213,0.02134452326483579,1,1
S1,824,16.48,0,1.7480000000000013,0.32643697802119254,0.811339084830997,0.023176572662982696,1,1
S1,825,16.5,0,1.7500000000000013,0.3284369780211925,0.8118119414943019,0.025031861402703866,1,1
S1,826,16.52,0,1.7520000000000013,0.33043697802119243,0.8123221336695935,0.02690871984936178,1,1
S1,827,16.54,0,1.7540000000000013,0.3324369780211925,0.8128700459508836,0.028805458957038593,1,1
S1,828,16.56,0,1.7560000000000013,0.3344369780211925,0.8134560282552404,0.030720371788563443,1,1
S1,829,16.580000000000002,0,1.7580000000000013,0.33643697802119243,0.8140803956985785,0.0326517350516407,1,1
S1,830,16.6,1,1.7600000000000013,0.32360253779352327,0.8147434285054168,0.0345978106496967,1,1
S1,831,16.62,0,1.7620000000000013,0.3256025377935233,0.8154453719517378,0.03655684724604935,1,1
S1,832,16.64,0,1.7640000000000013,0.3276025377935233,0.8161864363400437,0.03852708183999295,1,1
S1,833,16.66,0,1.7660000000000013,0.3296025377935233,0.8169667970056737,0.04050674135337978,1,1
S1,834,16.68,0,1.7680000000000013,0.3316025377935233,0.8177865943534182,0.042494044226270816,1,1
S1,835,16.7,0,1.7700000000000014,0.33360253779352333,0.818645933923446,0.044487202020219364,1,1
S1,836,16.72,0,1.7720000000000014,0.3356025377935233,0.8195448864855416,0.04648442102774499,1,1
S1,837,16.740000000000002,0,1.7740000000000014,0.3376025377935233,0.8204834881606418,0.04848390388654916,1,1
S1,838,16.76,0,1.7760000000000014,0.33960253779352323,0.8214617405686558,0.050483851197019994,1,1
S1,839,16.78,0,1.7780000000000014,0.34160253779352323,0.8224796110015519,0.05248246314157046,1,1
S1,840,16.8,1,1.7800000000000014,0.3281388015743745,0.8235370326206986,0.054477941104352716,1,1
S1,841,16.82,0,1.7820000000000014,0.3301388015743744,0.8246339046774631,0.05646848928989099,1,1
S1,842,16.84,0,1.7840000000000014,0.3321388015743745,0.825770092756081,0.05845231633917627,1,1
S1,843,16.86,0,1.7860000000000014,0.3341388015743745,0.8269454290378324,0.060427636941768496,1,1
S1,844,16.88,0,1.7880000000000014,0.3361388015743745,0.8281597125855872,0.062392673442455485,1,1
S1,845,16.9,0,1.7900000000000014,0.3381388015743744,0.8294127096478081,0.06434565744102261,1,1
S1,846,16.92,0,1.7920000000000014,0.3401388015743745,0.830704153981135,0.06628483138369361,1,1
S1,847,16.94,0,1.7940000000000014,0.3421388015743745,0.8320337471907103,0.0682084501448104,1,1
S1,848,16.96,0,1.7960000000000014,0.3441388015743745,0.833401159087447,0.07011478259732835,1,1
S1,849,16.98,0,1.7980000000000014,0.3461388015743745,0.8348060280614809,0.07200211317071378,1,1
S1,850,17.0,1,1.8000000000000014,0.32892220846122344,0.8362479614710987,0.07386874339484163,1,1
S1,851,17.02,0,1.8020000000000014,0.33092220846122344,0.8377265360464822,0.07571299342850395,1,1
S1,852,17.04,0,1.8040000000000014,0.33292220846122345,0.8392412983076556,0.07753320357115356,1,1
S1,853,17.06,0,1.8060000000000014,0.3349222084612234,0.8407917649960798,0.0793277357565226,1,1
S1,854,17.080000000000002,0,1.8080000000000014,0.3369222084612234,0.8423774235193909,0.08109497502677153,1,1
S1,855,17.1,0,1.8100000000000014,0.3389222084612234,0.8439977324088338,0.08283333098584218,1,1
S1,856,17.12,0,1.8120000000000014,0.34092220846122345,0.8456521217889972,0.0845412392307069,1,1
S1,857,17.14,0,1.8140000000000014,0.3429222084612234,0.847339993859515,0.08621716275922567,1,1
S1,858,17.16,0,1.8160000000000014,0.34492220846122346,0.8490607233884526,0.08785959335334426,1,1
S1,859,17.18,0,1.8180000000000014,0.3469222084612234,0.8508136582171514,0.0894670529363887,1,1
S1,860,17.2,1,1.8200000000000014,0.33107810877904437,0.8525981197763614,0.0910380949032345,1,1
S1,861,17.22,0,1.8220000000000014,0.33307810877904437,0.8544134036135449,0.0925713054221537,1,1
S1,862,17.240000000000002,0,1.8240000000000014,0.3350781087790444,0.8562587799312829,0.09406530470716783,1,1
S1,863,17.26,0,1.8260000000000014,0.33707810877904437,0.8581334941367691,0.09551874825976232,1,1
S1,864,17.28,0,1.8280000000000014,0.33907810877904443,0.8600367674024223,0.09693032807884434,1,1
S1,865,17.3,0,1.8300000000000014,0.3410781087790444,0.8619677972376931,0.09829877383785549,1,1
S1,866,17.32,0,1.8320000000000014,0.3430781087790444,0.8639257580721817,0.09962285402797996,1,1
S1,867,17.34,0,1.8340000000000014,0.34507810877904443,0.8659098018502241,0.1009013770664194,1,1
S1,868,17.36,0,1.8360000000000014,0.3470781087790444,0.8679190586371381,0.10213319236873691,1,1
S1,869,17.38,0,1.8380000000000014,0.3490781087790443,0.869952637237352,0.10331719138430545,1,1
S1,870,17.400000000000002,1,1.8400000000000014,0.3378363603146163,0.8720096258246666,0.10445230859392854,1,1
S1,871,17.42,0,1.8420000000000014,0.3398363603146163,0.8740890925849256,0.10553752246873564,1,1
S1,872,17.44,0,1.8440000000000014,0.3418363603146162,0.8761900863713862,0.10657185638948916,1,1
S1,873,17.46,0,1.8460000000000014,0.3438363603146163,0.8783116373730971,0.10755437952547586,1,1
S1,874,17.48,0,1.8480000000000014,0.3458363603146163,0.8804527577966037,0.10848420767219168,1,1
S1,875,17.5,0,1.8500000000000014,0.3478363603146163,0.8826124425612994,0.10936050404706608,1,1
S1,876,17.52,0,1.8520000000000014,0.3498363603146163,0.8847896700087484,0.11018248004250994,1,1
S1,877,17.54,0,1.8540000000000014,0.3518363603146163,0.8869834026262958,0.11094939593560904,1,1
S1,878,17.56,0,1.8560000000000014,0.3538363603146163,0.8891925877852741,0.11166056155382487,1,1
S1,879,17.580000000000002,0,1.8580000000000014,0.35583636031461624,0.8914161584940976,0.11231533689610328,1,1
S1,880,17.6,1,1.8600000000000014,0.33373964489261737,0.8936530341665208,0.11291313270883221,1,1
S1,881,17.62,0,1.8620000000000014,0.33573964489261743,0.8959021214053067,0.11345341101613024,1,1
S1,882,17.64,0,1.8640000000000014,0.33773964489261743,0.8981623148015266,0.11393568560398848,1,1
S1,883,17.66,0,1.8660000000000014,0.3397396448926173,0.9004324977496758,0.11435952245783042,1,1
S1,884,17.68,0,1.8680000000000014,0.3417396448926174,0.9027115432787512,0.11472454015309572,1,1
S1,885,17.7,0,1.8700000000000014,0.3437396448926174,0.9049983148993959,0.1150304101984966,1,1
S1,886,17.72,0,1.8720000000000014,0.34573964489261744,0.9072916674671639,0.11527685733163781,1,1
S1,887,17.740000000000002,0,1.8740000000000014,0.34773964489261744,0.9095904480619127,0.11546365976673421,1,1
S1,888,17.76,0,1.8760000000000014,0.34973964489261744,0.911893496883269,0.11559064939420301,1,1
S1,889,17.78,0,1.8780000000000014,0.3517396448926174,0.914199648162061,0.11565771193195101,1,1
S1,890,17.8,1,1.8800000000000014,0.33730634655358377,0.9165077310875424,0.11566478702822083,1,1
S1,891,17.82,0,1.8820000000000014,0.3393063465535838,0.9188165707501728,0.11561186831590338,1,1
S1,892,17.84,0,1.8840000000000015,0.34130634655358383,0.921124989099648,0.11549900341826784,1,1
S1,893,17.86,0,1.8860000000000015,0.3433063465535839,0.9234318059178044,0.11532629390610394,1,1
S1,894,17.88,0,1.8880000000000015,0.34530634655358383,0.9257358398059492,0.11509389520631506,1,1
S1,895,17.900000000000002,0,1.8900000000000015,0.34730634655358383,0.9280359091860955,0.1148020164620446,1,1
S1,896,17.92,0,1.8920000000000015,0.34930634655358384,0.9303308333155033,0.11445092034446117,1,1
S1,897,17.94,0,1.8940000000000015,0.3513063465535838,0.9326194333138524,0.11404092281637229,1,1
S1,898,17.96,0,1.8960000000000015,0.3533063465535838,0.9349005332022977,0.11357239284787927,1,1
S1,899,17.98,0,1.8980000000000015,0.35530634655358384,0.9371729609535766,0.11304575208432893,1,1
S1,900,18.0,1,1.9000000000000015,0.3464191707367798,0.9394355495522662,0.11246147446686126,1,1
S1,901,18.02,0,1.9020000000000015,0.3484191707367798,0.9416871380642067,0.11182008580589443,1,1
S1,902,18.04,0,1.9040000000000015,0.3504191707367798,0.9439265727140367,0.11112216330793089,1,1
S1,903,18.06,0,1.9060000000000015,0.35241917073677986,0.9461527079697084,0.11036833505611042,1,1
S1,904,18.080000000000002,0,1.9080000000000015,0.35441917073677975,0.9483644076327818,0.10955927944497781,1,1
S1,905,18.1,0,1.9100000000000015,0.3564191707367798,0.9505605459332255,0.10869572456997345,1,1
S1,906,18.12,0,1.9120000000000015,0.35841917073677987,0.9527400086273832,0.10777844757219664,1,1
S1,907,18.14,0,1.9140000000000015,0.36041917073677976,0.9549016940977052,0.10680827393903104,1,1
S1,908,18.16,0,1.9160000000000015,0.36241917073677976,0.9570445144527773,0.10578607676126175,1,1
S1,909,18.18,0,1.9180000000000015,0.3644191707367798,0.9591673966261268,0.10471277594735251,1,1
S1,910,18.2,1,1.9200000000000015,0.3410985122139136,0.9612692834722291,0.10358933739559022,1,1
S1,911,18.22,0,1.9220000000000015,0.3430985122139136,0.9633491348580903,0.10241677212484163,1,1
S1,912,18.240000000000002,0,1.9240000000000015,0.3450985122139135,0.9654059287487383,0.10119613536470462,1,1
S1,913,18.26,0,1.9260000000000015,0.3470985122139135,0.9674386622849106,0.09992852560587283,1,1
S1,914,18.28,0,1.9280000000000015,0.34909851221391347,0.9694463528511978,0.0986150836115681,1,1
S1,915,18.3,0,1.9300000000000015,0.35109851221391347,0.9714280391328699,0.09725699139093062,1,1
S1,916,18.32,0,1.9320000000000015,0.35309851221391353,0.9733827821595878,0.09585547113529051,1,1
S1,917,18.34,0,1.9340000000000015,0.3550985122139135,0.9753096663341883,0.09441178411827807,1,1
S1,918,18.36,0,1.9360000000000015,0.35709851221391353,0.9772078004447138,0.09292722956076264,1,1
S1,919,18.38,0,1.9380000000000015,0.35909851221391353,0.9790763186578584,0.09140314346164158,1,1
S1,920,18.400000000000002,1,1.9400000000000015,0.344928586654429,0.9809143814919947,0.08984089739553136,1,1
S1,921,18.42,0,1.9420000000000015,0.346928586654429,0.98272117676796,0.08824189727844303,1,1
S1,922,18.44,0,1.9440000000000015,0.348928586654429,0.9844959205357867,0.0866075821025527,1,1
S1,923,18.46,0,1.9460000000000015,0.35092858665442894,0.9862378579755867,0.08493942264120571,1,1
S1,924,18.48,0,1.9480000000000015,0.35292858665442894,0.9879462642708183,0.08323892012531989,1,1
S1,925,18.5,0,1.9500000000000015,0.35492858665442895,0.9896204454522036,0.08150760489237906,1,1
S1,926,18.52,0,1.9520000000000015,0.356928586654429,0.9912597392105951,0.0797470350092326,1,1
S1,927,18.54,0,1.9540000000000015,0.35892858665442895,0.99286351567714,0.07795879486994042,1,1
S1,928,18.56,0,1.9560000000000015,0.36092858665442895,0.9944311781691365,0.07614449376992531,1,1
S1,929,18.580000000000002,0,1.9580000000000015,0.362928586654429,0.9959621639000338,0.07430576445771563,1,1
S1,930,18.6,1,1.9600000000000015,0.34347589989343713,0.997455944652092,0.07244426166558186,1,1
S1,931,18.62,0,1.9620000000000015,0.3454758998934372,0.9989120274102792,0.07056166062038927,1,1
S1,932,18.64,0,1.9640000000000015,0.3474758998934372,1.0003299549560611,0.06865965553600674,1,1
S1,933,18.66,0,1.9660000000000015,0.34947589989343714,1.0017093064198124,0.06673995808862875,1,1
S1,934,18.68,0,1.9680000000000015,0.35147589989343714,1.0030496977906629,0.06480429587638224,1,1
S1,935,18.7,0,1.9700000000000015,0.35347589989343714,1.0043507823826783,0.06285441086460496,1,1
S1,936,18.72,0,1.9720000000000015,0.35547589989343714,1.0056122512563628,0.060892057818194206,1,1
S1,937,18.740000000000002,0,1.9740000000000015,0.3574758998934372,1.0068338335945708,0.0589190027224369,1,1
S1,938,18.76,0,1.9760000000000015,0.35947589989343715,1.0080152970320087,0.056937021193742,1,1
S1,939,18.78,0,1.9780000000000015,0.36147589989343715,1.0091564479376094,0.054947896881705593,1,1
S1,940,18.8,1,1.9800000000000015,0.333206798298126,1.010257131649168,0.052953419863946645,1,1
S1,941,18.82,0,1.9820000000000015,0.33520679829812594,1.01131723265973,0.05095538503515798,1,1
S1,942,18.84,0,1.9840000000000015,0.33720679829812594,1.0123366747553355,0.0489555904918222,1,1
S1,943,18.86,0,1.9860000000000015,0.33920679829812594,1.0133154211038276,0.046955835914046236,1,1
S1,944,18.88,0,1.9880000000000015,0.34120679829812595,1.0142534742945468,0.04495792094597069,1,1
S1,945,18.900000000000002,0,1.9900000000000015,0.34320679829812595,1.015150876328845,0.042963643576211616,1,1
S1,946,18.92,0,1.9920000000000015,0.345206798298126,1.0160077085614592,0.04097479851979212,1,1
S1,947,18.94,0,1.9940000000000015,0.34720679829812595,1.016824091592904,0.03899317560301996,1,1
S1,948,18.96,0,1.9960000000000016,0.34920679829812595,1.0176001851131464,0.0370205581527647,1,1
S1,949,18.98,0,1.9980000000000016,0.351206798298126,1.0183361876969343,0.035058721391583884,1,1
S1,950,19.0,1,2.0000000000000013,0.32744069113261365,1.0190323365512683,0.03310943084014257,1,1
S1,951,19.02,0,2.002000000000001,0.3294406911326136,1.0196889072155997,0.031174440728363884,1,1
S1,952,19.04,0,2.004000000000001,0.3314406911326136,1.0203062132154501,0.029255492416740518,1,1
S1,953,19.06,0,2.0060000000000007,0.33344069113261354,1.0208846056702459,0.027354312829227807,1,1
S1,954,19.080000000000002,0,2.0080000000000005,0.33544069113261354,1.0214244728562596,0.025472612899128735,1,1
S1,955,19.1,0,2.0100000000000002,0.33744069113261355,1.0219262397256432,0.023612086029369463,1,1
S1,956,19.12,0,2.012,0.3394406911326136,1.0223903673826333,0.021774406568550973,1,1
S1,957,19.14,0,2.014,0.34144069113261355,1.0228173525180881,0.01996122830414836,1,1
S1,958,19.16,0,2.0159999999999996,0.3434406911326135,1.0232077268036053,0.018174182974213728,1,1
S1,959,19.18,0,2.0179999999999993,0.3454406911326135,1.0235620562465444,0.016414878798922075,1,1
S1,960,19.2,1,2.019999999999999,0.33345399442023277,1.023880940507346,0.014684899033281695,1,1
S1,961,19.22,0,2.021999999999999,0.33545399442023277,1.0241650121806158,0.012985800542311533,1,1
S1,962,19.240000000000002,0,2.0239999999999987,0.3374539944202328,1.0244149360414965,0.011319112399967756,1,1
S1,963,19.26,0,2.0259999999999985,0.33945399442023283,1.0246314082589059,0.009686334513080399,1,1
S1,964,19.28,0,2.0279999999999982,0.3414539944202328,1.024815155577278,0.008088936271538456,1,1
S1,965,19.3,0,2.029999999999998,0.3434539944202328,1.024966934468478,0.006528355225938171,1,1
S1,966,19.32,0,2.031999999999998,0.3454539944202328,1.0250875302556082,0.005005995793884525,1,1
S1,967,19.34,0,2.0339999999999976,0.3474539944202328,1.0251777562104465,0.003523227996110182,1,1
S1,968,19.36,0,2.0359999999999974,0.3494539944202328,1.0252384526262948,0.00208138622354932,1,1
S1,969,19.38,0,2.037999999999997,0.3514539944202328,1.0252704858680224,0.0006817680364758437,1,1
S1,970,19.400000000000002,1,2.039999999999997,0.33496959665257015,1.0252747474011106,-0.0006743670032132788,1,1
S1,971,19.42,0,2.0419999999999967,0.3369695966525702,1.0252521528015097,-0.0019857984655186917,1,1
S1,972,19.44,0,2.0439999999999965,0.3389695966525702,1.0252036407481202,-0.0032513461506432874,1,1
S1,973,19.46,0,2.0459999999999963,0.3409695966525702,1.0251301719997012,-0.004469871151092366,1,1
S1,974,19.48,0,2.047999999999996,0.3429695966525702,1.0250327283580027,-0.005640276876613488,1,1
S1,975,19.5,0,2.049999999999996,0.3449695966525702,1.0249123116188983,-0.0067615100410537005,1,1
S1,976,19.52,0,2.0519999999999956,0.3469695966525702,1.024769942513271,-0.00783256161024598,1,1
S1,977,19.54,0,2.0539999999999954,0.3489695966525702,1.024606659639378,-0.008852467710071862,1,1
S1,978,19.56,0,2.055999999999995,0.3509695966525702,1.0244235183883839,-0.009820310493883098,1,1
S1,979,19.580000000000002,0,2.057999999999995,0.35296959665257027,1.024221589864717,-0.010735218968501693,1,1
S1,980,19.6,1,2.0599999999999947,0.3307871037894568,1.0240019598028507,-0.011596369778054953,1,1
S1,981,19.62,0,2.0619999999999945,0.3327871037894568,1.023765727482077,-0.012402987944940215,1,1
S1,982,19.64,0,2.0639999999999943,0.3347871037894568,1.023514004640771,-0.013154347567252384,1,1
S1,983,19.66,0,2.065999999999994,0.3367871037894568,1.0232479143915991,-0.013849772472046624,1,1
S1,984,19.68,0,2.067999999999994,0.33878710378945687,1.0229685901390637,-0.014488636823848391,1,1
S1,985,19.7,0,2.0699999999999936,0.34078710378945687,1.0226771745007008,-0.015070365687863125,1,1
S1,986,19.72,0,2.0719999999999934,0.3427871037894568,1.0223748182331986,-0.015594435547378722,1,1
S1,987,19.740000000000002,0,2.073999999999993,0.3447871037894569,1.0220626791646221,-0.016060374774895275,1,1
S1,988,19.76,0,2.075999999999993,0.3467871037894568,1.021741921133863,-0.016467764056557973,1,1
S1,989,19.78,0,2.0779999999999927,0.34878710378945676,1.02141371293836,-0.016816236769511276,1,1
S1,990,19.8,1,2.0799999999999925,0.3345854212411792,1.021079227291063,-0.01710547931183472,1,1
S1,991,19.82,0,2.0819999999999923,0.33658542124117924,1.0207396397875315,-0.017335231384763505,1,1
S1,992,19.84,0,2.083999999999992,0.33858542124117924,1.0203961278839937,-0.0175052862269398,1,1
S1,993,19.86,0,2.085999999999992,0.34058542124117924,1.0200498698871037,-0.017615490800483996,1,1
S1,994,19.88,0,2.0879999999999916,0.34258542124117924,1.0197020439560656,-0.017665745928718488,1,1
S1,995,19.900000000000002,0,2.0899999999999914,0.3445854212411792,1.0193538271177194,-0.017656006385419993,1,1
S1,996,19.92,0,2.091999999999991,0.34658542124117925,1.0190063942951013,-0.017586280935520074,1,1
S1,997,19.94,0,2.093999999999991,0.34858542124117925,1.0186609173499261,-0.017456632327217312,1,1
S1,998,19.96,0,2.0959999999999908,0.35058542124117925,1.0183185641393622,-0.01726717723550817,1,1
S1,999,19.98,0,2.0979999999999905,0.3525854212411792,1.0179804975874034,-0.01701808615718734,1,1
S1,1000,20.0,1,2.0999999999999903,0.33309591636582647,1.0176478747710753,-0.01670958325741217,1,1
S2,0,0.0,1,0.1,0.1,0.0,0.05,1,1
S2,1,0.02,0,0.10200000000000001,0.10200000000000001,0.0010006994284733753,0.05199910006749798,1,1
S2,2,0.04,0,0.10400000000000001,0.10400000000000001,0.002042076860969777,0.05399550114736839,1,1
S2,3,0.06,0,0.10600000000000001,0.10600000000000001,0.003124071482915606,0.055987406613392375,1,1
S2,4,0.08,0,0.10800000000000001,0.10800000000000001,0.004246583171669095,0.05797302388510011,1,1
S2,5,0.1,0,0.11000000000000001,0.11000000000000001,0.005409472627445651,0.059950566040972195,1,1
S2,6,0.12,0,0.11200000000000002,0.11200000000000002,0.006612561552795691,0.061918253426548435,1,1
S2,7,0.14,0,0.11400000000000002,0.11400000000000002,0.007855632880208371,0.06387431525599674,1,1
S2,8,0.16,0,0.11600000000000002,0.11600000000000002,0.009138431047307514,0.0658169912057008,1,1
S2,9,0.18,0,0.11800000000000002,0.11800000000000002,0.010460662319000953,0.06774453299843258,1,1
S2,10,0.2,0,0.12000000000000002,0.12000000000000001,0.011821995155841982,0.0696552059766838,1,1
S2,11,0.22,0,0.12200000000000003,0.12200000000000001,0.01322206062776193,0.07154729066374058,1,1
S2,12,0.24,0,0.12400000000000003,0.12400000000000001,0.01466045287223645,0.07341908431109645,1,1
S2,13,0.26,0,0.12600000000000003,0.126,0.016136729595855277,0.07526890243081108,1,1
S2,14,0.28,0,0.12800000000000003,0.128,0.017650412618176417,0.0770950803114357,1,1
S2,15,0.3,1,0.13000000000000003,0.1419202355547727,0.019200988456661072,0.07889597451614104,1,1
S2,16,0.32,0,0.13200000000000003,0.14392023555477268,0.02078790895140566,0.08066996436169961,1,1
S2,17,0.34,0,0.13400000000000004,0.14592023555477268,0.022410591928312143,0.08241545337699112,1,1
S2,18,0.36,0,0.13600000000000004,0.14792023555477268,0.024068421899267868,0.08413087073971877,1,1
S2,19,0.38,0,0.13800000000000004,0.1499202355547727,0.025760750797841455,0.08581467269004331,1,1
S2,20,0.4,0,0.14000000000000004,0.1519202355547727,0.027486898748942206,0.08746534391986266,1,1
S2,21,0.42,0,0.14200000000000004,0.15392023555477272,0.029246154870837236,0.08908139893648696,1,1
S2,22,0.44,0,0.14400000000000004,0.15592023555477272,0.031037778107873032,0.0906613833994817,1,1
S2,23,0.46,0,0.14600000000000005,0.1579202355547727,0.03286099809220688,0.0922038754294759,1,1
S2,24,0.48,0,0.14800000000000005,0.1599202355547727,0.03471501603281838,0.0937074868877577,1,1
S2,25,0.5,0,0.15000000000000005,0.1619202355547727,0.03659900563004227,0.09517086462550534,1,1
S2,26,0.52,0,0.15200000000000005,0.1639202355547727,0.03851211401384118,0.09659269170152988,1,1
S2,27,0.54,0,0.15400000000000005,0.16592023555477267,0.04045346270402042,0.09797168856743338,1,1
S2,28,0.56,0,0.15600000000000006,0.16792023555477267,0.04242214859057697,0.09930661421911599,1,1
S2,29,0.58,0,0.15800000000000006,0.16992023555477268,0.0444172449323708,0.100596267313596,1,1
S2,30,0.6,1,0.16000000000000006,0.12727210968747166,0.046437802372309205,0.10183948725013733,1,1
S2,31,0.62,0,0.16200000000000006,0.1292721096874717,0.048482849967243,0.10303515521471193,1,1
S2,32,0.64,0,0.16400000000000006,0.1312721096874717,0.05055139623078808,0.10418219518685684,1,1
S2,33,0.66,0,0.16600000000000006,0.1332721096874717,0.052642430187305814,0.10527957490802002,1,1
S2,34,0.68,0,0.16800000000000007,0.13527210968747166,0.054754922435301785,0.10632630681052332,1,1
S2,35,0.7000000000000001,0,0.17000000000000007,0.13727210968747167,0.0568878262185336,0.10732144890630678,1,1
S2,36,0.72,0,0.17200000000000007,0.13927210968747167,0.05904007850315498,0.10826410563465426,1,1
S2,37,0.74,0,0.17400000000000007,0.14127210968747167,0.06121060105926494,0.10915342866813767,1,1
S2,38,0.76,0,0.17600000000000007,0.14327210968747167,0.063398301545277,0.10998861767605439,1,1
S2,39,0.78,0,0.17800000000000007,0.14527210968747167,0.065602074593574,0.11076892104467086,1,1
S2,40,0.8,0,0.18000000000000008,0.14727210968747168,0.06782080289596899,0.11149363655362421,1,1
S2,41,0.8200000000000001,0,0.18200000000000008,0.14927210968747168,0.07005335828755077,0.11216211200787321,1,1
S2,42,0.84,0,0.18400000000000008,0.15127210968747168,0.07229860282755546,0.11277374582462979,1,1
S2,43,0.86,0,0.18600000000000008,0.15327210968747168,0.07455538987596956,0.11332798757474291,1,1
S2,44,0.88,0,0.18800000000000008,0.15527210968747168,0.07682256516463871,0.11382433847804765,1,1
S2,45,0.9,1,0.19000000000000009,0.13427706759811386,0.07909896786172599,0.11426235185223374,1,1
S2,46,0.92,0,0.1920000000000001,0.13627706759811387,0.08138343162843596,0.11464163351482941,1,1
S2,47,0.9400000000000001,0,0.1940000000000001,0.13827706759811392,0.0836747856669945,0.11496184213793907,1,1
S2,48,0.96,0,0.1960000000000001,0.1402770675981139,0.0859718557589494,0.11522268955541536,1,1
S2,49,0.98,0,0.1980000000000001,0.1422770675981139,0.08827346529293234,0.11542394102218922,1,1
S2,50,1.0,0,0.2000000000000001,0.1442770675981139,0.09057843628109923,0.11556541542552463,1,1
S2,51,1.02,0,0.2020000000000001,0.1462770675981139,0.092885590363542,0.11564698544800782,1,1
S2,52,1.04,0,0.2040000000000001,0.1482770675981139,0.0951937498000408,0.11566857768212435,1,1
S2,53,1.06,0,0.2060000000000001,0.1502770675981139,0.0975017384486004,0.11563017269632096,1,1
S2,54,1.08,0,0.2080000000000001,0.15227706759811388,0.09980838273028875,0.11553180505249262,1,1
S2,55,1.1,0,0.2100000000000001,0.15427706759811388,0.10211251257996795,0.11537356327487916,1,1
S2,56,1.12,0,0.2120000000000001,0.1562770675981139,0.10441296238257823,0.11515558977039941,1,1
S2,57,1.1400000000000001,0,0.2140000000000001,0.1582770675981139,0.10670857189470392,0.11487808070049466,1,1
S2,58,1.16,0,0.2160000000000001,0.1602770675981139,0.10899818715121624,0.11454128580459651,1,1
S2,59,1.18,0,0.2180000000000001,0.16227706759811392,0.11128066135685033,0.11414550817537829,1,1
S2,60,1.2,1,0.2200000000000001,0.15125658418947513,0.11355485576263376,0.11369110398599211,1,1
S2,61,1.22,0,0.22200000000000011,0.15325658418947513,0.1158196405271401,0.11317848216953706,1,1
S2,62,1.24,0,0.22400000000000012,0.1552565841894751,0.1180738955625933,0.11260810405104701,1,1
S2,63,1.26,0,0.22600000000000012,0.1572565841894751,0.12031651136589765,0.11198048293232925,1,1
S2,64,1.28,0,0.22800000000000012,0.15925658418947514,0.12254638983471199,0.11129618363002745,1,1
S2,65,1.3,0,0.23000000000000012,0.16125658418947514,0.12476244506872751,0.11055582196732489,1,1
S2,66,1.32,0,0.23200000000000012,0.16325658418947514,0.1269636041563434,0.10976006421974506,1,1
S2,67,1.34,0,0.23400000000000012,0.16525658418947514,0.12914880794696582,0.10890962651554875,1,1
S2,68,1.36,0,0.23600000000000013,0.16725658418947514,0.1313170118091819,0.10800527419126693,1,1
S2,69,1.3800000000000001,0,0.23800000000000013,0.16925658418947515,0.13346718637508118,0.1070478211029495,1,1
S2,70,1.4000000000000001,0,0.24000000000000013,0.17125658418947515,0.13559831827101393,0.10603812889374978,1,1
S2,71,1.42,0,0.24200000000000013,0.17325658418947512,0.13770941083508648,0.10497710621850388,1,1
S2,72,1.44,0,0.24400000000000013,0.1752565841894751,0.13979948482170063,0.10386570792600265,1,1
S2,73,1.46,0,0.24600000000000014,0.1772565841894751,0.1418675790934452,0.1027049341996922,1,1
S2,74,1.48,0,0.24800000000000014,0.17925658418947513,0.14391275130064474,0.10149582965757635,1,1
S2,75,1.5,1,0.2500000000000001,0.1854892297673739,0.14593407854886198,0.10023948241213088,1,1
S2,76,1.52,0,0.2520000000000001,0.18748922976737387,0.14793065805463748,0.09893702309107578,1,1
S2,77,1.54,0,0.2540000000000001,0.1894892297673739,0.14990160778973266,0.09758962381988666,1,1
S2,78,1.56,0,0.2560000000000001,0.1914892297673739,0.15184606711412044,0.09619849716696086,1,1
S2,79,1.58,0,0.2580000000000001,0.19348922976737393,0.15376319739794087,0.09476489505238778,1,1
S2,80,1.6,0,0.2600000000000001,0.1954892297673739,0.1556521826326099,0.09329010762130528,1,1
S2,81,1.62,0,0.2620000000000001,0.1974892297673739,0.15751223003123405,0.0917754620828562,1,1
S2,82,1.6400000000000001,0,0.2640000000000001,0.1994892297673739,0.1593425706184472,0.09022232151578961,1,1
S2,83,1.6600000000000001,0,0.2660000000000001,0.2014892297673739,0.16114245980974384,0.08863208364178204,1,1
S2,84,1.68,0,0.2680000000000001,0.2034892297673739,0.16291117798033958,0.08700617956758226,1,1
S2,85,1.7,0,0.27000000000000013,0.2054892297673739,0.16464803102354253,0.08534607249711182,1,1
S2,86,1.72,0,0.27200000000000013,0.20748922976737388,0.16635235089857045,0.08365325641468027,1,1
S2,87,1.74,0,0.27400000000000013,0.2094892297673739,0.16802349616769674,0.08192925474050014,1,1
S2,88,1.76,0,0.27600000000000013,0.21148922976737392,0.16966085252255567,0.08017561895971158,1,1
S2,89,1.78,0,0.27800000000000014,0.21348922976737392,0.17126383329938272,0.07839392722615042,1,1
S2,90,1.8,1,0.28000000000000014,0.22073967634803704,0.17283187998291055,0.07658578294211629,1,1
S2,91,1.82,0,0.28200000000000014,0.222739676348037,0.174364462698585,0.07475281331541875,1,1
S2,92,1.84,0,0.28400000000000014,0.22473967634803707,0.1758610806927088,0.07289666789500009,1,1
S2,93,1.86,0,0.28600000000000014,0.22673967634803704,0.17732126280006555,0.07101901708645261,1,1
S2,94,1.8800000000000001,0,0.28800000000000014,0.2287396763480371,0.17874456789851892,0.0691215506487664,1,1
S2,95,1.9000000000000001,0,0.29000000000000015,0.23073967634803705,0.18013058535002918,0.06720597617366023,1,1
S2,96,1.92,0,0.29200000000000015,0.23273967634803705,0.18147893542747381,0.06527401754886428,1,1
S2,97,1.94,0,0.29400000000000015,0.23473967634803702,0.1827892697266078,0.06332741340673757,1,1
S2,98,1.96,0,0.29600000000000015,0.23673967634803703,0.18406127156244895,0.0613679155596162,1,1
S2,99,1.98,0,0.29800000000000015,0.23873967634803706,0.1852946563493255,0.059397287423300436,1,1
S2,100,2.0,0,0.30000000000000016,0.24073967634803708,0.18648917196377868,0.05741730243009954,1,1
S2,101,2.02,0,0.30200000000000016,0.24273967634803706,0.18764459908947054,0.05542974243286243,1,1
S2,102,2.04,0,0.30400000000000016,0.24473967634803706,0.18876075154320834,0.05343639610143034,1,1
S2,103,2.06,0,0.30600000000000016,0.24673967634803706,0.18983747658116237,0.051439057312954714,1,1
S2,104,2.08,0,0.30800000000000016,0.2487396763480371,0.19087465518432195,0.049439523537528854,1,1
S2,105,2.1,1,0.31000000000000016,0.2454278826071844,0.19187220232220845,0.04743959422058617,1,1
S2,106,2.12,0,0.31200000000000017,0.2474278826071844,0.19283006719384033,0.045441069163520725,1,1
S2,107,2.14,0,0.31400000000000017,0.2494278826071844,0.19374823344492836,0.04344574690398749,1,1
S2,108,2.16,0,0.31600000000000017,0.25142788260718435,0.19462671936026532,0.04145542309733983,1,1
S2,109,2.18,0,0.31800000000000017,0.2534278826071844,0.19546557803026718,0.0394718889006609,1,1
S2,110,2.2,0,0.3200000000000002,0.2554278826071844,0.19626489749061915,0.037496929360843166,1,1
S2,111,2.22,0,0.3220000000000002,0.25742788260718436,0.1970248008339834,0.035532321808166706,1,1
S2,112,2.24,0,0.3240000000000002,0.25942788260718436,0.19774544629273222,0.033579834256821886,1,1
S2,113,2.2600000000000002,0,0.3260000000000002,0.26142788260718436,0.19842702729168465,0.03164122381381596,1,1
S2,114,2.2800000000000002,0,0.3280000000000002,0.2634278826071844,0.19906977246984348,0.029718235097695365,1,1
S2,115,2.3000000000000003,0,0.3300000000000002,0.2654278826071844,0.1996739456701536,0.027812598668506754,1,1
S2,116,2.32,0,0.3320000000000002,0.2674278826071843,0.20023984589633367,0.0259260294704098,1,1
S2,117,2.34,0,0.3340000000000002,0.2694278826071844,0.20076780723586815,0.024060225288343194,1,1
S2,118,2.36,0,0.3360000000000002,0.2714278826071844,0.20125819874828832,0.022216865220132786,1,1
S2,119,2.38,0,0.3380000000000002,0.2734278826071844,0.20171142431791736,0.020397608165416897,1,1
S2,120,2.4,1,0.3400000000000002,0.26880214058643426,0.20212792247030656,0.018604091332748603,1,1
S2,121,2.42,0,0.3420000000000002,0.27080214058643426,0.2025081661516467,0.01683792876621855,1,1
S2,122,2.44,0,0.3440000000000002,0.2728021405864342,0.2028526624705005,0.01510070989292422,1,1
S2,123,2.46,0,0.3460000000000002,0.27480214058643426,0.2031619524012687,0.01339399809259282,1,1
S2,124,2.48,0,0.3480000000000002,0.27680214058643426,0.20343661044887446,0.011719329290645059,1,1
S2,125,2.5,0,0.3500000000000002,0.27880214058643427,0.2036772442742249,0.010078210575965937,1,1
S2,126,2.52,0,0.3520000000000002,0.2808021405864343,0.20388449428008928,0.008472118844626475,1,1
S2,127,2.54,0,0.3540000000000002,0.28280214058643427,0.2040590331571166,0.0069024994707769394,1,1
S2,128,2.56,0,0.3560000000000002,0.2848021405864342,0.20420156538980155,0.0053707650059076645,1,1
S2,129,2.58,0,0.3580000000000002,0.2868021405864342,0.20431282672229847,0.003878293907648058,1,1
S2,130,2.6,0,0.3600000000000002,0.2888021405864342,0.20439358358407494,0.0024264292992477775,1,1
S2,131,2.62,0,0.3620000000000002,0.2908021405864342,0.20444463247549194,0.0010164777608564616,1,1
S2,132,2.64,0,0.3640000000000002,0.2928021405864342,0.20446679931349493,-0.0003502918463102109,1,1
S2,133,2.66,0,0.3660000000000002,0.2948021405864343,0.20446093873769827,-0.0016726495218599715,1,1
S2,134,2.68,0,0.3680000000000002,0.2968021405864343,0.20442793337724585,-0.0029494052331412906,1,1
S2,135,2.7,1,0.3700000000000002,0.29180192716514475,0.2043686930789316,-0.00417940998619244,1,1
S2,136,2.72,0,0.3720000000000002,0.29380192716514475,0.2042841540971645,-0.005361556859758502,1,1
S2,137,2.74,0,0.3740000000000002,0.29580192716514475,0.20417527824646423,-0.006494782001445791,1,1
S2,138,2.7600000000000002,0,0.3760000000000002,0.29780192716514475,0.20404305201727424,-0.0075780655851171875,1,1
S2,139,2.7800000000000002,0,0.3780000000000002,0.29980192716514475,0.2038884856559794,-0.008610432728666836,1,1
S2,140,2.8000000000000003,0,0.3800000000000002,0.30180192716514476,0.20371261221011353,-0.009590954371348236,1,1
S2,141,2.82,0,0.38200000000000023,0.30380192716514476,0.2035164865398399,-0.010518748109866197,1,1
S2,142,2.84,0,0.38400000000000023,0.30580192716514476,0.20330118429688235,-0.011392978992480252,1,1
S2,143,2.86,0,0.38600000000000023,0.30780192716514476,0.20306780087217768,-0.012212860270404864,1,1
S2,144,2.88,0,0.38800000000000023,0.3098019271651447,0.20281745031360895,-0.012977654105830225,1,1
S2,145,2.9,0,0.39000000000000024,0.31180192716514477,0.20255126421526684,-0.013686672235926489,1,1
S2,146,2.92,0,0.39200000000000024,0.31380192716514477,0.20227039057976803,-0.014339276592233855,1,1
S2,147,2.94,0,0.39400000000000024,0.31580192716514477,0.20197599265523916,-0.014934879874881122,1,1
S2,148,2.96,0,0.39600000000000024,0.31780192716514477,0.20166924774864892,-0.015472946081115923,1,1
S2,149,2.98,0,0.39800000000000024,0.3198019271651448,0.2013513460172414,-0.01595299098767102,1,1
S2,150,3.0,1,0.40000000000000024,0.3168952914369185,0.20102348923988825,-0.01637458258653258,1,1
S2,151,3.02,0,0.40200000000000025,0.3188952914369186,0.20068688957023723,-0.016737341473718203,1,1
S2,152,3.04,0,0.40400000000000025,0.32089529143691864,0.200342768273589,-0.017040941190714913,1,1
S2,153,3.06,0,0.40600000000000025,0.3228952914369186,0.19999235444948282,-0.017285108518269778,1,1
S2,154,3.08,0,0.40800000000000025,0.32489529143691853,0.1996368837420141,-0.0174696237222688,1,1
S2,155,3.1,0,0.41000000000000025,0.3268952914369186,0.19927759703994374,-0.017594320751482786,1,1
S2,156,3.12,0,0.41200000000000025,0.3288952914369186,0.19891573916868935,-0.017659087387002236,1,1
S2,157,3.14,0,0.41400000000000026,0.3308952914369186,0.19855255757631232,-0.0176638653432268,1,1
S2,158,3.16,0,0.41600000000000026,0.3328952914369186,0.1981893010156325,-0.017608650320318376,1,1
S2,159,3.18,0,0.41800000000000026,0.3348952914369186,0.19782721822461274,-0.017493492008070682,1,1
S2,160,3.2,0,0.42000000000000026,0.3368952914369186,0.1974675566071598,-0.01731849404119179,1,1
S2,161,3.22,0,0.42200000000000026,0.33889529143691854,0.19711156091648654,-0.01708381390603988,1,1
S2,162,3.24,0,0.42400000000000027,0.3408952914369186,0.1967604719431702,-0.016789662798896154,1,1
S2,163,3.2600000000000002,0,0.42600000000000027,0.34289529143691855,0.19641552521002686,-0.01643630543590244,1,1
S2,164,3.2800000000000002,0,0.42800000000000027,0.3448952914369186,0.19607794967590012,-0.016024059814834523,1,1
S2,165,3.3000000000000003,1,0.43000000000000027,0.33724984471896524,0.19574896645043258,-0.01555329692892562,1,1
S2,166,3.3200000000000003,0,0.4320000000000003,0.33924984471896524,0.1954297875218556,-0.01502444043299751,1,1
S2,167,3.34,0,0.4340000000000003,0.34124984471896525,0.19512161449979054,-0.014437966262199783,1,1
S2,168,3.36,0,0.4360000000000003,0.34324984471896525,0.1948256373750081,-0.013794402203700339,1,1
S2,169,3.38,0,0.4380000000000003,0.3452498447189652,0.19454303329804085,-0.013094327421712558,1,1
S2,170,3.4,0,0.4400000000000003,0.34724984471896525,0.1942749653784842,-0.012338371936286598,1,1
S2,171,3.42,0,0.4420000000000003,0.3492498447189652,0.1940225815067596,-0.011527216056333877,1,1
S2,172,3.44,0,0.4440000000000003,0.35124984471896525,0.19378701320004355,-0.010661589767394973,1,1
S2,173,3.46,0,0.4460000000000003,0.3532498447189652,0.19356937447399464,-0.009742272074701911,1,1
S2,174,3.48,0,0.4480000000000003,0.35524984471896526,0.1933707607418323,-0.00877009030212603,1,1
S2,175,3.5,0,0.4500000000000003,0.3572498447189652,0.19319224774223995,-0.0077459193476423485,1,1
S2,176,3.52,0,0.4520000000000003,0.35924984471896526,0.1930348904974802,-0.006670680895980437,1,1
S2,177,3.54,0,0.4540000000000003,0.36124984471896526,0.19289972230302094,-0.005545342589170372,1,1
S2,178,3.56,0,0.4560000000000003,0.3632498447189652,0.19278775374988008,-0.004370917155730226,1,1
S2,179,3.58,0,0.4580000000000003,0.3652498447189652,0.19269997178080298,-0.0031484614992787555,1,1
S2,180,3.6,1,0.4600000000000003,0.3330562971953407,0.1926373387812896,-0.0018790757473934876,1,1
S2,181,3.62,0,0.4620000000000003,0.3350562971953407,0.192600791706392,-0.0005639022615701497,1,1
S2,182,3.64,0,0.4640000000000003,0.3370562971953407,0.192591241244102,0.0007958753908255645,1,1
S2,183,3.66,0,0.4660000000000003,0.3390562971953407,0.19260957101605078,0.002199033501688737,1,1
S2,184,3.68,0,0.4680000000000003,0.34105629719534075,0.19265663681613915,0.00364430932342992,1,1
S2,185,3.7,0,0.4700000000000003,0.3430562971953407,0.1927332658876192,0.00513040220536274,1,1
S2,186,3.72,0,0.4720000000000003,0.3450562971953407,0.19284025623904588,0.006655974764201717,1,1
S2,187,3.74,0,0.4740000000000003,0.3470562971953407,0.1929783759994183,0.008219654087616953,1,1
S2,188,3.7600000000000002,0,0.4760000000000003,0.34905629719534076,0.19314836281273212,0.009820032969762565,1,1
S2,189,3.7800000000000002,0,0.4780000000000003,0.3510562971953407,0.1933509232720676,0.011455671177666955,1,1
S2,190,3.8000000000000003,0,0.4800000000000003,0.35305629719534065,0.1935867323932429,0.013125096747345275,1,1
S2,191,3.8200000000000003,0,0.4820000000000003,0.3550562971953407,0.19385643312796993,0.014826807308467659,1,1
S2,192,3.84,0,0.4840000000000003,0.3570562971953407,0.19416063591635993,0.016559271436391115,1,1
S2,193,3.86,0,0.4860000000000003,0.35905629719534066,0.19449991827853919,0.01832093003033833,1,1
S2,194,3.88,0,0.4880000000000003,0.3610562971953407,0.19487482444505225,0.020110197716483147,1,1
S2,195,3.9,1,0.4900000000000003,0.3349808346871902,0.19528586502564954,0.021925464274679972,1,1
S2,196,3.92,0,0.4920000000000003,0.3369808346871902,0.19573351671598116,0.02376509608755325,1,1
S2,197,3.94,0,0.4940000000000003,0.33898083468719026,0.19621822204164632,0.025627437610642814,1,1
S2,198,3.96,0,0.49600000000000033,0.3409808346871902,0.19674038913898176,0.02751081286228217,1,1
S2,199,3.98,0,0.49800000000000033,0.34298083468719015,0.19730039157190893,0.029413526931868852,1,1
S2,200,4.0,0,0.5000000000000003,0.3449808346871902,0.19789856818410326,0.03133386750516958,1,1
S2,201,4.0200000000000005,0,0.5020000000000003,0.3469808346871902,0.19853522298569573,0.03327010640528749,1,1
S2,202,4.04,0,0.5040000000000003,0.3489808346871902,0.1992106250736704,0.035220501147904676,1,1
S2,203,4.0600000000000005,0,0.5060000000000003,0.3509808346871902,0.19992500858507886,0.03718329650940048,1,1
S2,204,4.08,0,0.5080000000000003,0.3529808346871902,0.2006785726821573,0.03915672610643426,1,1
S2,205,4.1,0,0.5100000000000003,0.3549808346871902,0.20147148156840006,0.041139013985571196,1,1
S2,206,4.12,0,0.5120000000000003,0.3569808346871902,0.2023038645346187,0.04312837622152048,1,1
S2,207,4.14,0,0.5140000000000003,0.3589808346871903,0.20317581603399587,0.045123022522547684,1,1
S2,208,4.16,0,0.5160000000000003,0.3609808346871902,0.20408739578512855,0.04712115784161647,1,1
S2,209,4.18,0,0.5180000000000003,0.36298083468719017,0.20503862890204747,0.04912098399180975,1,1
S2,210,4.2,1,0.5200000000000004,0.34715449239260815,0.2060295060501951,0.05112070126457658,1,1
S2,211,4.22,0,0.5220000000000004,0.34915449239260815,0.20705998362734737,0.05311851004934833,1,1
S2,212,4.24,0,0.5240000000000004,0.3511544923926082,0.20812998396847146,0.055112612453066756,1,1
S2,213,4.26,0,0.5260000000000004,0.35315449239260815,0.20923939557352378,0.05710121391816639,1,1
S2,214,4.28,0,0.5280000000000004,0.3551544923926082,0.21038807335720994,0.0590825248375552,1,1
S2,215,4.3,0,0.5300000000000004,0.3571544923926082,0.21157583891975001,0.061054762165140226,1,1
S2,216,4.32,0,0.5320000000000004,0.35915449239260816,0.2128024808377188,0.06301615102044866,1,1
S2,217,4.34,0,0.5340000000000004,0.36115449239260816,0.21406775497406105,0.0649649262859005,1,1
S2,218,4.36,0,0.5360000000000004,0.36315449239260816,0.21537138480641632,0.06689933419529523,1,1
S2,219,4.38,0,0.5380000000000004,0.3651544923926082,0.21671306177292576,0.06881763391208301,1,1
S2,220,4.4,0,0.5400000000000004,0.36715449239260817,0.21809244563473487,0.07071809909600008,1,1
S2,221,4.42,0,0.5420000000000004,0.36915449239260817,0.21950916485445068,0.07259901945665845,1,1
S2,222,4.44,0,0.5440000000000004,0.37115449239260817,0.22096281698985848,0.07445870229269184,1,1
S2,223,4.46,0,0.5460000000000004,0.3731544923926082,0.22245296910225337,0.07629547401507268,1,1
S2,224,4.48,0,0.5480000000000004,0.3751544923926082,0.22397915817879288,0.07810768165322918,1,1
S2,225,4.5,1,0.5500000000000004,0.34431191877518275,0.22554089156833027,0.07989369434260733,1,1
S2,226,4.5200000000000005,0,0.5520000000000004,0.34631191877518275,0.22713764743024256,0.08165190479233896,1,1
S2,227,4.54,0,0.5540000000000004,0.34831191877518275,0.22876887519582242,0.08338073073169493,1,1
S2,228,4.5600000000000005,0,0.5560000000000004,0.35031191877518275,0.2304339960418591,0.08507861633402207,1,1
S2,229,4.58,0,0.5580000000000004,0.35231191877518275,0.23213240337608929,0.08674403361688214,1,1
S2,230,4.6000000000000005,0,0.5600000000000004,0.3543119187751827,0.2338634633342551,0.08837548381713285,1,1
S2,231,4.62,0,0.5620000000000004,0.35631191877518276,0.23562651528856038,0.08997149873971357,1,1
S2,232,4.64,0,0.5640000000000004,0.35831191877518276,0.23742087236737205,0.09153064207892174,1,1
S2,233,4.66,0,0.5660000000000004,0.3603119187751827,0.23924582198606462,0.0930515107109911,1,1
S2,234,4.68,0,0.5680000000000004,0.36231191877518276,0.24110062638895813,0.09453273595680835,1,1
S2,235,4.7,0,0.5700000000000004,0.36431191877518276,0.24298452320234826,0.09597298481363194,1,1
S2,236,4.72,0,0.5720000000000004,0.36631191877518277,0.24489672599867404,0.09737096115470462,1,1
S2,237,4.74,0,0.5740000000000004,0.3683119187751828,0.24683642487191276,0.09872540689567999,1,1
S2,238,4.76,0,0.5760000000000004,0.37031191877518277,0.24880278702433212,0.10003510312681352,1,1
S2,239,4.78,0,0.5780000000000004,0.37231191877518277,0.2507949573647681,0.10129887120989903,1,1
S2,240,4.8,1,0.5800000000000004,0.3671243136583817,0.25281205911863025,0.10251557383896354,1,1
S2,241,4.82,0,0.5820000000000004,0.3691243136583817,0.254853194449867,0.10368411606376585,1,1
S2,242,4.84,0,0.5840000000000004,0.3711243136583817,0.2569174450951493,0.10480344627517786,1,1
S2,243,4.86,0,0.5860000000000004,0.3731243136583817,0.2590038730105536,0.10587255715156184,1,1
S2,244,4.88,0,0.5880000000000004,0.3751243136583817,0.2611115210310419,0.10689048656529186,1,1
S2,245,4.9,0,0.5900000000000004,0.3771243136583817,0.2632394135430504,0.10785631844860374,1,1
S2,246,4.92,0,0.5920000000000004,0.37912431365838173,0.26538655717050585,0.10876918361799419,1,1
S2,247,4.94,0,0.5940000000000004,0.38112431365838173,0.2675519414745926,0.1096282605564273,1,1
S2,248,4.96,0,0.5960000000000004,0.38312431365838173,0.26973453966759237,0.11043277615264445,1,1
S2,249,4.98,0,0.5980000000000004,0.3851243136583817,0.2719333093411105,0.11118200639691221,1,1
S2,250,5.0,0,0.6000000000000004,0.38712431365838174,0.27414719320899406,0.11187527703258227,1,1
S2,251,5.0200000000000005,0,0.6020000000000004,0.38912431365838174,0.2763751198652279,0.11251196416287687,1,1
S2,252,5.04,0,0.6040000000000004,0.39112431365838174,0.27861600455707547,0.11309149481235387,1,1
S2,253,5.0600000000000005,0,0.6060000000000004,0.39312431365838174,0.2808687499737045,0.11361334744254585,1,1
S2,254,5.08,0,0.6080000000000004,0.3951243136583818,0.2831322470505058,0.11407705242130965,1,1
S2,255,5.1000000000000005,1,0.6100000000000004,0.3840900347547829,0.28540537578927977,0.11448219244546354,1,1
S2,256,5.12,0,0.6120000000000004,0.38609003475478293,0.2876870060944225,0.1148284029163319,1,1
S2,257,5.14,0,0.6140000000000004,0.38809003475478293,0.28997599862520157,0.11511537226785945,1,1
S2,258,5.16,0,0.6160000000000004,0.39009003475478293,0.29227120566416037,0.11534284224699969,1,1
S2,259,5.18,0,0.6180000000000004,0.392090034754783,0.294571472001638,0.11551060814612513,1,1
S2,260,5.2,0,0.6200000000000004,0.39409003475478294,0.29687563583633647,0.11561851898725042,1,1
S2,261,5.22,0,0.6220000000000004,0.39609003475478294,0.2991825296918043,0.11566647765790233,1,1
S2,262,5.24,0,0.6240000000000004,0.39809003475478283,0.30149098134864516,0.11565444099851437,1,1
S2,263,5.26,0,0.6260000000000004,0.4000900347547829,0.3037998147921919,0.11558241984126753,1,1
S2,264,5.28,0,0.6280000000000004,0.4020900347547829,0.30610785117531897,0.11545047900034207,1,1
S2,265,5.3,0,0.6300000000000004,0.4040900347547829,0.30841390979599403,0.11525873721358908,1,1
S2,266,5.32,0,0.6320000000000005,0.40609003475478295,0.3107168090890979,0.11500736703567445,1,1
S2,267,5.34,0,0.6340000000000005,0.40809003475478295,0.3130153676319659,0.11469659468279132,1,1
S2,268,5.36,0,0.6360000000000005,0.4100900347547829,0.3153084051630298,0.1143266998290808,1,1
S2,269,5.38,0,0.6380000000000005,0.4120900347547829,0.3175947436128606,0.11389801535494404,1,1
S2,270,5.4,1,0.6400000000000005,0.3658509228943818,0.31987320814683756,0.11341092704747245,1,1
S2,271,5.42,0,0.6420000000000005,0.3678509228943818,0.322142628218591,0.11286587325326529,1,1
S2,272,5.44,0,0.6440000000000005,0.3698509228943818,0.32440183863328903,0.1122633444839473,1,1
S2,273,5.46,0,0.6460000000000005,0.3718509228943819,0.326649680619763,0.11160388297474141,1,1
S2,274,5.48,0,0.6480000000000005,0.3738509228943818,0.32888500291039247,0.11088808219649358,1,1
S2,275,5.5,0,0.6500000000000005,0.3758509228943818,0.3311066628275948,0.11011658632158915,1,1
S2,276,5.5200000000000005,0,0.6520000000000005,0.3778509228943819,0.3333135273756965,0.1092900896442411,1,1
S2,277,5.54,0,0.6540000000000005,0.3798509228943819,0.33550447433689023,0.10840933595567219,1,1
S2,278,5.5600000000000005,0,0.6560000000000005,0.38185092289438183,0.33767839336992,0.10747511787475306,1,1
S2,279,5.58,0,0.6580000000000005,0.38385092289438183,0.3398341871100681,0.10648827613469869,1,1
S2,280,5.6000000000000005,0,0.6600000000000005,0.38585092289438183,0.3419707722689627,0.10544969882646532,1,1
S2,281,5.62,0,0.6620000000000005,0.38785092289438183,0.3440870807326657,0.10436032059952849,1,1
S2,282,5.64,0,0.6640000000000005,0.38985092289438183,0.34618206065644846,0.10322112182076162,1,1
S2,283,5.66,0,0.6660000000000005,0.39185092289438184,0.34825467755461764,0.102033127692172,1,1
S2,284,5.68,0,0.6680000000000005,0.39385092289438184,0.3503039153837072,0.10079740732828815,1,1
S2,285,5.7,1,0.6700000000000005,0.3363178075962808,0.3523287776173174,0.09951507279402895,1,1
S2,286,5.72,0,0.6720000000000005,0.33831780759628083,0.354328288310847,0.09818727810392025,1,1
S2,287,5.74,0,0.6740000000000005,0.34031780759628083,0.3563014931543376,0.09681521818355969,1,1
S2,288,5.76,0,0.6760000000000005,0.34231780759628083,0.3582474605116287,0.09540012779426432,1,1
S2,289,5.78,0,0.6780000000000005,0.3443178075962808,0.36016528244400364,0.09394328042186878,1,1
S2,290,5.8,0,0.6800000000000005,0.34631780759628084,0.3620540757164994,0.09244598713067398,1,1
S2,291,5.82,0,0.6820000000000005,0.3483178075962808,0.3639129827850464,0.09090959538357773,1,1
S2,292,5.84,0,0.6840000000000005,0.35031780759628084,0.36574117276260937,0.08933548782944908,1,1
S2,293,5.86,0,0.6860000000000005,0.35231780759628084,0.36753784236250625,0.08772508105883768,1,1
S2,294,5.88,0,0.6880000000000005,0.35431780759628084,0.3693022168171,0.08607982432913788,1,1
S2,295,5.9,0,0.6900000000000005,0.35631780759628084,0.37103355077007577,0.08440119826035491,1,1
S2,296,5.92,0,0.6920000000000005,0.3583178075962808,0.37273112914054646,0.08269071350264683,1,1
S2,297,5.94,0,0.6940000000000005,0.3603178075962808,0.3743942679572614,0.0809499093768413,1,1
S2,298,5.96,0,0.6960000000000005,0.3623178075962808,0.37602231516123374,0.07918035248915078,1,1
S2,299,5.98,0,0.6980000000000005,0.36431780759628085,0.37761465137514794,0.07738363532133272,1,1
S2,300,6.0,1,0.7000000000000005,0.33668030701926144,0.37917069063795994,0.07556137479756336,1,1
S2,301,6.0200000000000005,0,0.7020000000000005,0.33868030701926144,0.3806898811031618,0.07371521082931522,1,1
S2,302,6.04,0,0.7040000000000005,0.34068030701926144,0.3821717056992446,0.07184680483954736,1,1
S2,303,6.0600000000000005,0,0.7060000000000005,0.3426803070192614,0.3836156827509629,0.06995783826753699,1,1
S2,304,6.08,0,0.7080000000000005,0.34468030701926133,0.3850213665600783,0.06805001105569747,1,1
S2,305,6.1000000000000005,0,0.7100000000000005,0.3466803070192614,0.3863883479443371,0.06612504011974499,1,1
S2,306,6.12,0,0.7120000000000005,0.3486803070192614,0.3877162547335229,0.06418465780359027,1,1
S2,307,6.140000000000001,0,0.7140000000000005,0.35068030701926145,0.3890047522215112,0.06223061032034598,1,1
S2,308,6.16,0,0.7160000000000005,0.35268030701926145,0.3902535435733449,0.06026465618085278,1,1
S2,309,6.18,0,0.7180000000000005,0.3546803070192614,0.39146237018644686,0.058288564611138294,1,1
S2,310,6.2,0,0.7200000000000005,0.3566803070192614,0.3926310120051829,0.05630411396023309,1,1
S2,311,6.22,0,0.7220000000000005,0.3586803070192614,0.3937592877880919,0.05431309009977658,1,1
S2,312,6.24,0,0.7240000000000005,0.3606803070192614,0.39484705532720266,0.052317284816853084,1,1
S2,313,6.26,0,0.7260000000000005,0.36268030701926146,0.3958942116189662,0.05031849420150443,1,1
S2,314,6.28,0,0.7280000000000005,0.3646803070192614,0.39690069298643815,0.048318517030370114,1,1
S2,315,6.3,1,0.7300000000000005,0.3507033373802746,0.39786647515245693,0.04631915314790974,1,1
S2,316,6.32,0,0.7320000000000005,0.3527033373802746,0.39879157326367476,0.04432220184666452,1,1
S2,317,6.34,0,0.7340000000000005,0.35470333738027465,0.399676041865409,0.0423294602480154,1,1
S2,318,6.36,0,0.7360000000000005,0.35670333738027465,0.4005199748273922,0.04034272168489514,1,1
S2,319,6.38,0,0.7380000000000005,0.3587033373802746,0.4013235052206116,0.03836377408790972,1,1
S2,320,6.4,0,0.7400000000000005,0.36070333738027466,0.4020868051455386,0.03639439837632146,1,1
S2,321,6.42,0,0.7420000000000005,0.3627033373802746,0.40281008551215636,0.03443636685534193,1,1
S2,322,6.44,0,0.7440000000000005,0.36470333738027455,0.4034935957723041,0.03249144162117685,1,1
S2,323,6.46,0,0.7460000000000006,0.3667033373802746,0.4041376236049583,0.030561372975258447,1,1
S2,324,6.48,0,0.7480000000000006,0.3687033373802746,0.40474249455517786,0.028647897849092326,1,1
S2,325,6.5,0,0.7500000000000006,0.3707033373802746,0.40530857162753714,0.026752738241136338,1,1
S2,326,6.5200000000000005,0,0.7520000000000006,0.37270333738027456,0.4058362548349697,0.024877599667118208,1,1
S2,327,6.54,0,0.7540000000000006,0.3747033373802746,0.40632598070403864,0.0230241696251865,1,1
S2,328,6.5600000000000005,0,0.7560000000000006,0.3767033373802746,0.4067782217377384,0.021194116077276174,1,1
S2,329,6.58,0,0.7580000000000006,0.3787033373802746,0.4071934858370187,0.01938908594805544,1,1
S2,330,6.6000000000000005,1,0.7600000000000006,0.36420863615637034,0.40757231568230157,0.017610703642804718,1,1
S2,331,6.62,0,0.7620000000000006,0.36620863615637034,0.4079152880763392,0.015860569585561528,1,1
S2,332,6.640000000000001,0,0.7640000000000006,0.3682086361563704,0.4082230132498299,0.014140258778846887,1,1
S2,333,6.66,0,0.7660000000000006,0.3702086361563704,0.40849613413127633,0.012451319386269342,1,1
S2,334,6.68,0,0.7680000000000006,0.37220863615637034,0.40873532558262893,0.010795271339282222,1,1
S2,335,6.7,0,0.7700000000000006,0.37420863615637034,0.40894129360231285,0.009173604969347927,1,1
S2,336,6.72,0,0.7720000000000006,0.3762086361563704,0.4091147744972841,0.007587779666740202,1,1
S2,337,6.74,0,0.7740000000000006,0.3782086361563704,0.4092565340258034,0.006039222567191397,1,1
S2,338,6.76,0,0.7760000000000006,0.38020863615637035,0.4093673665126524,0.004529327267566635,1,1
S2,339,6.78,0,0.7780000000000006,0.38220863615637035,0.4094480939385465,0.0030594525717207075,1,1
S2,340,6.8,0,0.7800000000000006,0.38420863615637035,0.4094995650055235,0.0016309212676663069,1,1
S2,341,6.82,0,0.7820000000000006,0.38620863615637036,0.4095226541801021,0.0002450189371541148,1,1
S2,342,6.84,0,0.7840000000000006,0.38820863615637036,0.4095182607160186,-0.0010970072012640114,1,1
S2,343,6.86,0,0.7860000000000006,0.39020863615637036,0.40948730765835245,-0.0023939494146475422,1,1
S2,344,6.88,0,0.7880000000000006,0.39220863615637036,0.4094307408308507,-0.003644640542545403,1,1
S2,345,6.9,1,0.7900000000000006,0.3533453929161043,0.40934952780825506,-0.004847955047361607,1,1
S2,346,6.92,0,0.7920000000000006,0.3553453929161043,0.4092446568754202,-0.006002810027263112,1,1
S2,347,6.94,0,0.7940000000000006,0.3573453929161043,0.40911713597499294,-0.007108166190718376,1,1
S2,348,6.96,0,0.7960000000000006,0.3593453929161043,0.40896799164539843,-0.008163028791789595,1,1
S2,349,6.98,0,0.7980000000000006,0.3613453929161043,0.40879826795084717,-0.009166448525336894,1,1
S2,350,7.0,0,0.8000000000000006,0.3633453929161043,0.4086090254050418,-0.01011752238132888,1,1
S2,351,7.0200000000000005,0,0.8020000000000006,0.3653453929161043,0.4084013398902222,-0.01101539445749072,1,1
S2,352,7.04,0,0.8040000000000006,0.36734539291610435,0.40817630157314144,-0.011859256729558416,1,1
S2,353,7.0600000000000005,0,0.8060000000000006,0.36934539291610435,0.407935013819515,-0.012648349778446099,1,1
S2,354,7.08,0,0.8080000000000006,0.37134539291610424,0.40767859210843244,-0.013381963473671956,1,1
S2,355,7.1000000000000005,0,0.8100000000000006,0.37334539291610425,0.40740816294816184,-0.014059437612427719,1,1
S2,356,7.12,0,0.8120000000000006,0.3753453929161043,0.4071248627947163,-0.014680162513716644,1,1
S2,357,7.140000000000001,0,0.8140000000000006,0.37734539291610436,0.40682983697448716,-0.015243579567025245,1,1
S2,358,7.16,0,0.8160000000000006,0.3793453929161043,0.4065242386121809,-0.01574918173503505,1,1
S2,359,7.18,0,0.8180000000000006,0.38134539291610436,0.4062092275652273,-0.01619651400992198,1,1
S2,360,7.2,1,0.8200000000000006,0.35625222321544125,0.4058859693657541,-0.01658517382283265,1,1
S2,361,7.22,0,0.8220000000000006,0.35825222321544126,0.40555563417114976,-0.016914811406169197,1,1
S2,362,7.24,0,0.8240000000000006,0.3602522232154413,0.40521939572416193,-0.017185130108356487,1,1
S2,363,7.26,0,0.8260000000000006,0.36225222321544126,0.4048784303234026,-0.01739588666080852,1,1
S2,364,7.28,0,0.8280000000000006,0.36425222321544115,0.4045339158050554,-0.01754689139685372,1,1
S2,365,7.3,0,0.8300000000000006,0.3662522232154412,0.4041870305365038,-0.017638008422422167,1,1
S2,366,7.32,0,0.8320000000000006,0.36825222321544127,0.40383895242252343,-0.01766915573834106,1,1
S2,367,7.34,0,0.8340000000000006,0.37025222321544127,0.4034908579246069,-0.017640305314128458,1,1
S2,368,7.36,0,0.8360000000000006,0.3722522232154412,0.4031439210939143,-0.017551483113218806,1,1
S2,369,7.38,0,0.8380000000000006,0.3742522232154412,0.40279931261827057,-0.0174027690695976,1,1
S2,370,7.4,0,0.8400000000000006,0.3762522232154412,0.40245819888356116,-0.01719429701586621,1,1
S2,371,7.42,0,0.8420000000000006,0.3782522232154413,0.40212174104980636,-0.016926254562801543,1,1
S2,372,7.44,0,0.8440000000000006,0.3802522232154413,0.4017910941421306,-0.01659888293051904,1,1
S2,373,7.46,0,0.8460000000000006,0.3822522232154412,0.4014674061567791,-0.016212476731390833,1,1
S2,374,7.48,0,0.8480000000000006,0.3842522232154413,0.40115181718227333,-0.0157673837049145,1,1
S2,375,7.5,1,0.8500000000000006,0.34921458414615275,0.40084545853574116,-0.015264004404770992,1,1
S2,376,7.5200000000000005,0,0.8520000000000006,0.35121458414615275,0.40054945191440344,-0.014702791838353355,1,1
S2,377,7.54,0,0.8540000000000006,0.3532145841461528,0.40026490856215025,-0.014084251059090655,1,1
S2,378,7.5600000000000005,0,0.8560000000000006,0.35521458414615276,0.39999292845109413,-0.013408938711933974,1,1
S2,379,7.58,0,0.8580000000000007,0.35721458414615276,0.39973459947794804,-0.01267746253241354,1,1
S2,380,7.6000000000000005,0,0.8600000000000007,0.35921458414615276,0.39949099667503857,-0.01189048079971776,1,1
S2,381,7.62,0,0.8620000000000007,0.3612145841461528,0.3992631814357332,-0.011048701744286385,1,1
S2,382,7.640000000000001,0,0.8640000000000007,0.36321458414615276,0.39905220075403464,-0.010152882910450927,1,1
S2,383,7.66,0,0.8660000000000007,0.36521458414615277,0.39885908647807217,-0.009203830474695873,1,1
S2,384,7.68,0,0.8680000000000007,0.36721458414615277,0.39868485457720293,-0.00820239852015429,1,1
S2,385,7.7,0,0.8700000000000007,0.36921458414615277,0.3985305044224249,-0.007149488267990637,1,1
S2,386,7.72,0,0.8720000000000007,0.3712145841461527,0.3983970180797944,-0.006046047266362548,1,1
S2,387,7.74,0,0.8740000000000007,0.3732145841461528,0.39828535961654105,-0.004893068537691458,1,1
S2,388,7.76,0,0.8760000000000007,0.37521458414615283,0.3981964744195731,-0.003691589685009441,1,1
S2,389,7.78,0,0.8780000000000007,0.37721458414615283,0.3981312885260763,-0.0024426919581865183,1,1
S2,390,7.8,1,0.8800000000000007,0.3425052798756297,0.3980907079659185,-0.0011474992808787664,1,1
S2,391,7.82,0,0.8820000000000007,0.3445052798756297,0.3980756181155931,0.00019282276092712366,1,1
S2,392,7.84,0,0.8840000000000007,0.3465052798756296,0.39808688306345136,0.0015770679678625476,1,1
S2,393,7.86,0,0.8860000000000007,0.3485052798756296,0.39812534498600266,0.003003990612675012,1,1
S2,394,7.88,0,0.8880000000000007,0.3505052798756297,0.39819182353508953,0.004472306561298578,1,1
S2,395,7.9,0,0.8900000000000007,0.35250527987562963,0.3982871152357784,0.005980694428487834,1,1
S2,396,7.92,0,0.8920000000000007,0.35450527987562963,0.39841199289484436,0.007527796766975436,1,1
S2,397,7.94,0,0.8940000000000007,0.35650527987562963,0.39856720501976817,0.009112221289083023,1,1
S2,398,7.96,0,0.8960000000000007,0.35850527987562963,0.3987534752482079,0.010732542119686144,1,1
S2,399,7.98,0,0.8980000000000007,0.36050527987562964,0.3989715017879542,0.01238730107940563,1,1
S2,400,8.0,0,0.9000000000000007,0.36250527987562964,0.3992219568674254,0.014075008996870614,1,1
S2,401,8.02,0,0.9020000000000007,0.36450527987562964,0.39950548619681225,0.015794147048872244,1,1
S2,402,8.040000000000001,0,0.9040000000000007,0.36650527987562964,0.3998227084400326,0.017543168127202056,1,1
S2,403,8.06,0,0.9060000000000007,0.36850527987562964,0.4001742146977112,0.019320498230944932,1,1
S2,404,8.08,0,0.9080000000000007,0.3705052798756296,0.4005605680014564,0.02112453788297369,1,1
S2,405,8.1,1,0.9100000000000007,0.3379458038240659,0.4009823028197588,0.022953663569370526,1,1
S2,406,8.120000000000001,0,0.9120000000000007,0.3399458038240659,0.4014399245758962,0.02480622920047996,1,1
S2,407,8.14,0,0.9140000000000007,0.3419458038240659,0.40193390917828403,0.026680567592278426,1,1
S2,408,8.16,0,0.9160000000000007,0.34394580382406587,0.4024647025637648,0.028574991966727352,1,1
S2,409,8.18,0,0.9180000000000007,0.3459458038240659,0.40303272025438946,0.030487797469759537,1,1
S2,410,8.2,0,0.9200000000000007,0.3479458038240659,0.4036383469282922,0.03241726270553276,1,1
S2,411,8.22,0,0.9220000000000007,0.349945803824066,0.4042819360053172,0.03436165128556981,1,1
S2,412,8.24,0,0.9240000000000007,0.35194580382406593,0.40496380924810266,0.03631921339139095,1,1
S2,413,8.26,0,0.9260000000000007,0.353945803824066,0.4056842563793783,0.03828818734923242,1,1
S2,414,8.28,0,0.9280000000000007,0.35594580382406593,0.4064435347162764,0.040266801215433926,1,1
S2,415,8.3,0,0.9300000000000007,0.35794580382406593,0.4072418688224994,0.0422532743710683,1,1
S2,416,8.32,0,0.9320000000000007,0.35994580382406594,0.40807945017922725,0.0442458191243784,1,1
S2,417,8.34,0,0.9340000000000007,0.36194580382406594,0.4089564368756818,0.046242642319578975,1,1
S2,418,8.36,0,0.9360000000000007,0.36394580382406594,0.40987295332029905,0.04824194695057587,1,1
S2,419,8.38,0,0.9380000000000007,0.365945803824066,0.41082908997348655,0.0502419337781502,1,1
S2,420,8.4,1,0.9400000000000007,0.336210545853344,0.41182490310296743,0.05224080294915221,1,1
S2,421,8.42,0,0.9420000000000007,0.338210545853344,0.4128604145627304,0.05423675561624762,1,1
S2,422,8.44,0,0.9440000000000007,0.340210545853344,0.41393561159661957,0.05622799555675881,1,1
S2,423,8.46,0,0.9460000000000007,0.34221054585334393,0.41505044666760665,0.05821273078914398,1,1
S2,424,8.48,0,0.9480000000000007,0.34421054585334393,0.4162048373137912,0.06018917518565959,1,1
S2,425,8.5,0,0.9500000000000007,0.34621054585334393,0.4173986660321739,0.062155550079754776,1,1
S2,426,8.52,0,0.9520000000000007,0.348210545853344,0.41863178019123987,0.06411008586675117,1,1
S2,427,8.540000000000001,0,0.9540000000000007,0.350210545853344,0.41990399197337674,0.06605102359636769,1,1
S2,428,8.56,0,0.9560000000000007,0.352210545853344,0.42121507834813454,0.06797661655565704,1,1
S2,429,8.58,0,0.9580000000000007,0.354210545853344,0.42256478107730955,0.0698851318409295,1,1
S2,430,8.6,0,0.9600000000000007,0.35621054585334405,0.42395280675280683,0.07177485191724922,1,1
S2,431,8.620000000000001,0,0.9620000000000007,0.358210545853344,0.4253788268681989,0.0736440761640998,1,1
S2,432,8.64,0,0.9640000000000007,0.360210545853344,0.42684247792486024,0.07549112240582793,1,1
S2,433,8.66,0,0.9660000000000007,0.362210545853344,0.42834336157350916,0.07731432842548794,1,1
S2,434,8.68,0,0.9680000000000007,0.364210545853344,0.42988104479193967,0.07911205346072483,1,1
S2,435,8.700000000000001,1,0.9700000000000008,0.3412837777571368,0.4314550600996676,0.08088267968034972,1,1
S2,436,8.72,0,0.9720000000000008,0.3432837777571368,0.4330649058101563,0.08262461364027861,1,1
S2,437,8.74,0,0.9740000000000008,0.34528377775713687,0.43471004632121935,0.08433628771752458,1,1
S2,438,8.76,0,0.9760000000000008,0.3472837777571368,0.43638991244412845,0.08601616152095264,1,1
S2,439,8.78,0,0.9780000000000008,0.3492837777571368,0.4381039017718785,0.08766272327752778,1,1
S2,440,8.8,0,0.9800000000000008,0.3512837777571368,0.43985137908698463,0.08927449119280868,1,1
S2,441,8.82,0,0.9820000000000008,0.3532837777571368,0.4416316768091008,0.09085001478446265,1,1
S2,442,8.84,0,0.9840000000000008,0.3552837777571368,0.4434440954826662,0.09238787618760186,1,1
S2,443,8.86,0,0.9860000000000008,0.3572837777571368,0.4452879043046934,0.09388669143076601,1,1
S2,444,8.88,0,0.9880000000000008,0.3592837777571368,0.4471623416927219,0.09534511168140325,1,1
S2,445,8.9,0,0.9900000000000008,0.3612837777571368,0.44906661589286545,0.09676182445972842,1,1
S2,446,8.92,0,0.9920000000000008,0.3632837777571368,0.4509999056277846,0.09813555481986627,1,1
S2,447,8.94,0,0.9940000000000008,0.36528377775713683,0.452961360784317,0.09946506649721669,1,1
S2,448,8.96,0,0.9960000000000008,0.3672837777571369,0.4549501031403997,0.10074916302100942,1,1
S2,449,8.98,0,0.9980000000000008,0.36928377775713683,0.4569652271308153,0.10198668879104696,1,1
S2,450,9.0,1,1.0000000000000007,0.3424856867796932,0.4590058006511931,0.10317653011766674,1,1
S2,451,9.02,0,1.0020000000000007,0.34448568677969327,0.4610708658995965,0.1043176162239867,1,1
S2,452,9.040000000000001,0,1.0040000000000007,0.34648568677969327,0.4631594402549239,0.10540892020953216,1,1
S2,453,9.06,0,1.0060000000000007,0.34848568677969327,0.4652705171912538,0.10644945997437692,1,1
S2,454,9.08,0,1.0080000000000007,0.3504856867796933,0.46740306722716324,0.10743829910296696,1,1
S2,455,9.1,0,1.0100000000000007,0.35248568677969316,0.4695560389089521,0.10837454770683118,1,1
S2,456,9.120000000000001,0,1.0120000000000007,0.35448568677969317,0.47172835982661077,0.10925736322542098,1,1
S2,457,9.14,0,1.0140000000000007,0.3564856867796932,0.47391893766127485,0.11008595118435792,1,1
S2,458,9.16,0,1.0160000000000007,0.3584856867796932,0.47612666126282144,0.11085956591040694,1,1
S2,459,9.18,0,1.0180000000000007,0.36048568677969317,0.4783504017561735,0.11157751120253202,1,1
S2,460,9.200000000000001,0,1.0200000000000007,0.3624856867796932,0.48058901367479595,0.11223914095843011,1,1
S2,461,9.22,0,1.0220000000000007,0.3644856867796932,0.48284133611978786,0.11284385975597958,1,1
S2,462,9.24,0,1.0240000000000007,0.3664856867796932,0.4851061939428987,0.11339112338907992,1,1
S2,463,9.26,0,1.0260000000000007,0.36848568677969323,0.4873823989517278,0.11388043935740053,1,1
S2,464,9.28,0,1.0280000000000007,0.37048568677969324,0.48966875113529756,0.11431136730959775,1,1
S2,465,9.3,1,1.0300000000000007,0.33975823375154063,0.49196403990813437,0.11468351943960137,1,1
S2,466,9.32,0,1.0320000000000007,0.3417582337515407,0.49426704537093125,0.11499656083561391,1,1
S2,467,9.34,0,1.0340000000000007,0.3437582337515407,0.49657653958582065,0.1152502097815086,1,1
S2,468,9.36,0,1.0360000000000007,0.34575823375154074,0.49889128786424,0.11544423801035494,1,1
S2,469,9.38,0,1.0380000000000007,0.3477582337515407,0.5012100500653356,0.11557847090984348,1,1
S2,470,9.4,0,1.0400000000000007,0.3497582337515407,0.50353158190282,0.11565278767942513,1,1
S2,471,9.42,0,1.0420000000000007,0.35175823375154075,0.5058546362581704,0.11566712143902351,1,1
S2,472,9.44,0,1.0440000000000007,0.35375823375154075,0.5081779644980408,0.11562145928922246,1,1
S2,473,9.46,0,1.0460000000000007,0.35575823375154075,0.5105003177937454,0.1155158423228747,1,1
S2,474,9.48,0,1.0480000000000007,0.35775823375154076,0.512820448440668,0.11535036558812102,1,1
S2,475,9.5,0,1.0500000000000007,0.35975823375154065,0.5151371111754508,0.11512517800285335,1,1
S2,476,9.52,0,1.0520000000000007,0.3617582337515407,0.5174490644888264,0.11484048222069873,1,1
S2,477,9.540000000000001,0,1.0540000000000007,0.3637582337515407,0.5197550719319702,0.1144965344486447,1,1
S2,478,9.56,0,1.0560000000000007,0.3657582337515407,0.5220539034142707,0.11409364421647034,1,1
S2,479,9.58,0,1.0580000000000007,0.3677582337515407,0.5243443364904442,0.11363217409819032,1,1
S2,480,9.6,1,1.0600000000000007,0.34364328187575693,0.5266251576349532,0.11311253938576281,1,1
S2,481,9.620000000000001,0,1.0620000000000007,0.34564328187575694,0.5288951635017279,0.11253520771535469,1,1
S2,482,9.64,0,1.0640000000000007,0.34764328187575694,0.5311531621672353,0.11190069864650062,1,1
S2,483,9.66,0,1.0660000000000007,0.3496432818757569,0.5333979743549944,0.11120958319453449,1,1
S2,484,9.68,0,1.0680000000000007,0.3516432818757569,0.53562843463969,0.11046248331671417,1,1
S2,485,9.700000000000001,0,1.0700000000000007,0.35364328187575683,0.5378433926291036,0.10966007135250197,1,1
S2,486,9.72,0,1.0720000000000007,0.35564328187575683,0.5400417141221439,0.1088030694185045,1,1
S2,487,9.74,0,1.0740000000000007,0.3576432818757569,0.5422222822413344,0.10789224875861646,1,1
S2,488,9.76,0,1.0760000000000007,0.3596432818757569,0.5443839985381921,0.1069284290499532,1,1
S2,489,9.78,0,1.0780000000000007,0.36164328187575695,0.5465257840700097,0.10591247766519664,1,1
S2,490,9.8,0,1.0800000000000007,0.36364328187575695,0.5486465804466422,0.1048453088920184,1,1
S2,491,9.82,0,1.0820000000000007,0.36564328187575695,0.5507453508459814,0.10372788311028261,1,1
S2,492,9.84,0,1.0840000000000007,0.3676432818757569,0.5528210809969004,0.10256120592776885,1,1
S2,493,9.86,0,1.0860000000000007,0.3696432818757569,0.5548727801285346,0.10134632727519305,1,1
S2,494,9.88,0,1.0880000000000007,0.37164328187575685,0.5568994818848687,0.10008434046134065,1,1
S2,495,9.9,1,1.0900000000000007,0.3324429894361802,0.5589002452036945,0.0987763811891626,1,1
S2,496,9.92,0,1.0920000000000007,0.3344429894361802,0.5608741551591011,0.09742362653371923,1,1
S2,497,9.94,0,1.0940000000000007,0.3364429894361802,0.562820323766762,0.09602729388289226,1,1
S2,498,9.96,0,1.0960000000000008,0.33844298943618023,0.5647378907513834,0.09458863984181778,1,1
S2,499,9.98,0,1.0980000000000008,0.3404429894361802,0.5666260242757767,0.09310895910202655,1,1
S2,500,10.0,0,1.1000000000000008,0.3424429894361802,0.5684839216311223,0.09158958327630891,1,1
S2,501,10.02,0,1.1020000000000008,0.34444298943618024,0.5703108098880866,0.09003187970035322,1,1
S2,502,10.040000000000001,0,1.1040000000000008,0.3464429894361802,0.5721059465085575,0.088437250202236,1,1
S2,503,10.06,0,1.1060000000000008,0.34844298943618024,0.5738686199178573,0.0868071298408713,1,1
S2,504,10.08,0,1.1080000000000008,0.3504429894361802,0.5755981500373892,0.08514298561455452,1,1
S2,505,10.1,0,1.1100000000000008,0.3524429894361802,0.5772938887777646,0.08344631514076299,1,1
S2,506,10.120000000000001,0,1.1120000000000008,0.35444298943618024,0.5789552204925505,0.08171864530840128,1,1
S2,507,10.14,0,1.1140000000000008,0.3564429894361802,0.5805815623928643,0.07996153090370432,1,1
S2,508,10.16,0,1.1160000000000008,0.35844298943618025,0.5821723649231215,0.07817655321103467,1,1
S2,509,10.18,0,1.1180000000000008,0.36044298943618025,0.5837271120983326,0.07636531858983335,1,1
S2,510,10.200000000000001,1,1.1200000000000008,0.325436634382258,0.5852453218034109,0.07452945702900476,1,1
S2,511,10.22,0,1.1220000000000008,0.32743663438225795,0.5867265460550329,0.07267062068003673,1,1
S2,512,10.24,0,1.1240000000000008,0.32943663438225795,0.5881703712266572,0.07079048237017561,1,1
S2,513,10.26,0,1.1260000000000008,0.331436634382258,0.5895764182373721,0.06889073409699478,1,1
S2,514,10.28,0,1.1280000000000008,0.333436634382258,0.5909443427053008,0.06697308550571093,1,1
S2,515,10.3,0,1.1300000000000008,0.33543663438225796,0.5922738350663447,0.06503926235061883,1,1
S2,516,10.32,0,1.1320000000000008,0.33743663438225796,0.5935646206590941,0.06309100494202889,1,1
S2,517,10.34,0,1.1340000000000008,0.3394366343822579,0.5948164597767807,0.061130066580105426,1,1
S2,518,10.36,0,1.1360000000000008,0.3414366343822579,0.5960291476871783,0.0591582119770148,1,1
S2,519,10.38,0,1.1380000000000008,0.34343663438225797,0.5972025146213958,0.05717721566880359,1,1
S2,520,10.4,0,1.1400000000000008,0.34543663438225797,0.5983364257325271,0.05518886041843596,1,1
S2,521,10.42,0,1.1420000000000008,0.3474366343822579,0.5994307810251489,0.05319493561142728,1,1
S2,522,10.44,0,1.1440000000000008,0.34943663438225797,0.6004855152566669,0.05119723564551798,1,1
S2,523,10.46,0,1.1460000000000008,0.3514366343822579,0.601500597811525,0.04919755831583667,1,1
S2,524,10.48,0,1.1480000000000008,0.353436634382258,0.6024760325492934,0.04719770319700589,1,1
S2,525,10.5,1,1.1500000000000008,0.33084933888965334,0.6034118576276517,0.045199470023646424,1,1
S2,526,10.52,0,1.1520000000000008,0.3328493388896534,0.6043081453012769,0.0432046570707376,1,1
S2,527,10.540000000000001,0,1.1540000000000008,0.3348493388896534,0.6051650016976319,0.04121505953529119,1,1
S2,528,10.56,0,1.1560000000000008,0.33684933888965335,0.6059825665706396,0.03923246792079531,1,1
S2,529,10.58,0,1.1580000000000008,0.3388493388896533,0.6067610130332,0.037258666425882075,1,1
S2,530,10.6,0,1.1600000000000008,0.34084933888965324,0.6075005472694851,0.0352954313386693,1,1
S2,531,10.620000000000001,0,1.1620000000000008,0.3428493388896533,0.60820140822792,0.033344529438221096,1,1
S2,532,10.64,0,1.1640000000000008,0.3448493388896533,0.6088638672957171,0.03140771640456593,1,1
S2,533,10.66,0,1.1660000000000008,0.3468493388896533,0.6094882279557994,0.02948673523870314,1,1
S2,534,10.68,0,1.1680000000000008,0.3488493388896533,0.6100748254269069,0.02758331469401966,1,1
S2,535,10.700000000000001,0,1.1700000000000008,0.35084933888965325,0.6106240262876321,0.02569916772052867,1,1
S2,536,10.72,0,1.1720000000000008,0.3528493388896533,0.6111362280850893,0.023835989923330206,1,1
S2,537,10.74,0,1.1740000000000008,0.3548493388896533,0.6116118589288693,0.021995458036681022,1,1
S2,538,10.76,0,1.1760000000000008,0.35684933888965326,0.6120513770708825,0.020179228415046928,1,1
S2,539,10.78,0,1.1780000000000008,0.3588493388896533,0.6124552704716388,0.018388935542495568,1,1
S2,540,10.8,1,1.1800000000000008,0.34066326227172705,0.6128240563534587,0.016626190561771097,1,1
S2,541,10.82,0,1.1820000000000008,0.3426632622717271,0.6131582807410557,0.014892579824374454,1,1
S2,542,10.84,0,1.1840000000000008,0.3446632622717271,0.6134585179898744,0.013189663462954075,1,1
S2,543,10.86,0,1.1860000000000008,0.3466632622717271,0.6137253703025101,0.011518973987291839,1,1
S2,544,10.88,0,1.1880000000000008,0.3486632622717271,0.6139594672334852,0.009882014905147682,1,1
S2,545,10.9,0,1.1900000000000008,0.3506632622717271,0.614161465182596,0.008280259369204108,1,1
S2,546,10.92,0,1.1920000000000008,0.35266326227172706,0.6143320468769938,0.006715148851328216,1,1
S2,547,10.94,0,1.1940000000000008,0.35466326227172706,0.6144719208421113,0.005188091845344302,1,1
S2,548,10.96,0,1.1960000000000008,0.35666326227172707,0.6145818208614895,0.0037004625994844927,1,1
S2,549,10.98,0,1.1980000000000008,0.3586632622717271,0.6146625054255161,0.0022535998796581044,1,1
S2,550,11.0,0,1.2000000000000008,0.3606632622717271,0.614714757169037,0.0008488057646526773,1,1
S2,551,11.02,0,1.2020000000000008,0.36266326227172707,0.6147393822977566,-0.0005126555256490418,1,1
S2,552,11.040000000000001,0,1.2040000000000008,0.3646632622717271,0.6147372100033051,-0.0018295587679816668,1,1
S2,553,11.06,0,1.2060000000000008,0.36666326227172713,0.6147090918668089,-0.003100718838315395,1,1
S2,554,11.08,0,1.2080000000000009,0.3686632622717272,0.6146559012507677,-0.004324991778387657,1,1
S2,555,11.1,1,1.2100000000000009,0.3524926416232853,0.6145785326790115,-0.005501275825188338,1,1
S2,556,11.120000000000001,0,1.2120000000000009,0.3544926416232853,0.6144779012044801,-0.006628512402472102,1,1
S2,557,11.14,0,1.2140000000000009,0.3564926416232853,0.614354941764551,-0.007705687073405581,1,1
S2,558,11.16,0,1.2160000000000009,0.3584926416232853,0.6142106085236179,-0.008731830453492049,1,1
S2,559,11.18,0,1.2180000000000009,0.3604926416232853,0.614045874202611,-0.009706019082952023,1,1
S2,560,11.200000000000001,0,1.2200000000000009,0.3624926416232853,0.613861729395141,-0.010627376257774749,1,1
S2,561,11.22,0,1.2220000000000009,0.36449264162328526,0.6136591818699434,-0.011495072818692635,1,1
S2,562,11.24,0,1.2240000000000009,0.3664926416232853,0.6134392558593015,-0.01230832789736861,1,1
S2,563,11.26,0,1.2260000000000009,0.3684926416232853,0.6132029913331318,-0.013066409619124938,1,1
S2,564,11.28,0,1.2280000000000009,0.3704926416232854,0.6129514432584264,-0.013768635761581023,1,1
S2,565,11.3,0,1.2300000000000009,0.3724926416232853,0.6126856808437596,-0.014414374368607494,1,1
S2,566,11.32,0,1.2320000000000009,0.3744926416232853,0.6124067867685928,-0.015003044319044074,1,1
S2,567,11.34,0,1.2340000000000009,0.3764926416232853,0.6121158563971296,-0.015534115849669405,1,1
S2,568,11.36,0,1.2360000000000009,0.37849264162328533,0.6118139969765087,-0.016007111031952174,1,1
S2,569,11.38,0,1.2380000000000009,0.38049264162328533,0.6115023268191552,-0.01642160420215454,1,1
S2,570,11.4,1,1.2400000000000009,0.36952333572439977,0.6111819744691488,-0.016777222344400777,1,1
S2,571,11.42,0,1.2420000000000009,0.3715233357243998,0.6108540778525154,-0.017073645426366364,1,1
S2,572,11.44,0,1.2440000000000009,0.3735233357243998,0.610519783411392,-0.017310606687285488,1,1
S2,573,11.46,0,1.2460000000000009,0.3755233357243998,0.6101802452220698,-0.017487892878017736,1,1
S2,574,11.48,0,1.2480000000000009,0.37752333572439983,0.6098366240969763,-0.0176053444529579,1,1
S2,575,11.5,0,1.2500000000000009,0.37952333572439984,0.6094900866707145,-0.017662855713616272,1,1
S2,576,11.52,0,1.252000000000001,0.38152333572439984,0.6091418044703442,-0.01766037490374016,1,1
S2,577,11.540000000000001,0,1.254000000000001,0.3835233357243998,0.6087929529701505,-0.017597904255891007,1,1
S2,578,11.56,0,1.256000000000001,0.3855233357243998,0.6084447106312172,-0.01747549998943523,1,1
S2,579,11.58,0,1.258000000000001,0.3875233357243998,0.6080982579261937,-0.017293272259950598,1,1
S2,580,11.6,0,1.260000000000001,0.3895233357243998,0.6077547763497122,-0.01705138506009365,1,1
S2,581,11.620000000000001,0,1.262000000000001,0.39152333572439973,0.6074154474149923,-0.016750056072017357,1,1
S2,582,11.64,0,1.264000000000001,0.3935233357243998,0.6070814516372413,-0.016389556471471885,1,1
S2,583,11.66,0,1.266000000000001,0.3955233357243998,0.6067539675045355,-0.015970210683764745,1,1
S2,584,11.68,0,1.268000000000001,0.3975233357243998,0.6064341704369485,-0.015492396091799874,1,1
S2,585,11.700000000000001,1,1.270000000000001,0.34310458584093045,0.6061232317347636,-0.01495654269645852,1,1
S2,586,11.72,0,1.272000000000001,0.3451045858409305,0.6058223175166898,-0.014363132729627482,1,1
S2,587,11.74,0,1.274000000000001,0.3471045858409305,0.6055325876490738,-0.013712700220222928,1,1
S2,588,11.76,0,1.276000000000001,0.34910458584093046,0.6052551946671751,-0.013005830513600445,1,1
S2,589,11.78,0,1.278000000000001,0.35110458584093046,0.6049912826896483,-0.012243159744783724,1,1
S2,590,11.8,0,1.280000000000001,0.35310458584093046,0.6047419863274441,-0.011425374265985964,1,1
S2,591,11.82,0,1.282000000000001,0.3551045858409304,0.6045084295884134,-0.01055321002893922,1,1
S2,592,11.84,0,1.284000000000001,0.35710458584093047,0.6042917247789633,-0.009627451922587517,1,1
S2,593,11.86,0,1.286000000000001,0.3591045858409305,0.6040929714041793,-0.00864893306673977,1,1
S2,594,11.88,0,1.288000000000001,0.36110458584093047,0.6039132550678874,-0.007618534062318199,1,1
S2,595,11.9,0,1.290000000000001,0.36310458584093047,0.6037536463741877,-0.006537182198876944,1,1
S2,596,11.92,0,1.292000000000001,0.3651045858409305,0.603615199832042,-0.005405850620104036,1,1
S2,597,11.94,0,1.294000000000001,0.3671045858409305,0.6034989527645482,-0.00422555744805778,1,1
S2,598,11.96,0,1.296000000000001,0.36910458584093053,0.6034059242245776,-0.002997364866925622,1,1
S2,599,11.98,0,1.298000000000001,0.37110458584093053,0.6033371139184885,-0.0017223781671300655,1,1
S2,600,12.0,1,1.300000000000001,0.32098156757351964,0.6032935011396668,-0.0004017447506419051,1,1
S2,601,12.02,0,1.302000000000001,0.32298156757351965,0.6032760437136669,0.0009633469016040958,1,1
S2,602,12.040000000000001,0,1.304000000000001,0.32498156757351965,0.6032856769567562,0.002371668299261843,1,1
S2,603,12.06,0,1.306000000000001,0.32698156757351965,0.6033233126496756,0.003821952048132287,1,1
S2,604,12.08,0,1.308000000000001,0.32898156757351965,0.6033898380284474,0.005312892990732661,1,1
S2,605,12.1,0,1.310000000000001,0.33098156757351965,0.6034861147940583,0.006843149380850115,1,1
S2,606,12.120000000000001,0,1.312000000000001,0.33298156757351965,0.6036129781428531,0.008411344091022755,1,1
S2,607,12.14,0,1.314000000000001,0.33498156757351966,0.6037712358194589,0.010016065851861392,1,1
S2,608,12.16,0,1.316000000000001,0.3369815675735196,0.6039616671940509,0.011655870522096736,1,1
S2,609,12.18,0,1.318000000000001,0.33898156757351966,0.6041850223657502,0.013329282388209076,1,1
S2,610,12.200000000000001,0,1.320000000000001,0.34098156757351966,0.6044420212939149,0.015034795492470821,1,1
S2,611,12.22,0,1.322000000000001,0.3429815675735196,0.6047333529590555,0.016770874988206817,1,1
S2,612,12.24,0,1.324000000000001,0.3449815675735196,0.6050596745550676,0.01853595852105275,1,1
S2,613,12.26,0,1.326000000000001,0.3469815675735195,0.6054216107144251,0.020328457634968627,1,1
S2,614,12.280000000000001,0,1.328000000000001,0.3489815675735196,0.6058197527679332,0.02214675920174198,1,1
S2,615,12.3,1,1.330000000000001,0.3337182051366868,0.6062546580405768,0.023989226872694388,1,1
S2,616,12.32,0,1.332000000000001,0.3357182051366868,0.6067268491849412,0.02585420255128483,1,1
S2,617,12.34,0,1.334000000000001,0.3377182051366868,0.6072368135536148,0.02774000788528466,1,1
S2,618,12.36,0,1.336000000000001,0.3397182051366869,0.6077850026119063,0.029644945777181315,1,1
S2,619,12.38,0,1.338000000000001,0.3417182051366868,0.6083718313921351,0.03156730191145154,1,1
S2,620,12.4,0,1.340000000000001,0.3437182051366869,0.6089976779906685,0.03350534629732964,1,1
S2,621,12.42,0,1.342000000000001,0.34571820513668683,0.6096628831087915,0.03545733482568239,1,1
S2,622,12.44,0,1.344000000000001,0.34771820513668683,0.6103677496384058,0.03742151083858956,1,1
S2,623,12.46,0,1.346000000000001,0.34971820513668683,0.6111125422934578,0.03939610671021742,1,1
S2,624,12.48,0,1.348000000000001,0.35171820513668683,0.6118974872878973,0.041379345437562734,1,1
S2,625,12.5,0,1.350000000000001,0.35371820513668684,0.6127227720608679,0.04336944223963549,1,1
S2,626,12.52,0,1.352000000000001,0.35571820513668684,0.6135885450497239,0.04536460616364133,1,1
S2,627,12.540000000000001,0,1.354000000000001,0.35771820513668684,0.6144949155113655,0.04736304169671817,1,1
S2,628,12.56,0,1.356000000000001,0.35971820513668684,0.6154419533922724,0.04936295038177659,1,1
S2,629,12.58,0,1.358000000000001,0.3617182051366868,0.616429689247508,0.05136253243598983,1,1
S2,630,12.6,1,1.360000000000001,0.3346419923676864,0.617458114208856,0.053359988370476834,1,1
S2,631,12.620000000000001,0,1.362000000000001,0.3366419923676864,0.6185271800021394,0.05535352060972079,1,1
S2,632,12.64,0,1.364000000000001,0.3386419923676864,0.6196367990136594,0.05734133510926578,1,1
S2,633,12.66,0,1.366000000000001,0.3406419923676864,0.620786844405584,0.059321642970235657,1,1
S2,634,12.68,0,1.368000000000001,0.3426419923676864,0.6219771502800008,0.06129266204922232,1,1
S2,635,12.700000000000001,0,1.370000000000001,0.34464199236768633,0.6232075118912447,0.06325261856209448,1,1
S2,636,12.72,0,1.372000000000001,0.3466419923676864,0.6244776859059981,0.06519974868028365,1,1
S2,637,12.74,0,1.374000000000001,0.34864199236768634,0.6257873907105599,0.06713230011811079,1,1
S2,638,12.76,0,1.376000000000001,0.35064199236768634,0.6271363067645739,0.06904853370972518,1,1
S2,639,12.780000000000001,0,1.378000000000001,0.3526419923676864,0.628524077000406,0.07094672497423624,1,1
S2,640,12.8,0,1.380000000000001,0.3546419923676864,0.6299503072672646,0.07282516566762998,1,1
S2,641,12.82,0,1.382000000000001,0.35664199236768646,0.6314145668190626,0.07468216532007328,1,1
S2,642,12.84,0,1.384000000000001,0.35864199236768646,0.6329163888449288,0.07651605275722269,1,1
S2,643,12.86,0,1.386000000000001,0.36064199236768646,0.6344552710411938,0.07832517760416843,1,1
S2,644,12.88,0,1.388000000000001,0.36264199236768635,0.6360306762235884,0.08010791177066053,1,1
S2,645,12.9,1,1.390000000000001,0.336100046427679,0.6376420329783229,0.08186265091628007,1,1
S2,646,12.92,0,1.392000000000001,0.33810004642767894,0.6392887363506369,0.08358781589423736,1,1
S2,647,12.94,0,1.394000000000001,0.34010004642767894,0.640970148569348,0.08528185417249737,1,1
S2,648,12.96,0,1.396000000000001,0.34210004642767894,0.6426855998058649,0.08694324123095382,1,1
S2,649,12.98,0,1.398000000000001,0.344100046427679,0.6444343889660749,0.08857048193339435,1,1
S2,650,13.0,0,1.400000000000001,0.34610004642767894,0.6462157845134668,0.09016211187302224,1,1
S2,651,13.02,0,1.402000000000001,0.34810004642767894,0.6480290253218087,0.09171669869032362,1,1
S2,652,13.040000000000001,0,1.404000000000001,0.3501000464276789,0.6498733215556589,0.09323284336209435,1,1
S2,653,13.06,0,1.406000000000001,0.35210004642767895,0.651747855576962,0.09470918146046656,1,1
S2,654,13.08,0,1.408000000000001,0.354100046427679,0.6536517828759546,0.09614438438080153,1,1
S2,655,13.1,0,1.410000000000001,0.35610004642767895,0.6555842330245862,0.09753716053734426,1,1
S2,656,13.120000000000001,0,1.412000000000001,0.35810004642767895,0.6575443106506518,0.09888625652556345,1,1
S2,657,13.14,0,1.414000000000001,0.3601000464276789,0.6595310964308233,0.10019045825013091,1,1
S2,658,13.16,0,1.416000000000001,0.36210004642767896,0.6615436481007704,0.10144859201752554,1,1
S2,659,13.18,0,1.418000000000001,0.364100046427679,0.6635810014805648,0.10265952559227814,1,1
S2,660,13.200000000000001,1,1.420000000000001,0.33035238116415233,0.6656421715135776,0.10382216921590702,1,1
S2,661,13.22,0,1.422000000000001,0.33235238116415233,0.6677261533170957,0.10493547658762699,1,1
S2,662,13.24,0,1.424000000000001,0.33435238116415233,0.6698319232429076,0.1059984458059495,1,1
S2,663,13.26,0,1.426000000000001,0.33635238116415234,0.6719584399461388,0.10701012027032632,1,1
S2,664,13.280000000000001,0,1.428000000000001,0.3383523811641524,0.6741046454606525,0.1079695895420255,1,1
S2,665,13.3,0,1.430000000000001,0.34035238116415234,0.6762694662793696,0.10887599016346473,1,1
S2,666,13.32,0,1.432000000000001,0.34235238116415234,0.6784518144379093,0.10972850643526494,1,1
S2,667,13.34,0,1.434000000000001,0.3443523811641523,0.6806505885999969,0.11052637115032463,1,1
S2,668,13.36,0,1.436000000000001,0.34635238116415235,0.6828646751431445,0.11126886628425448,1,1
S2,669,13.38,0,1.438000000000001,0.3483523811641524,0.6850929492431607,0.11195532364155088,1,1
S2,670,13.4,0,1.440000000000001,0.3503523811641524,0.6873342759561136,0.11258512545692675,1,1
S2,671,13.42,0,1.442000000000001,0.35235238116415235,0.6895875112964299,0.1131577049512586,1,1
S2,672,13.44,0,1.444000000000001,0.3543523811641524,0.6918515033098824,0.11367254684164949,1,1
S2,673,13.46,0,1.446000000000001,0.3563523811641524,0.6941250931402877,0.11412918780514884,1,1
S2,674,13.48,0,1.448000000000001,0.35835238116415236,0.6964071160888075,0.11452721689571185,1,1
S2,675,13.5,1,1.450000000000001,0.32994794537593874,0.698696402664818,0.11486627591402317,1,1
S2,676,13.52,0,1.452000000000001,0.33194794537593875,0.7009917796273917,0.11514605972985212,1,1
S2,677,13.540000000000001,0,1.454000000000001,0.3339479453759387,0.7032920710165037,0.11536631655664928,1,1
S2,678,13.56,0,1.456000000000001,0.3359479453759387,0.7055960991731592,0.11552684817813744,1,1
S2,679,13.58,0,1.458000000000001,0.33794794537593875,0.7079026857477091,0.11562751012669281,1,1
S2,680,13.6,0,1.460000000000001,0.33994794537593875,0.710210652695698,0.11566821181335618,1,1
S2,681,13.620000000000001,0,1.462000000000001,0.34194794537593864,0.7125188232606666,0.11564891660935682,1,1
S2,682,13.64,0,1.464000000000001,0.3439479453759387,0.714826022943401,0.11556964187907595,1,1
S2,683,13.66,0,1.466000000000001,0.3459479453759387,0.7171310804571976,0.11543045896441993,1,1
S2,684,13.68,0,1.468000000000001,0.34794794537593876,0.7194328286687818,0.1152314931206174,1,1
S2,685,13.700000000000001,0,1.470000000000001,0.3499479453759387,0.7217301055245866,0.11497292340349798,1,1
S2,686,13.72,0,1.472000000000001,0.35194794537593876,0.7240217549621687,0.11465498250835415,1,1
S2,687,13.74,0,1.474000000000001,0.35394794537593877,0.7263066278065947,0.11427795656053118,1,1
S2,688,13.76,0,1.476000000000001,0.35594794537593877,0.7285835826517015,0.1138421848579336,1,1
S2,689,13.780000000000001,0,1.478000000000001,0.35794794537593877,0.7308514867261826,0.11334805956568006,1,1
S2,690,13.8,1,1.480000000000001,0.33039127063132334,0.7331092167445122,0.11279602536318112,1,1
S2,691,13.82,0,1.482000000000001,0.33239127063132334,0.7353556597427661,0.11218657904395785,1,1
S2,692,13.84,0,1.484000000000001,0.3343912706313234,0.7375897138994439,0.11152026906856115,1,1
S2,693,13.86,0,1.486000000000001,0.33639127063132335,0.7398102893414412,0.11079769507099431,1,1
S2,694,13.88,0,1.488000000000001,0.3383912706313233,0.7420163089353526,0.11001950731908285,1,1
S2,695,13.9,0,1.490000000000001,0.34039127063132335,0.7442067090643243,0.1091864061292774,1,1
S2,696,13.92,0,1.492000000000001,0.34239127063132335,0.7463804403906986,0.10829914123641614,1,1
S2,697,13.94,0,1.494000000000001,0.34439127063132335,0.7485364686047173,0.10735851111901405,1,1
S2,698,13.96,0,1.496000000000001,0.34639127063132336,0.7506737751595678,0.10636536228068619,1,1
S2,699,13.98,0,1.498000000000001,0.34839127063132336,0.75279135799307,0.10532058848835149,1,1
S2,700,14.0,0,1.500000000000001,0.35039127063132336,0.7548882322363094,0.10422512996790295,1,1
S2,701,14.02,0,1.5020000000000011,0.35239127063132336,0.756963430909524,0.10307997255806775,1,1
S2,702,14.040000000000001,0,1.5040000000000011,0.35439127063132336,0.7590160056055514,0.10188614682321892,1,1
S2,703,14.06,0,1.5060000000000011,0.35639127063132336,0.7610450271611374,0.10064472712593701,1,1
S2,704,14.08,0,1.5080000000000011,0.35839127063132337,0.7630495863163926,0.09935683066015627,1,1
S2,705,14.1,1,1.5100000000000011,0.3290570536282462,0.7650287943626696,0.09802361644576547,1,1
S2,706,14.120000000000001,0,1.5120000000000011,0.3310570536282461,0.7669817837791127,0.09664628428556833,1,1
S2,707,14.14,0,1.5140000000000011,0.3330570536282461,0.7689077088581077,0.09522607368554188,1,1
S2,708,14.16,0,1.5160000000000011,0.33505705362824617,0.7708057463198259,0.09376426273936482,1,1
S2,709,14.18,0,1.5180000000000011,0.3370570536282462,0.7726750959160319,0.09226216697821941,1,1
S2,710,14.200000000000001,0,1.5200000000000011,0.3390570536282462,0.774514981023279,0.09072113818690228,1,1
S2,711,14.22,0,1.5220000000000011,0.34105705362824623,0.7763246492255829,0.08914256318730927,1,1
S2,712,14.24,0,1.5240000000000011,0.3430570536282462,0.7781033728866176,0.08752786259038942,1,1
S2,713,14.26,0,1.5260000000000011,0.3450570536282462,0.7798504497114326,0.08587848951769092,1,1
S2,714,14.280000000000001,0,1.5280000000000011,0.3470570536282462,0.7815652032976419,0.08419592829364987,1,1
S2,715,14.3,0,1.5300000000000011,0.3490570536282462,0.7832469836759851,0.08248169310979842,1,1
S2,716,14.32,0,1.5320000000000011,0.3510570536282462,0.7848951678401075,0.08073732666209463,1,1
S2,717,14.34,0,1.5340000000000011,0.35305705362824624,0.7865091602653524,0.07896439876260024,1,1
S2,718,14.36,0,1.5360000000000011,0.35505705362824624,0.7880883934163047,0.07716450492675575,1,1
S2,719,14.38,0,1.5380000000000011,0.35705705362824625,0.7896323282427667,0.07533926493752423,1,1
S2,720,14.4,1,1.5400000000000011,0.34411330136458057,0.7911404546637937,0.07349032138769598,1,1
S2,721,14.42,0,1.5420000000000011,0.3461133013645806,0.7926122920393575,0.07161933820166591,1,1
S2,722,14.44,0,1.5440000000000011,0.3481133013645806,0.7940473896291526,0.06972799913801386,1,1
S2,723,14.46,0,1.5460000000000012,0.3501133013645806,0.7954453270380034,0.06781800627423558,1,1
S2,724,14.48,0,1.5480000000000012,0.3521133013645806,0.7968057146472761,0.0658910784749878,1,1
S2,725,14.5,0,1.5500000000000012,0.3541133013645806,0.7981281940316479,0.06394894984522613,1,1
S2,726,14.52,0,1.5520000000000012,0.35611330136458064,0.7994124383605336,0.0619933681696276,1,1
S2,727,14.540000000000001,0,1.5540000000000012,0.35811330136458064,0.8006581527834228,0.060026093339702435,1,1
S2,728,14.56,0,1.5560000000000012,0.3601133013645806,0.8018650747983348,0.05804889577001052,1,1
S2,729,14.58,0,1.5580000000000012,0.36211330136458064,0.803032974602552,0.05606355480490773,1,1
S2,730,14.6,0,1.5600000000000012,0.36411330136458064,0.8041616554247581,0.05407185711725617,1,1
S2,731,14.620000000000001,0,1.5620000000000012,0.3661133013645806,0.8052509538376676,0.05207559510053916,1,1
S2,732,14.64,0,1.5640000000000012,0.36811330136458065,0.8063007400501998,0.05007656525582811,1,1
S2,733,14.66,0,1.5660000000000012,0.37011330136458065,0.8073109181782262,0.04807656657505279,1,1
S2,734,14.68,0,1.5680000000000012,0.37211330136458065,0.8082814264928911,0.04607739892203004,1,1
S2,735,14.700000000000001,1,1.5700000000000012,0.37421813086878986,0.8092122376454908,0.044080861412707804,1,1
S2,736,14.72,0,1.5720000000000012,0.37621813086878997,0.8101033588678769,0.042088750796082236,1,1
S2,737,14.74,0,1.5740000000000012,0.37821813086878997,0.8109548321473448,0.04010285983724487,1,1
S2,738,14.76,0,1.5760000000000012,0.38021813086878997,0.8117667343749603,0.03812497570401504,1,1
S2,739,14.780000000000001,0,1.5780000000000012,0.3822181308687899,0.8125391774662795,0.03615687835860948,1,1
S2,740,14.8,0,1.5800000000000012,0.3842181308687899,0.8132723084534225,0.03420033895579647,1,1
S2,741,14.82,0,1.5820000000000012,0.38621813086879,0.8139663095474752,0.032257118248976084,1,1
S2,742,14.84,0,1.5840000000000012,0.38821813086879,0.814621398170208,0.030328965005621007,1,1
S2,743,14.86,0,1.5860000000000012,0.39021813086879,0.8152378269541247,0.028417614433503817,1,1
S2,744,14.88,0,1.5880000000000012,0.3922181308687899,0.8158158837098833,0.026524786619127126,1,1
S2,745,14.9,0,1.5900000000000012,0.39421813086879,0.816355891360164,0.024652184979761828,1,1
S2,746,14.92,0,1.5920000000000012,0.39621813086878993,0.8168582078390977,0.022801494730486534,1,1
S2,747,14.94,0,1.5940000000000012,0.39821813086878993,0.8173232259564178,0.02097438136760775,1,1
S2,748,14.96,0,1.5960000000000012,0.40021813086878993,0.817751373225542,0.01917248916982561,1,1
S2,749,14.98,0,1.5980000000000012,0.40221813086878994,0.8181431116548513,0.017397439718494046,1,1
S2,750,15.0,1,1.6000000000000012,0.36917492039617394,0.8184989375014909,0.015650830438307013,1,1
S2,751,15.02,0,1.6020000000000012,0.37117492039617395,0.8188193809870861,0.013934233159724089,1,1
S2,752,15.040000000000001,0,1.6040000000000012,0.3731749203961739,0.8191050059748296,0.01224919270442916,1,1
S2,753,15.06,0,1.6060000000000012,0.3751749203961739,0.8193564096074814,0.010597225495095172,1,1
S2,754,15.08,0,1.6080000000000012,0.3771749203961739,0.8195742219058884,0.00897981819070608,1,1
S2,755,15.1,0,1.6100000000000012,0.37917492039617395,0.8197591053277243,0.0073984263486641215,1,1
S2,756,15.120000000000001,0,1.6120000000000012,0.3811749203961739,0.8199117542862286,0.0058544731148863875,1,1
S2,757,15.14,0,1.6140000000000012,0.38317492039617385,0.8200328946288155,0.004349347943069561,1,1
S2,758,15.16,0,1.6160000000000012,0.38517492039617385,0.8201232830755143,0.00288440534427537,1,1
S2,759,15.18,0,1.6180000000000012,0.3871749203961739,0.8201837066173,0.0014609636679620765,1,1
S2,760,15.200000000000001,0,1.6200000000000012,0.38917492039617385,0.8202149818744632,8.03039155589315e-05,1,1
S2,761,15.22,0,1.6220000000000012,0.39117492039617385,0.8202179544152747,-0.001256331412348645,1,1
S2,762,15.24,0,1.6240000000000012,0.39317492039617385,0.8201934980352917,-0.0025477394341857093,1,1
S2,763,15.26,0,1.6260000000000012,0.39517492039617386,0.8201425139977601,-0.003792757969900034,1,1
S2,764,15.280000000000001,0,1.6280000000000012,0.3971749203961738,0.8200659302356629,-0.004990266586845711,1,1
S2,765,15.3,1,1.6300000000000012,0.3359154163784349,0.8199647005160713,-0.006139187608096892,1,1
S2,766,15.32,0,1.6320000000000012,0.3379154163784349,0.8198398035675502,-0.007238487082284292,1,1
S2,767,15.34,0,1.6340000000000012,0.3399154163784349,0.8196922421714754,-0.008287175714081638,1,1
S2,768,15.36,0,1.6360000000000012,0.3419154163784349,0.8195230422182168,-0.009284309754504665,1,1
S2,769,15.38,0,1.6380000000000012,0.3439154163784349,0.8193332517292384,-0.01022899185022152,1,1
S2,770,15.4,0,1.6400000000000012,0.34591541637843487,0.8191239398462636,-0.011120371851110193,1,1
S2,771,15.42,0,1.6420000000000012,0.3479154163784348,0.8188961957887477,-0.011957647575336223,1,1
S2,772,15.44,0,1.6440000000000012,0.3499154163784349,0.8186511277809884,-0.012740065531262222,1,1
S2,773,15.46,0,1.6460000000000012,0.35191541637843493,0.8183898619502942,-0.01346692159553949,1,1
S2,774,15.48,0,1.6480000000000012,0.35391541637843493,0.8181135411977141,-0.014137561646771487,1,1
S2,775,15.5,0,1.6500000000000012,0.3559154163784348,0.8178233240429121,-0.014751382154178946,1,1
S2,776,15.52,0,1.6520000000000012,0.3579154163784348,0.8175203834448465,-0.01530783072073685,1,1
S2,777,15.540000000000001,0,1.6540000000000012,0.3599154163784348,0.8172059055999834,-0.01580640658029444,1,1
S2,778,15.56,0,1.6560000000000012,0.36191541637843494,0.8168810887198455,-0.016246661048230977,1,1
S2,779,15.58,0,1.6580000000000013,0.36391541637843494,0.8165471417897512,-0.01662819792524161,1,1
S2,780,15.6,1,1.6600000000000013,0.3215853869506469,0.8162052833106617,-0.016950673853889986,1,1
S2,781,15.620000000000001,0,1.6620000000000013,0.3235853869506468,0.8158567400261012,-0.0172137986276068,1,1
S2,782,15.64,0,1.6640000000000013,0.3255853869506468,0.8155027456361608,-0.01741733545185609,1,1
S2,783,15.66,0,1.6660000000000013,0.3275853869506468,0.815144539500633,-0.017561101157234364,1,1
S2,784,15.68,0,1.6680000000000013,0.3295853869506469,0.8147833653333616,-0.01764496636431067,1,1
S2,785,15.700000000000001,0,1.6700000000000013,0.3315853869506468,0.8144204698899092,-0.017668855600059367,1,1
S2,786,15.72,0,1.6720000000000013,0.3335853869506468,0.8140571016506744,-0.017632747365780767,1,1
S2,787,15.74,0,1.6740000000000013,0.3355853869506468,0.8136945095015937,-0.01753667415644848,1,1
S2,788,15.76,0,1.6760000000000013,0.3375853869506468,0.8133339414145776,-0.017380722431466163,1,1
S2,789,15.780000000000001,0,1.6780000000000013,0.33958538695064683,0.812976643129824,-0.017165032536859873,1,1
S2,790,15.8,0,1.6800000000000013,0.34158538695064683,0.8126238568421497,-0.01688979857897612,1,1
S2,791,15.82,0,1.6820000000000013,0.34358538695064683,0.812276819893465,-0.01655526824979927,1,1
S2,792,15.84,0,1.6840000000000013,0.34558538695064683,0.8119367634734972,-0.016161742604045463,1,1
S2,793,15.860000000000001,0,1.6860000000000013,0.34758538695064684,0.8116049113308405,-0.015709575788233687,1,1
S2,794,15.88,0,1.6880000000000013,0.34958538695064684,0.8112824784963807,-0.01519917472197783,1,1
S2,795,15.9,1,1.6900000000000013,0.31161911617845456,0.8109706700211018,-0.01463099873178649,1,1
S2,796,15.92,0,1.6920000000000013,0.3136191161784546,0.8106706797302345,-0.014005559137700104,1,1
S2,797,15.94,0,1.6940000000000013,0.3156191161784547,0.8103836889956622,-0.013323418793137443,1,1
S2,798,15.96,0,1.6960000000000013,0.3176191161784546,0.8101108655284353,-0.012585191578365528,1,1
S2,799,15.98,0,1.6980000000000013,0.31961911617845457,0.8098533621931924,-0.011791541848048806,1,1
S2,800,16.0,0,1.7000000000000013,0.3216191161784546,0.8096123158462105,-0.010943183833374812,1,1
S2,801,16.02,0,1.7020000000000013,0.3236191161784546,0.8093888461987423,-0.01004088099929431,1,1
S2,802,16.04,0,1.7040000000000013,0.32561911617845457,0.8091840547072184,-0.009085445357454354,1,1
S2,803,16.06,0,1.7060000000000013,0.3276191161784546,0.808999023491815,-0.008077736735442627,1,1
S2,804,16.080000000000002,0,1.7080000000000013,0.3296191161784546,0.8088348142847994,-0.0070186620030006554,1,1
S2,805,16.1,0,1.7100000000000013,0.3316191161784546,0.8086924674099844,-0.0059091742559022305,1,1
S2,806,16.12,0,1.7120000000000013,0.3336191161784546,0.808573000794525,-0.004750271958231565,1,1
S2,807,16.14,0,1.7140000000000013,0.33561911617845464,0.8084774090142045,-0.0035429980438330035,1,1
S2,808,16.16,0,1.7160000000000013,0.33761911617845464,0.8084066623732562,-0.0022884389777409666,1,1
S2,809,16.18,0,1.7180000000000013,0.3396191161784546,0.8083617060196729,-0.0009877237784347342,1,1
S2,810,16.2,1,1.7200000000000013,0.3287189278164063,0.8083434590968571,0.0003579769982019593,1,1
S2,811,16.22,0,1.7220000000000013,0.3307189278164064,0.8083528139323626,0.0017474523123022134,1,1
S2,812,16.240000000000002,0,1.7240000000000013,0.3327189278164064,0.8083906352643823,0.003179451729870113,1,1
S2,813,16.26,0,1.7260000000000013,0.3347189278164064,0.8084577595065312,0.004652686548086908,1,1
S2,814,16.28,0,1.7280000000000013,0.3367189278164064,0.8085549940513775,0.006165830955056565,1,1
S2,815,16.3,0,1.7300000000000013,0.3387189278164064,0.8086831166130721,0.007717523222947,1,1
S2,816,16.32,0,1.7320000000000013,0.34071892781640634,0.8088428746093289,0.009306366933453197,1,1
S2,817,16.34,0,1.7340000000000013,0.3427189278164064,0.8090349845829122,0.01093093223447943,1,1
S2,818,16.36,0,1.7360000000000013,0.3447189278164064,0.8092601316626898,0.012589757126909646,1,1
S2,819,16.38,0,1.7380000000000013,0.3467189278164064,0.8095189690642178,0.01428134878030798,1,1
S2,820,16.4,0,1.7400000000000013,0.34871892781640634,0.8098121176297348,0.016004184876365384,1,1
S2,821,16.42,0,1.7420000000000013,0.3507189278164063,0.8101401654073502,0.017756714978883353,1,1
S2,822,16.44,0,1.7440000000000013,0.35271892781640635,0.8105036672691331,0.019537361929061855,1,1
S2,823,16.46,0,1.7460000000000013,0.35471892781640635,0.8109031445677213,0.02134452326483579,1,1
S2,824,16.48,0,1.7480000000000013,0.35671892781640635,0.811339084830997,0.023176572662982696,1,1
S2,825,16.5,1,1.7500000000000013,0.35115799390074004,0.8118119414943019,0.025031861402703866,1,1
S2,826,16.52,0,1.7520000000000013,0.35315799390074,0.8123221336695935,0.02690871984936178,1,1
S2,827,16.54,0,1.7540000000000013,0.35515799390074,0.8128700459508836,0.028805458957038593,1,1
S2,828,16.56,0,1.7560000000000013,0.35715799390074,0.8134560282552404,0.030720371788563443,1,1
S2,829,16.580000000000002,0,1.7580000000000013,0.35915799390074,0.8140803956985785,0.0326517350516407,1,1
S2,830,16.6,0,1.7600000000000013,0.36115799390073994,0.8147434285054168,0.0345978106496967,1,1
S2,831,16.62,0,1.7620000000000013,0.36315799390073994,0.8154453719517378,0.03655684724604935,1,1
S2,832,16.64,0,1.7640000000000013,0.36515799390074,0.8161864363400437,0.03852708183999295,1,1
S2,833,16.66,0,1.7660000000000013,0.36715799390074005,0.8169667970056737,0.04050674135337978,1,1
S2,834,16.68,0,1.7680000000000013,0.36915799390073994,0.8177865943534182,0.042494044226270816,1,1
S2,835,16.7,0,1.7700000000000014,0.37115799390074,0.818645933923446,0.044487202020219364,1,1
S2,836,16.72,0,1.7720000000000014,0.37315799390074,0.8195448864855416,0.04648442102774499,1,1
S2,837,16.740000000000002,0,1.7740000000000014,0.37515799390073995,0.8204834881606418,0.04848390388654916,1,1
S2,838,16.76,0,1.7760000000000014,0.3771579939007399,0.8214617405686558,0.050483851197019994,1,1
S2,839,16.78,0,1.7780000000000014,0.37915799390073995,0.8224796110015519,0.05248246314157046,1,1
S2,840,16.8,1,1.7800000000000014,0.3492546645028483,0.8235370326206986,0.054477941104352716,1,1
S2,841,16.82,0,1.7820000000000014,0.35125466450284826,0.8246339046774631,0.05646848928989099,1,1
S2,842,16.84,0,1.7840000000000014,0.35325466450284826,0.825770092756081,0.05845231633917627,1,1
S2,843,16.86,0,1.7860000000000014,0.35525466450284826,0.8269454290378324,0.060427636941768496,1,1
S2,844,16.88,0,1.7880000000000014,0.35725466450284826,0.8281597125855872,0.062392673442455485,1,1
S2,845,16.9,0,1.7900000000000014,0.35925466450284826,0.8294127096478081,0.06434565744102261,1,1
S2,846,16.92,0,1.7920000000000014,0.36125466450284827,0.830704153981135,0.06628483138369361,1,1
S2,847,16.94,0,1.7940000000000014,0.36325466450284827,0.8320337471907103,0.0682084501448104,1,1
S2,848,16.96,0,1.7960000000000014,0.36525466450284827,0.833401159087447,0.07011478259732835,1,1
S2,849,16.98,0,1.7980000000000014,0.36725466450284827,0.8348060280614809,0.07200211317071378,1,1
S2,850,17.0,0,1.8000000000000014,0.3692546645028483,0.8362479614710987,0.07386874339484163,1,1
S2,851,17.02,0,1.8020000000000014,0.3712546645028482,0.8377265360464822,0.07571299342850395,1,1
S2,852,17.04,0,1.8040000000000014,0.3732546645028482,0.8392412983076556,0.07753320357115356,1,1
S2,853,17.06,0,1.8060000000000014,0.3752546645028482,0.8407917649960798,0.0793277357565226,1,1
S2,854,17.080000000000002,0,1.8080000000000014,0.3772546645028483,0.8423774235193909,0.08109497502677153,1,1
S2,855,17.1,1,1.8100000000000014,0.3452610875090739,0.8439977324088338,0.08283333098584218,1,1
S2,856,17.12,0,1.8120000000000014,0.3472610875090739,0.8456521217889972,0.0845412392307069,1,1
S2,857,17.14,0,1.8140000000000014,0.3492610875090739,0.847339993859515,0.08621716275922567,1,1
S2,858,17.16,0,1.8160000000000014,0.3512610875090739,0.8490607233884526,0.08785959335334426,1,1
S2,859,17.18,0,1.8180000000000014,0.3532610875090739,0.8508136582171514,0.0894670529363887,1,1
S2,860,17.2,0,1.8200000000000014,0.3552610875090739,0.8525981197763614,0.0910380949032345,1,1
S2,861,17.22,0,1.8220000000000014,0.35726108750907387,0.8544134036135449,0.0925713054221537,1,1
S2,862,17.240000000000002,0,1.8240000000000014,0.3592610875090739,0.8562587799312829,0.09406530470716783,1,1
S2,863,17.26,0,1.8260000000000014,0.3612610875090739,0.8581334941367691,0.09551874825976232,1,1
S2,864,17.28,0,1.8280000000000014,0.3632610875090739,0.8600367674024223,0.09693032807884434,1,1
S2,865,17.3,0,1.8300000000000014,0.3652610875090739,0.8619677972376931,0.09829877383785549,1,1
S2,866,17.32,0,1.8320000000000014,0.36726108750907394,0.8639257580721817,0.09962285402797996,1,1
S2,867,17.34,0,1.8340000000000014,0.3692610875090739,0.8659098018502241,0.1009013770664194,1,1
S2,868,17.36,0,1.8360000000000014,0.37126108750907383,0.8679190586371381,0.10213319236873691,1,1
S2,869,17.38,0,1.8380000000000014,0.3732610875090739,0.869952637237352,0.10331719138430545,1,1
S2,870,17.400000000000002,1,1.8400000000000014,0.34240784436341376,0.8720096258246666,0.10445230859392854,1,1
S2,871,17.42,0,1.8420000000000014,0.34440784436341376,0.8740890925849256,0.10553752246873564,1,1
S2,872,17.44,0,1.8440000000000014,0.34640784436341376,0.8761900863713862,0.10657185638948916,1,1
S2,873,17.46,0,1.8460000000000014,0.34840784436341377,0.8783116373730971,0.10755437952547586,1,1
S2,874,17.48,0,1.8480000000000014,0.35040784436341377,0.8804527577966037,0.10848420767219168,1,1
S2,875,17.5,0,1.8500000000000014,0.35240784436341377,0.8826124425612994,0.10936050404706608,1,1
S2,876,17.52,0,1.8520000000000014,0.3544078443634137,0.8847896700087484,0.11018248004250994,1,1
S2,877,17.54,0,1.8540000000000014,0.3564078443634138,0.8869834026262958,0.11094939593560904,1,1
S2,878,17.56,0,1.8560000000000014,0.3584078443634137,0.8891925877852741,0.11166056155382487,1,1
S2,879,17.580000000000002,0,1.8580000000000014,0.3604078443634138,0.8914161584940976,0.11231533689610328,1,1
S2,880,17.6,0,1.8600000000000014,0.3624078443634138,0.8936530341665208,0.11291313270883221,1,1
S2,881,17.62,0,1.8620000000000014,0.3644078443634137,0.8959021214053067,0.11345341101613024,1,1
S2,882,17.64,0,1.8640000000000014,0.3664078443634137,0.8981623148015266,0.11393568560398848,1,1
S2,883,17.66,0,1.8660000000000014,0.3684078443634138,0.9004324977496758,0.11435952245783042,1,1
S2,884,17.68,0,1.8680000000000014,0.3704078443634138,0.9027115432787512,0.11472454015309572,1,1
S2,885,17.7,1,1.8700000000000014,0.33082495045031224,0.9049983148993959,0.1150304101984966,1,1
S2,886,17.72,0,1.8720000000000014,0.33282495045031224,0.9072916674671639,0.11527685733163781,1,1
S2,887,17.740000000000002,0,1.8740000000000014,0.3348249504503122,0.9095904480619127,0.11546365976673421,1,1
S2,888,17.76,0,1.8760000000000014,0.33682495045031224,0.911893496883269,0.11559064939420301,1,1
S2,889,17.78,0,1.8780000000000014,0.33882495045031225,0.914199648162061,0.11565771193195101,1,1
S2,890,17.8,0,1.8800000000000014,0.3408249504503122,0.9165077310875424,0.11566478702822083,1,1
S2,891,17.82,0,1.8820000000000014,0.3428249504503122,0.9188165707501728,0.11561186831590338,1,1
S2,892,17.84,0,1.8840000000000015,0.3448249504503122,0.921124989099648,0.11549900341826784,1,1
S2,893,17.86,0,1.8860000000000015,0.34682495045031225,0.9234318059178044,0.11532629390610394,1,1
S2,894,17.88,0,1.8880000000000015,0.34882495045031214,0.9257358398059492,0.11509389520631506,1,1
S2,895,17.900000000000002,0,1.8900000000000015,0.35082495045031215,0.9280359091860955,0.1148020164620446,1,1
S2,896,17.92,0,1.8920000000000015,0.3528249504503121,0.9303308333155033,0.11445092034446117,1,1
S2,897,17.94,0,1.8940000000000015,0.35482495045031215,0.9326194333138524,0.11404092281637229,1,1
S2,898,17.96,0,1.8960000000000015,0.35682495045031215,0.9349005332022977,0.11357239284787927,1,1
S2,899,17.98,0,1.8980000000000015,0.3588249504503122,0.9371729609535766,0.11304575208432893,1,1
S2,900,18.0,1,1.9000000000000015,0.32042313172210957,0.9394355495522662,0.11246147446686126,1,1
S2,901,18.02,0,1.9020000000000015,0.32242313172210946,0.9416871380642067,0.11182008580589443,1,1
S2,902,18.04,0,1.9040000000000015,0.32442313172210946,0.9439265727140367,0.11112216330793089,1,1
S2,903,18.06,0,1.9060000000000015,0.32642313172210946,0.9461527079697084,0.11036833505611042,1,1
S2,904,18.080000000000002,0,1.9080000000000015,0.3284231317221095,0.9483644076327818,0.10955927944497781,1,1
S2,905,18.1,0,1.9100000000000015,0.33042313172210946,0.9505605459332255,0.10869572456997345,1,1
S2,906,18.12,0,1.9120000000000015,0.3324231317221095,0.9527400086273832,0.10777844757219664,1,1
S2,907,18.14,0,1.9140000000000015,0.3344231317221095,0.9549016940977052,0.10680827393903104,1,1
S2,908,18.16,0,1.9160000000000015,0.33642313172210947,0.9570445144527773,0.10578607676126175,1,1
S2,909,18.18,0,1.9180000000000015,0.3384231317221095,0.9591673966261268,0.10471277594735251,1,1
S2,910,18.2,0,1.9200000000000015,0.3404231317221095,0.9612692834722291,0.10358933739559022,1,1
S2,911,18.22,0,1.9220000000000015,0.3424231317221095,0.9633491348580903,0.10241677212484163,1,1
S2,912,18.240000000000002,0,1.9240000000000015,0.34442313172210953,0.9654059287487383,0.10119613536470462,1,1
S2,913,18.26,0,1.9260000000000015,0.34642313172210953,0.9674386622849106,0.09992852560587283,1,1
S2,914,18.28,0,1.9280000000000015,0.3484231317221095,0.9694463528511978,0.0986150836115681,1,1
S2,915,18.3,1,1.9300000000000015,0.3206277873074127,0.9714280391328699,0.09725699139093062,1,1
S2,916,18.32,0,1.9320000000000015,0.3226277873074127,0.9733827821595878,0.09585547113529051,1,1
S2,917,18.34,0,1.9340000000000015,0.3246277873074127,0.9753096663341883,0.09441178411827807,1,1
S2,918,18.36,0,1.9360000000000015,0.3266277873074127,0.9772078004447138,0.09292722956076264,1,1
S2,919,18.38,0,1.9380000000000015,0.3286277873074127,0.9790763186578584,0.09140314346164158,1,1
S2,920,18.400000000000002,0,1.9400000000000015,0.3306277873074127,0.9809143814919947,0.08984089739553136,1,1
S2,921,18.42,0,1.9420000000000015,0.3326277873074127,0.98272117676796,0.08824189727844303,1,1
S2,922,18.44,0,1.9440000000000015,0.3346277873074127,0.9844959205357867,0.0866075821025527,1,1
S2,923,18.46,0,1.9460000000000015,0.3366277873074127,0.9862378579755867,0.08493942264120571,1,1
S2,924,18.48,0,1.9480000000000015,0.3386277873074127,0.9879462642708183,0.08323892012531989,1,1
S2,925,18.5,0,1.9500000000000015,0.3406277873074127,0.9896204454522036,0.08150760489237906,1,1
S2,926,18.52,0,1.9520000000000015,0.34262778730741267,0.9912597392105951,0.0797470350092326,1,1
S2,927,18.54,0,1.9540000000000015,0.3446277873074127,0.99286351567714,0.07795879486994042,1,1
S2,928,18.56,0,1.9560000000000015,0.3466277873074127,0.9944311781691365,0.07614449376992531,1,1
S2,929,18.580000000000002,0,1.9580000000000015,0.34862778730741273,0.9959621639000338,0.07430576445771563,1,1
S2,930,18.6,1,1.9600000000000015,0.3350016674464176,0.997455944652092,0.07244426166558186,1,1
S2,931,18.62,0,1.9620000000000015,0.3370016674464177,0.9989120274102792,0.07056166062038927,1,1
S2,932,18.64,0,1.9640000000000015,0.33900166744641763,1.0003299549560611,0.06865965553600674,1,1
S2,933,18.66,0,1.9660000000000015,0.34100166744641763,1.0017093064198124,0.06673995808862875,1,1
S2,934,18.68,0,1.9680000000000015,0.34300166744641764,1.0030496977906629,0.06480429587638224,1,1
S2,935,18.7,0,1.9700000000000015,0.34500166744641764,1.0043507823826783,0.06285441086460496,1,1
S2,936,18.72,0,1.9720000000000015,0.3470016674464177,1.0056122512563628,0.060892057818194206,1,1
S2,937,18.740000000000002,0,1.9740000000000015,0.34900166744641764,1.0068338335945708,0.0589190027224369,1,1
S2,938,18.76,0,1.9760000000000015,0.35100166744641764,1.0080152970320087,0.056937021193742,1,1
S2,939,18.78,0,1.9780000000000015,0.35300166744641764,1.0091564479376094,0.054947896881705593,1,1
S2,940,18.8,0,1.9800000000000015,0.35500166744641765,1.010257131649168,0.052953419863946645,1,1
S2,941,18.82,0,1.9820000000000015,0.3570016674464177,1.01131723265973,0.05095538503515798,1,1
S2,942,18.84,0,1.9840000000000015,0.35900166744641765,1.0123366747553355,0.0489555904918222,1,1
S2,943,18.86,0,1.9860000000000015,0.3610016674464177,1.0133154211038276,0.046955835914046236,1,1
S2,944,18.88,0,1.9880000000000015,0.3630016674464177,1.0142534742945468,0.04495792094597069,1,1
S2,945,18.900000000000002,1,1.9900000000000015,0.3412628930873432,1.015150876328845,0.042963643576211616,1,1
S2,946,18.92,0,1.9920000000000015,0.34326289308734315,1.0160077085614592,0.04097479851979212,1,1
S2,947,18.94,0,1.9940000000000015,0.34526289308734315,1.016824091592904,0.03899317560301996,1,1
S2,948,18.96,0,1.9960000000000016,0.3472628930873431,1.0176001851131464,0.0370205581527647,1,1
S2,949,18.98,0,1.9980000000000016,0.34926289308734315,1.0183361876969343,0.035058721391583884,1,1
S2,950,19.0,0,2.0000000000000013,0.35126289308734315,1.0190323365512683,0.03310943084014257,1,1
S2,951,19.02,0,2.002000000000001,0.35326289308734315,1.0196889072155997,0.031174440728363884,1,1
S2,952,19.04,0,2.004000000000001,0.3552628930873432,1.0203062132154501,0.029255492416740518,1,1
S2,953,19.06,0,2.0060000000000007,0.35726289308734316,1.0208846056702459,0.027354312829227807,1,1
S2,954,19.080000000000002,0,2.0080000000000005,0.35926289308734316,1.0214244728562596,0.025472612899128735,1,1
S2,955,19.1,0,2.0100000000000002,0.36126289308734316,1.0219262397256432,0.023612086029369463,1,1
S2,956,19.12,0,2.012,0.3632628930873431,1.0223903673826333,0.021774406568550973,1,1
S2,957,19.14,0,2.014,0.3652628930873431,1.0228173525180881,0.01996122830414836,1,1
S2,958,19.16,0,2.0159999999999996,0.3672628930873431,1.0232077268036053,0.018174182974213728,1,1
S2,959,19.18,0,2.0179999999999993,0.36926289308734317,1.0235620562465444,0.016414878798922075,1,1
S2,960,19.2,1,2.019999999999999,0.34650651086584516,1.023880940507346,0.014684899033281695,1,1
S2,961,19.22,0,2.021999999999999,0.3485065108658452,1.0241650121806158,0.012985800542311533,1,1
S2,962,19.240000000000002,0,2.0239999999999987,0.35050651086584517,1.0244149360414965,0.011319112399967756,1,1
S2,963,19.26,0,2.0259999999999985,0.35250651086584517,1.0246314082589059,0.009686334513080399,1,1
S2,964,19.28,0,2.0279999999999982,0.3545065108658452,1.024815155577278,0.008088936271538456,1,1
S2,965,19.3,0,2.029999999999998,0.3565065108658452,1.024966934468478,0.006528355225938171,1,1
S2,966,19.32,0,2.031999999999998,0.35850651086584523,1.0250875302556082,0.005005995793884525,1,1
S2,967,19.34,0,2.0339999999999976,0.36050651086584523,1.0251777562104465,0.003523227996110182,1,1
S2,968,19.36,0,2.0359999999999974,0.3625065108658452,1.0252384526262948,0.00208138622354932,1,1
S2,969,19.38,0,2.037999999999997,0.36450651086584523,1.0252704858680224,0.0006817680364758437,1,1
S2,970,19.400000000000002,0,2.039999999999997,0.36650651086584524,1.0252747474011106,-0.0006743670032132788,1,1
S2,971,19.42,0,2.0419999999999967,0.36850651086584524,1.0252521528015097,-0.0019857984655186917,1,1
S2,972,19.44,0,2.0439999999999965,0.3705065108658452,1.0252036407481202,-0.0032513461506432874,1,1
S2,973,19.46,0,2.0459999999999963,0.37250651086584513,1.0251301719997012,-0.004469871151092366,1,1
S2,974,19.48,0,2.047999999999996,0.3745065108658452,1.0250327283580027,-0.005640276876613488,1,1
S2,975,19.5,1,2.049999999999996,0.34995876853340746,1.0249123116188983,-0.0067615100410537005,1,1
S2,976,19.52,0,2.0519999999999956,0.35195876853340746,1.024769942513271,-0.00783256161024598,1,1
S2,977,19.54,0,2.0539999999999954,0.3539587685334074,1.024606659639378,-0.008852467710071862,1,1
S2,978,19.56,0,2.055999999999995,0.3559587685334074,1.0244235183883839,-0.009820310493883098,1,1
S2,979,19.580000000000002,0,2.057999999999995,0.3579587685334074,1.024221589864717,-0.010735218968501693,1,1
S2,980,19.6,0,2.0599999999999947,0.3599587685334074,1.0240019598028507,-0.011596369778054953,1,1
S2,981,19.62,0,2.0619999999999945,0.3619587685334074,1.023765727482077,-0.012402987944940215,1,1
S2,982,19.64,0,2.0639999999999943,0.3639587685334074,1.023514004640771,-0.013154347567252384,1,1
S2,983,19.66,0,2.065999999999994,0.3659587685334074,1.0232479143915991,-0.013849772472046624,1,1
S2,984,19.68,0,2.067999999999994,0.3679587685334075,1.0229685901390637,-0.014488636823848391,1,1
S2,985,19.7,0,2.0699999999999936,0.3699587685334075,1.0226771745007008,-0.015070365687863125,1,1
S2,986,19.72,0,2.0719999999999934,0.3719587685334075,1.0223748182331986,-0.015594435547378722,1,1
S2,987,19.740000000000002,0,2.073999999999993,0.3739587685334075,1.0220626791646221,-0.016060374774895275,1,1
S2,988,19.76,0,2.075999999999993,0.3759587685334075,1.021741921133863,-0.016467764056557973,1,1
S2,989,19.78,0,2.0779999999999927,0.3779587685334075,1.02141371293836,-0.016816236769511276,1,1
S2,990,19.8,1,2.0799999999999925,0.34807417665077484,1.021079227291063,-0.01710547931183472,1,1
S2,991,19.82,0,2.0819999999999923,0.3500741766507748,1.0207396397875315,-0.017335231384763505,1,1
S2,992,19.84,0,2.083999999999992,0.35207417665077484,1.0203961278839937,-0.0175052862269398,1,1
S2,993,19.86,0,2.085999999999992,0.35407417665077484,1.0200498698871037,-0.017615490800483996,1,1
S2,994,19.88,0,2.0879999999999916,0.3560741766507748,1.0197020439560656,-0.017665745928718488,1,1
S2,995,19.900000000000002,0,2.0899999999999914,0.35807417665077484,1.0193538271177194,-0.017656006385419993,1,1
S2,996,19.92,0,2.091999999999991,0.3600741766507748,1.0190063942951013,-0.017586280935520074,1,1
S2,997,19.94,0,2.093999999999991,0.3620741766507748,1.0186609173499261,-0.017456632327217312,1,1
S2,998,19.96,0,2.0959999999999908,0.36407417665077485,1.0183185641393622,-0.01726717723550817,1,1
S2,999,19.98,0,2.0979999999999905,0.3660741766507748,1.0179804975874034,-0.01701808615718734,1,1
S2,1000,20.0,0,2.0999999999999903,0.3680741766507748,1.0176478747710753,-0.01670958325741217,1,1
