seed,scenario,tick,time_s,position_arrived,status,contained_exact,contained_tol,truth_0,truth_1,truth_2,truth_3,truth_4,truth_5,lower_0,lower_1,lower_2,lower_3,lower_4,lower_5,upper_0,upper_1,upper_2,upper_3,upper_4,upper_5
70001,S0,0,0.0,1,VALID_NUMERICAL_BOX,1,1,-0.010413485025066005,2.019878467530748,-0.028017344566880455,0.00815476246885063,0.0,0.0,-0.02,2.0145708908397384,-0.1,-0.1,-0.005,-0.005609525976774836,0.01833553569435488,2.02,0.1,0.1,0.004387791954502073,0.01
70001,S0,1,0.02,0,VALID_NUMERICAL_BOX,1,1,-0.010973831916403614,2.020041562780125,-0.02800362784081098,0.010112179534499978,0.0,0.0,-0.022000000001021997,2.0125708908367166,-0.13846745172057962,-0.13975042812119523,-0.0006573013481180777,-0.005609525977784836,0.02033553569537688,2.022000000003022,0.13858876675293835,0.1436719511013557,0.004587791955507185,0.0036814108531510103
70001,S0,2,0.04,0,VALID_NUMERICAL_BOX,1,1,-0.011533904473219834,2.0202438063708152,-0.02798988506917024,0.01206802577083207,0.0,0.0,-0.02476934903645836,2.009775882271268,-0.17697453364204443,-0.17950085704226984,-0.0007694918686784358,-0.0037443071042168596,0.023107311031460416,2.024873439028074,0.17631697951673517,0.1873435098158349,0.001100210131067504,0.00368141085415662
70001,S0,3,0.06,0,VALID_NUMERICAL_BOX,1,1,-0.01209370217460324,2.020485166886232,-0.02797611632342605,0.014021515768426168,0.0,0.0,-0.02830883971032756,2.0061858651273936,-0.21479051259277807,-0.21925049746730046,-0.0008443780117639468,-0.003744307105220604,0.02663365062282343,2.0286203092274193,0.21406742322311925,0.23101389152654672,0.00117383834915181,0.0036814108551603644
70001,S0,4,0.08,0,VALID_NUMERICAL_BOX,1,1,-0.01265322450107176,2.0207655972016005,-0.027962321688245785,0.01597186473386394,0.0,0.0,-0.03260464996321573,2.0018008551750146,-0.2526210794314431,-0.2590021156303464,-0.0009192641548696064,-0.0037443071062243484,0.03091499908831842,2.0332405870609835,0.2518327047391152,0.2746823120873863,0.0012474665672562648,0.0036814108561641088
70001,S0,5,0.1,1,VALID_NUMERICAL_BOX,1,1,-0.013212470934836676,2.0210850344962776,-0.02794850126145295,0.017918288809704017,0.0,0.0,-0.03765707155288225,2.000767256520667,-0.2904662328907735,-0.2987564959663693,-0.0009941502979954144,-0.0003189314657581592,-0.0098408136812471,2.03873423330577,0.2896128230499467,0.3183479881366824,0.0013210947853808679,0.003681410857167853
70001,S0,6,0.12,0,VALID_NUMERICAL_BOX,1,1,-0.013771440960065735,2.0214434002724717,-0.027934655153978177,0.019860005395392916,0.0,0.0,-0.04346639621174118,1.9947921265982946,-0.3283259715318421,-0.3385144218123095,-0.0010005289283119723,-0.0003189314667618406,-0.004048557219204701,2.045101193071549,0.3274077769658568,0.36201013741053195,0.0013947230035256195,0.0036814108581715347
70001,S0,7,0.14,0,VALID_NUMERICAL_BOX,1,1,-0.014330134063145298,2.0218406003803797,-0.027920783489804753,0.021796233468950647,0.0,0.0,-0.05003291564342806,1.988021838158996,-0.36620029374482027,-0.3782766750941663,-0.0010069075586486775,-0.000318931467765522,0.002499598321162469,2.0523413958228116,0.3652039905108883,0.4056679790556949,0.0014683512216905187,0.003681410859175216
70001,S0,8,0.16,0,VALID_NUMERICAL_BOX,1,1,-0.014888549732941393,2.0222765250497585,-0.027906886405908615,0.02372619390926189,0.0,0.0,-0.05735692151938182,1.9804563046540522,-0.40408919774985197,-0.41804403601464224,-0.00101328618900553,-0.0003189314687692034,0.009803678132437592,2.0604547554069863,0.40300146284557165,0.44932073394192545,0.001541979439875565,0.0036814108601788977
70001,S0,9,0.18,0,VALID_NUMERICAL_BOX,1,1,-0.015446687461059564,2.022751048927944,-0.02789296405219287,0.02564910981879883,0.0,0.0,-0.0654387054754443,1.9720954239306898,-0.4419926815980417,-0.45781728274147737,-0.0010196648193825297,-0.0003189314697728848,0.017863707390414464,2.0694411700888944,0.4408001931175895,0.49296762497361346,0.0016156076580807585,0.0036814108611825792
70001,S0,10,0.2,1,VALID_NUMERICAL_BOX,1,1,-0.016004546742103422,2.0232640311243197,-0.02787901659141684,0.02756420684659447,0.0,0.0,-0.049634199687541014,1.996117148902964,-0.4799107431725563,-0.49759719109659734,-0.0010260434497796765,-0.0003189314707765662,-0.009634199687541013,2.036117148902964,0.47860018046214564,0.5366078774006124,0.0016892358763060994,0.0036814108621862607
70001,S0,11,0.22,0,VALID_NUMERICAL_BOX,1,1,-0.01656212707393176,2.0238153152612517,-0.027865044199119622,0.02947071351128139,0.0,0.0,-0.05923241455205137,1.9861652050779852,-0.5178433801898388,-0.5373845342461999,-0.0010324220801969707,-0.0003189314717802476,-6.219607723886697e-05,2.0468493064540234,0.5164014240023429,0.5802407191281292,0.0017628640945515875,0.0036814108631899422
70001,S0,12,0.24,0,VALID_NUMERICAL_BOX,1,1,-0.01711942795791415,2.024404729531477,-0.02785104706353826,0.03136786152400505,0.0,0.0,-0.06958928215691773,1.9754175143900028,-0.5557905902009351,-0.577180082391904,-0.001038800710634412,-0.00031893147278392903,0.01026583240387758,2.0584541208396443,0.5542039228495695,0.6238653810255517,0.0018364923128172228,0.0021863851739821524
70001,S0,13,0.26,0,VALID_NUMERICAL_BOX,1,1,-0.017676448899184915,2.025032086761957,-0.027837025385520433,0.0332548861110167,0.0,0.0,-0.08070509396201714,1.9638739127390938,-0.5937523705929323,-0.6169846024630846,-0.0010451793410919709,-0.00031893147378611543,0.021349910861949678,2.070931428463226,0.5920076761038945,0.6674810972340908,0.001880220017298746,0.0021863851749843385
70001,S0,14,0.28,0,VALID_NUMERICAL_BOX,1,1,-0.018233189406895323,2.0256971844841773,-0.027822979378431832,0.0351310263357471,0.0,0.0,-0.09258014137496837,1.9515342206867479,-0.6317227954272532,-0.6567988465851006,-0.0006882827992195986,-0.0003189314747883018,0.03319006438512014,2.084281050410992,0.6298126828544711,0.7110871054731138,0.0019239477218003568,0.00029865427971924145
70001,S0,15,0.3,1,VALID_NUMERICAL_BOX,1,1,-0.01878964899446396,2.0263998050108922,-0.02780890926805812,0.03699552542015902,0.0,0.0,-0.04723113528300954,2.0185370075770637,-0.6697018623950602,-0.6966235735313075,-0.0006946614297172946,-0.00031893147578862074,-0.0072311352830095425,2.0585370075770637,0.667546982630446,0.7546826473450463,0.0019299208083966716,0.00029865428071956037
70001,S0,16,0.32,0,VALID_NUMERICAL_BOX,1,1,-0.019345827179825123,2.0271397155192954,-0.027794815292501624,0.03884763106517347,0.0,0.0,-0.06062517253197137,2.004604536103364,-0.7076820908882817,-0.7364595233148766,-0.000701040060235003,-0.00031893147678893966,0.006119804370660002,2.073630660527038,0.7052825381264448,0.7982669686387209,0.0019358938950129988,0.0002986542817198793
70001,S0,17,0.34,0,VALID_NUMERICAL_BOX,1,1,-0.019901723485675156,2.0279166681405987,-0.027780697702072706,0.04068659576996314,0.0,0.0,-0.07477881435081178,1.9898753456339768,-0.7456634793214819,-0.7763074456642965,-0.0007074186907727237,-0.00031893147778925857,0.02022545513426368,2.089595999902902,0.7430193486737364,0.8418393196310526,0.0009011026591021452,0.0002986542827201982
70001,S0,18,0.36,0,VALID_NUMERICAL_BOX,1,1,-0.02045733743971661,2.028730400055998,-0.02776655675917593,0.0425116771499034,0.0,0.0,-0.08969208393833111,1.9743491967175846,-0.7834399032767593,-0.8161677925194077,-0.0006648054483322785,-0.0003189314787895775,0.0350858421088281,2.106432786298629,0.7807574135926296,0.8853989553869167,0.0009070757457574562,0.0002986542837205171
70001,S0,19,0.38,0,VALID_NUMERICAL_BOX,1,1,-0.02101266857490013,2.029580633598996,-0.027752392738191033,0.044322138252972015,0.0,0.0,-0.10536088200497166,1.9580258408640723,-0.8212174979947392,-0.856041595524246,-0.0006711840789089831,-0.0003189314797898964,0.05070099038178605,2.1241407654094915,0.8184870300293067,0.9289451360571137,0.0009130488324327796,0.000298654284720836
70001,S0,20,0.4,1,VALID_NUMERICAL_BOX,1,1,-0.02156771642966395,2.0304670763640553,-0.027738205925348734,0.04611724787438688,0.0,0.0,-0.042683891409837194,2.028000800334449,-0.858996262644078,-0.8959295891527693,-0.0002476006644989738,-0.0003189314807902153,-0.002683891409837196,2.068000800334449,0.8562179001418874,0.9724771271742992,0.0009190219191281153,0.00029865428572115494
70001,S0,21,0.42,0,VALID_NUMERICAL_BOX,1,1,-0.022122480548170925,2.031389421321543,-0.027723996618601494,0.04789628086927145,0.0,0.0,-0.059863816663778616,2.0100822085483063,-0.8967761963854871,-0.9358325022032927,-0.0002539792951157031,-0.0003189314817905342,0.014440466594060414,2.0874503428810223,0.8938648877183539,1.0159941999467608,0.0009249950058434635,0.00029865428672147385
70001,S0,22,0.44,0,VALID_NUMERICAL_BOX,1,1,-0.022676960480542956,2.0323473469389284,-0.02770976512748922,0.049658518463138436,0.0,0.0,-0.07779934059256616,1.9913655585011327,-0.9345572983721377,-0.9757510575069811,-0.0002603579257524447,-0.00031893148279085314,0.03231776434950529,2.107770226883065,0.931513134336574,1.0594956315499249,0.000930968092578824,0.00029865428772179277
70001,S0,23,0.46,0,VALID_NUMERICAL_BOX,1,1,-0.02323115578309274,2.0333405173081913,-0.02769551177300002,0.05140324855998307,0.0,0.0,-0.0964904865611054,1.971850537347864,-0.9723395677500732,-1.015685971638729,-0.0002667365564091987,-0.00031893148379117205,0.05094802703733326,2.1289601395171927,0.9691626396104469,1.1029807054154774,0.0009369411793341967,0.0002986542887221117
70001,S0,24,0.48,0,VALID_NUMERICAL_BOX,1,1,-0.02378506601855274,2.034368582279391,-0.02768123688742604,0.05312976604777907,0.0,0.0,-0.1159372779172228,1.9515368179119386,-1.0101230036586266,-1.0556379546305437,-0.0002731151870859651,-0.00031893148479149097,0.07033127983065814,2.151019753628653,1.0068134031419047,1.146448711517981,0.000942914266109582,0.0002986542897224306
70001,S0,25,0.5,1,VALID_NUMERICAL_BOX,1,1,-0.02433869075630126,2.035431177600347,-0.02766694081421448,0.0548373731011723,0.0,0.0,-0.050138881554842044,2.013190198078459,-1.0479076052308451,-1.0956077096875436,-0.0002794938177827438,-0.0003189314857918099,-0.010138881554842046,2.053190198078459,1.044465424521157,1.1898989466588756,0.0009488873529049795,0.0002986542907227495
70001,S0,26,0.52,0,VALID_NUMERICAL_BOX,1,1,-0.02489202957258555,2.0365279250623702,-0.02765262390781385,0.05652537948117005,0.0,0.0,-0.07109703366053005,1.9912780438816309,-1.0856933715939199,-1.1355959329066894,-0.0002858724484995348,-0.0003189314867921288,0.010750426936652192,2.0769881770147136,1.0821187033269442,1.2333307147477497,0.0003700115380299452,0.0002986542917230684
70001,S0,27,0.54,0,VALID_NUMERICAL_BOX,1,1,-0.025445082050741828,2.0376584326519938,-0.027638286533515518,0.058193102831626195,0.0,0.0,-0.09281090109350125,1.9685661252203954,-1.123364558742604,-1.1756032363259326,-0.0002922510792357534,-0.0003189314877924477,0.03239280100428389,2.1016547913127703,1.1197732391267972,1.276743327080766,0.0003759846248647826,0.00029865429272338734
70001,S0,28,0.56,0,VALID_NUMERICAL_BOX,1,1,-0.025997847781412137,2.038822294708626,-0.02762392906729068,0.05983986897232685,0.0,0.0,-0.1152781922694686,1.9450540604907496,-1.1610369205226931,-1.2156303769824257,-0.00029862970999198433,-0.0003189314887927666,0.054788265787935116,2.127189657857513,1.157429031477307,1.3201361026161338,0.0003819577117196323,0.00029865429372370625
70001,S0,29,0.58,0,VALID_NUMERICAL_BOX,1,1,-0.02655032636275795,2.0400190920880727,-0.027609551895622773,0.06146501218848348,0.0,0.0,-0.13849893068106098,1.9207414529479474,-1.1987104564401163,-1.2556780279904267,-0.0003050083407682276,-0.00031893148979308554,0.07793684641861974,2.1535923799129892,1.1950860799244027,1.3635083682465174,0.00038793079859449433,0.00029865429472402516
70001,S0,30,0.6,1,VALID_NUMERICAL_BOX,1,1,-0.027102517400670406,2.0412483923318425,-0.027595155415335474,0.06306787551644621,0.0,0.0,-0.06375616666172956,2.02748144744142,-1.2363851659919234,-1.2957468542604984,-0.0003113869715644832,-0.00031893149079340445,-0.02375616666172956,2.06748144744142,1.2327443840036345,1.40685945906827,0.0003939038854893687,0.0002986542957243441
70001,S0,31,0.62,0,VALID_NUMERICAL_BOX,1,1,-0.027654420508977116,2.0425097498421714,-0.027580740033416307,0.06464781102545322,0.0,0.0,-0.08848386998265652,2.001566510353114,-1.2740610486665855,-1.3358375122335564,-0.0003177656023807512,-0.00031893149179372337,0.0008987210194316146,2.095618636625881,1.270403943240466,1.450188718647385,0.0003998769724042555,0.000298654296724663
70001,S0,32,0.64,0,VALID_NUMERICAL_BOX,1,1,-0.028206035309645442,2.04380270606268,-0.027566306166836016,0.06620418009523717,0.0,0.0,-0.1139650909571022,1.974849760105318,-1.3117381039443032,-1.3759506496183038,-0.0003241442332170315,-0.0003189314927940423,0.0263067998853549,2.1246224110019534,1.3080647571505746,1.4934954992820624,0.0004058500593391546,0.0002986542977249819
70001,S0,33,0.66,0,VALID_NUMERICAL_BOX,1,1,-0.028757361432982163,2.045126789664585,-0.027551854242363748,0.06773635368931474,0.0,0.0,-0.14019985303712845,1.9473307471097974,-1.3494163312973197,-1.4160869051321598,-0.0003305228640733242,-0.0003189314937943612,0.05246809502950659,2.154492320990749,1.3457268252401577,1.5367791622617801,0.00041182314629406607,0.0002986542987253008
70001,S0,34,0.68,0,VALID_NUMERICAL_BOX,1,1,-0.02930839851782944,2.046481516738371,-0.027537384696378175,0.06924371262379078,0.0,0.0,-0.16718817966424201,1.9190090090039689,-1.3870957301902407,-1.456246908245783,-0.0003369014949496292,-0.0003189314947946801,0.07938263153547694,2.1852279042391696,1.3833901470062466,1.5800390781227698,0.0004177962332689899,0.00029865429972561973
70001,S0,35,0.7000000000000001,1,VALID_NUMERICAL_BOX,1,1,-0.029859146211757,2.047866390990847,-0.027522897974674623,0.07072564783151324,0.0,0.0,-0.059713038202362026,2.010167560414212,-1.4247763000803608,-1.4964312789312952,-0.00034328012584594657,-0.000318931495794999,-0.01971303820236203,2.050167560414212,1.421054721937027,1.6232746268997942,0.00042376932026392606,0.00029865430072593865
70001,S0,36,0.72,0,VALID_NUMERICAL_BOX,1,1,-0.030409604171250493,2.0492809039474773,-0.02750839453226833,0.0721815606214214,0.0,0.0,-0.08820856420505746,1.9802389348325034,-1.4624580404179959,-1.5366406274143032,-0.00034965875676227625,-0.00031893149679531794,0.008708056237466722,2.0826330529552903,1.4587205495121671,1.666485198374125,0.00042974240727887457,0.00029865430172625756
70001,S0,37,0.74,0,VALID_NUMERICAL_BOX,1,1,-0.03095977206189586,2.050724535159906,-0.02749387483319392,0.07361086293293499,0.0,0.0,-0.11745772501453483,1.9495061222811014,-1.5001409506468202,-1.576875553929819,-0.00035603738769861835,-0.00031893149779563685,0.03788246722882752,2.115962756925889,1.496387629203151,1.7096701923176207,0.00043571549431383545,0.0002986543027265765
70001,S0,38,0.76,0,VALID_NUMERICAL_BOX,1,1,-0.03150964955855974,2.0521967524185647,-0.027479339350301245,0.07501297758523867,0.0,0.0,-0.14746054402861872,1.9179686111993548,-1.5378250302042098,-1.617136648482177,-0.0003624160186549728,-0.00031893149879595576,0.067810219814038,2.150156160775392,1.5340559604736193,1.752829018732813,0.0004416885813688087,0.0002986543037268954
70001,S0,39,0.78,0,VALID_NUMERICAL_BOX,1,1,-0.03205923634556577,2.0536970119702693,-0.027464788565047603,0.07638733852132071,0.0,0.0,-0.17821704463388113,1.885625878226526,-1.575510278521592,-1.6574244906090432,-0.0003687946496313396,-0.0003189314997962747,0.0984913390246886,2.1852127411532334,1.571725542779716,1.7959610980888947,0.00044766166844379426,0.0002986543047272143
70001,S0,40,0.8,1,VALID_NUMERICAL_BOX,1,1,-0.03260853211686672,2.0552247587406955,-0.027450222967286563,0.07773339104663252,0.0,0.0,-0.03638819575990175,2.019387658429958,-1.613196695024798,-1.6977396491496097,-0.00037517328062771873,-0.0003189315007965936,0.00361180424009825,2.059387658429958,1.6093963755704408,1.8390658615535258,0.0004536347555387922,0.0002986543057275332
70001,S0,41,0.8200000000000001,0,VALID_NUMERICAL_BOX,1,1,-0.033157536576212454,2.0567794265616284,-0.027435643055053423,0.07905059206224073,0.0,0.0,-0.06865212966146637,1.9854328654438698,-1.6508842791344227,-1.7380826820170703,-0.0003815519116441102,-0.0003189315017969125,0.03579973175257572,2.096168975664125,1.647068458288007,1.882142751220359,0.0004596078426538024,0.00029865430672785213
70001,S0,42,0.84,0,VALID_NUMERICAL_BOX,1,1,-0.03370624943731352,2.058360438402873,-0.02742104933434744,0.0803384102923496,0.0,0.0,-0.1016698152452565,1.9506712118003946,-1.6885730302661874,-1.7784541359754646,-0.00038793054268051406,-0.0003189315027972314,0.06874110091943753,2.1338118306916662,1.6847417903682058,1.9251912203321944,0.0004655809297888251,0.00029865430772817105
70001,S0,43,0.86,0,VALID_NUMERICAL_BOX,1,1,-0.03425467042400047,2.0599672066087202,-0.027406442318910953,0.08159632650607858,0.0,0.0,-0.1354412758517157,1.915102129077713,-1.7262629478313092,-1.8188545464209833,-0.00039430917373693025,-0.00031893150379755034,0.10243593672793709,2.172315655101482,1.722416371240776,1.9682107334996752,0.00047155401694386006,0.00029865430872848996
70001,S0,44,0.88,0,VALID_NUMERICAL_BOX,1,1,-0.03480279927037869,2.061599133138842,-0.027391822530005494,0.08282383373338482,0.0,0.0,-0.16996653480951185,1.8787250381460818,-1.7639540312368724,-1.8592844371678188,-0.0004006878048133588,-0.00031893150479786925,0.13688426415392257,2.211679869774687,1.7600922003297779,2.0112007669154366,0.0004775271041189074,0.0002986543097288089
70001,S0,45,0.9,1,VALID_NUMERICAL_BOX,1,1,-0.035350635720978796,2.0632556098135097,-0.02737719049618505,0.08402043747502827,0.0,0.0,-0.060075397691620847,2.023793465662746,-1.801646279886206,-1.8997443202386497,-0.00040706643590979967,-0.00031893150579818816,-0.02007539769162085,2.063793465662746,1.7977692770539726,2.05416080856362,0.00048350019131396704,0.0002986543107291278
70001,S0,46,0.92,0,VALID_NUMERICAL_BOX,1,1,-0.0358981795309025,2.06493601856301,-0.027362546753066534,0.08518565590648108,0.0,0.0,-0.09610832329044107,1.9857985792548682,-1.8393396931792643,-1.9402346956598413,-0.0004134450670262529,-0.0003189315067985071,0.01587998785055471,2.1048766818371236,1.8354476008272071,2.0970903584246763,0.0004894732785290391,0.0002986543117294467
70001,S0,47,0.9400000000000001,0,VALID_NUMERICAL_BOX,1,1,-0.03644543046596383,2.0666397316811396,-0.02734789184309763,0.08631902007569106,0.0,0.0,-0.13289511715515925,1.9469938853385247,-1.8770342705130112,-1.9807560512614446,-0.00041982369816271844,-0.000318931507798826,0.052588939868231745,2.146818489008764,1.8731271710588022,2.1399889286753626,0.0004954463657641235,0.0002986543127297656
70001,S0,48,0.96,0,VALID_NUMERICAL_BOX,1,1,-0.036992388302825786,2.0683661120826535,-0.027333226315322093,0.08742007409461396,0.0,0.0,-0.1704358025665899,1.9073787643101061,-1.9147300112818086,-2.0213088624820736,-0.0004262023293191964,-0.0003189315087991449,0.09005148329057823,2.1896182675854607,1.910807987153946,2.1828560438838682,0.0005014194530192202,0.00029865431373008453
70001,S0,49,0.98,0,VALID_NUMERICAL_BOX,1,1,-0.03753905282913223,2.070114513564546,-0.0273185507251427,0.08848837532443546,0.0,0.0,-0.20873040279343483,1.8669525870572314,-1.9524269148778075,-2.0618935921787385,-0.0004325809604956867,-3.824934372331605e-05,0.12826764303486587,2.2332753884663714,1.9484900485140912,2.2256912411999803,0.0005073925402943293,0.00029865431473040345
70001,S0,50,1.0,1,VALID_NUMERICAL_BOX,1,1,-0.038085423843635086,2.0718842810710343,-0.027303865634081853,0.08952349455441035,0.0,0.0,-0.04522518276146825,2.053299588010679,-1.9901249806913424,-2.1025106904417115,-0.00043334594837066636,-3.8249344723614704e-05,-0.005225182761468248,2.093299588010679,1.9861733545373557,2.268494070540216,0.0005133656275894508,0.0002986543157307021
70001,S0,51,1.02,0,VALID_NUMERICAL_BOX,1,1,-0.03863150115631672,2.0736747509621223,-0.027289171609540093,0.09052501617425122,0.0,0.0,-0.08502768237638011,2.0112493741987056,-2.0278242081113294,-2.1431605944145016,-0.00043411093626565797,-3.824934572391336e-05,0.0344982843303639,2.138669469424622,2.0238567972713413,2.311264094767852,0.0005193387149045841,0.0002986543167310007
70001,S0,52,1.04,0,VALID_NUMERICAL_BOX,1,1,-0.03917728458850753,2.0754852512856075,-0.027274469224552535,0.09149253834000608,0.0,0.0,-0.12558416653973228,1.9683861623072307,-2.0655245965256657,-2.1838437281190037,-0.0004348759241806615,-3.824934672421201e-05,0.07497542027691631,2.184894751323164,2.061540376481791,2.3540008898677742,0.0005253118022397295,0.00029865431773129936
70001,S0,53,1.06,0,VALID_NUMERICAL_BOX,1,1,-0.03972277397299858,2.0773151020524074,-0.027259759057543416,0.09242567313336884,0.0,0.0,-0.1668946584714125,1.9247092877416185,-2.1032261453216328,-2.224560502285899,-0.00043564091211567704,-3.824934772451066e-05,0.11620622780771903,2.2319747691237515,2.0992240919392553,2.3967040451160737,0.0005312848895948867,0.000298654318731598
70001,S0,54,1.08,0,VALID_NUMERICAL_BOX,1,1,-0.04026796915414945,2.079163615515075,-0.02724504169207885,0.09332404671437308,0.0,0.0,-0.2089591813790541,1.8802180776926207,-2.140928853886301,-2.2653113141903707,-0.0004364059000707045,-3.8249348724809316e-05,0.1581907096477131,2.279908850029353,2.1369079434192035,2.4393731632443356,0.0005372579769700559,0.00029865431973189664
70001,S0,55,1.1,1,VALID_NUMERICAL_BOX,1,1,-0.04081286998799103,2.0810300964493624,-0.02723031771661793,0.09418729946742446,0.0,0.0,-0.047545216328068275,2.0791329965762015,-2.1786327216069354,-2.306096547493203,-0.00043717088804574395,-3.824934972510797e-05,-0.007545216328068274,2.1191329965762016,2.174591930702135,2.4820078605985385,0.000543231064365237,0.0002986543207321953
70001,S0,56,1.12,0,VALID_NUMERICAL_BOX,1,1,-0.04135747634232339,2.082913842438711,-0.02721558772426227,0.0950150861406334,0.0,0.0,-0.0911178707612981,2.033011065623169,-2.216337747871407,-2.346916572087324,-0.0004379358760407953,-3.824935072540662e-05,0.03594662228706554,2.168773153791341,2.2122760535736865,2.5246077672925122,0.0005492041517804302,0.0002986543217324939
70001,S0,57,1.1400000000000001,0,VALID_NUMERICAL_BOX,1,1,-0.04190178809680863,2.0848141441615233,-0.02720085231250418,0.0958070759784139,0.0,0.0,-0.13544462571986168,1.9860727341782032,-2.2540439320685985,-2.387771743949856,-0.00043870086405585864,-3.8249351725705275e-05,0.08019214335967471,2.21926530914041,2.2499603118247413,2.5671725273558863,0.0005551772392156353,0.00029865432273279256
70001,S0,58,1.16,0,VALID_NUMERICAL_BOX,1,1,-0.042445805143058714,2.0867302856810914,-0.027186112082973488,0.09656295284732033,0.0,0.0,-0.18052550436241419,1.9383172992959354,-2.291751273588822,-2.4286624049997316,-0.0004394658520909339,-3.824935272600393e-05,0.12519134959735007,2.2706087596907985,2.2876447052515325,2.609701798876474,0.0005611503266708523,0.0002986543237330912
70001,S0,59,1.18,0,VALID_NUMERICAL_BOX,1,1,-0.04298952738471818,2.088661544738038,-0.027171367641183247,0.09728241535509945,0.0,0.0,-0.226360529835417,1.8897440511926178,-2.329459771824226,-2.469588882960937,-0.0004402308401460211,-3.824935372630258e-05,0.17094424370360706,2.3228027956716506,2.325329233655747,2.6521952541370335,0.0005671234141460813,0.00029865432473338984
70001,S0,60,1.2,1,VALID_NUMERICAL_BOX,1,1,-0.043532954737541846,2.0906071930451398,-0.027156619596274374,0.09796517696293859,0.0,0.0,-0.07120133935052088,2.0701239311493524,-2.3671694261692116,-2.5105514912314253,-0.0004409958282211203,-3.8249354726601235e-05,-0.03120133935052088,2.1101239311493525,2.363013896844626,2.694652579746348,0.0005730965016413222,0.0002986543257336885
70001,S0,61,1.22,0,VALID_NUMERICAL_BOX,1,1,-0.04407608712946733,2.0925664965843986,-0.02714186856075937,0.09861096609089752,0.0,0.0,-0.11854472787502365,2.0199129013215598,-2.4048802360208468,-2.5515505287577662,-0.0004417608163162314,-3.824935572689989e-05,0.01605893858749019,2.1640169827474436,2.4006986946310653,2.73707347676458,0.000579069589156575,0.0002986543267339871
70001,S0,62,1.24,0,VALID_NUMERICAL_BOX,1,1,-0.04461892450068252,2.0945387159062165,-0.027127115150265245,0.09921952621651499,0.0,0.0,-0.16664233259660724,1.9688818907431858,-2.4425922007792797,-2.592586279915575,-0.0004425258044313544,-3.824935672719854e-05,0.06407291248127812,2.218758452285954,2.4383836268337102,2.7794576608228434,0.0005850426766918397,0.00029865432773428576
70001,S0,63,1.26,0,VALID_NUMERICAL_BOX,1,1,-0.04516146680368782,2.096523106430547,-0.027112359983275772,0.09979061596658631,0.0,0.0,-0.21549417661340833,1.9170301651416,-2.480305319848154,-2.6336590143957674,-0.0004432907925664894,-3.8249357727497194e-05,0.11284058501916783,2.274347605505685,2.476068693277053,2.821804862236946,0.0005910157642471164,0.0002986543287345844
70001,S0,64,1.28,0,VALID_NUMERICAL_BOX,1,1,-0.04570371400335334,2.0985189187498787,-0.027097603680873168,0.10032400920211239,0.0,0.0,-0.2651002830116365,1.8643569848503536,-2.518019592635024,-2.6747689870966904,-0.0004440557807216363,-3.824935872779585e-05,0.162361958885974,2.3307837027537546,2.513753893791523,2.86411482611526,0.000596988851822405,0.00029865432973488304
70001,S0,65,1.3,1,VALID_NUMERICAL_BOX,1,1,-0.0462456660769708,2.1005253989339208,-0.027082846866479344,0.10081949509642571,0.0,0.0,-0.05721611083052122,2.0906284932360424,-2.5557350185517675,-2.715916438022169,-0.00016887949097311658,-3.82493597280945e-05,-0.017216110830521218,2.1306284932360424,2.5514392282135803,2.906387312460676,0.0006029619394177057,0.0002986543307351817
70001,S0,66,1.32,0,VALID_NUMERICAL_BOX,1,1,-0.046787323014300386,2.102541788835849,-0.02706809016559684,0.10127687820650239,0.0,0.0,-0.10833081120266491,2.0363101644724106,-2.5934515970150005,-2.7571015921855127,-0.0001696444791682874,-3.824936072839315e-05,0.033812673734858724,2.1887562394884443,2.589070411886794,2.948622096266598,0.0006089350270330182,0.0002986543317354803
70001,S0,67,1.34,0,VALID_NUMERICAL_BOX,1,1,-0.04732868481761232,2.1045673263999793,-0.027053334205549572,0.10169597853747397,0.0,0.0,-0.16019984314412514,1.9811681326254527,-2.6311693274464907,-2.798324659519511,-0.00017040946738347017,-3.8249361728691806e-05,0.0855940819737548,2.247728681417024,2.6267017396205774,2.990818967606943,0.0006149081146683428,0.00029865433273577896
70001,S0,68,1.36,0,OUT_OF_DOMAIN,,,-0.04786975150172331,2.1066012459707286,-0.027038579615223456,0.10207663160035667,0.0,0.0,,,,,,,,,,,,
70001,S1,0,0.0,1,VALID_NUMERICAL_BOX,1,1,-0.010413485025066005,2.019878467530748,-0.028017344566880455,0.00815476246885063,0.0,0.0,-0.02,2.0145708908397384,-0.1,-0.1,-0.005,-0.005609525976774836,0.01833553569435488,2.02,0.1,0.1,0.004387791954502073,0.01
70001,S1,1,0.02,0,VALID_NUMERICAL_BOX,1,1,-0.010973831916403614,2.020041562780125,-0.02800362784081098,0.010112179534499978,0.0,0.0,-0.022000000001021997,2.0125708908367166,-0.13846745172057962,-0.13975042812119523,-0.0006573013481180777,-0.005609525977784836,0.02033553569537688,2.022000000003022,0.13858876675293835,0.1436719511013557,0.004587791955507185,0.0036814108531510103
70001,S1,2,0.04,0,VALID_NUMERICAL_BOX,1,1,-0.011533904473219834,2.0202438063708152,-0.02798988506917024,0.01206802577083207,0.0,0.0,-0.02476934903645836,2.009775882271268,-0.17697453364204443,-0.17950085704226984,-0.0007694918686784358,-0.0037443071042168596,0.023107311031460416,2.024873439028074,0.17631697951673517,0.1873435098158349,0.001100210131067504,0.00368141085415662
70001,S1,3,0.06,0,VALID_NUMERICAL_BOX,1,1,-0.01209370217460324,2.020485166886232,-0.02797611632342605,0.014021515768426168,0.0,0.0,-0.02830883971032756,2.0061858651273936,-0.21479051259277807,-0.21925049746730046,-0.0008443780117639468,-0.003744307105220604,0.02663365062282343,2.0286203092274193,0.21406742322311925,0.23101389152654672,0.00117383834915181,0.0036814108551603644
70001,S1,4,0.08,0,VALID_NUMERICAL_BOX,1,1,-0.01265322450107176,2.0207655972016005,-0.027962321688245785,0.01597186473386394,0.0,0.0,-0.03260464996321573,2.0018008551750146,-0.2526210794314431,-0.2590021156303464,-0.0009192641548696064,-0.0037443071062243484,0.03091499908831842,2.0332405870609835,0.2518327047391152,0.2746823120873863,0.0012474665672562648,0.0036814108561641088
70001,S1,5,0.1,0,VALID_NUMERICAL_BOX,1,1,-0.013212470934836676,2.0210850344962776,-0.02794850126145295,0.017918288809704017,0.0,0.0,-0.03765707155288225,1.996620812859369,-0.2904662328907735,-0.2987564959663693,-0.0009941502979954144,-0.0003189314657581592,0.03595165318413838,2.03873423330577,0.2896128230499467,0.3183479881366824,0.0013210947853808679,0.003681410857167853
70001,S1,6,0.12,0,VALID_NUMERICAL_BOX,1,1,-0.013771440960065735,2.0214434002724717,-0.027934655153978177,0.019860005395392916,0.0,0.0,-0.04346639621174118,1.9906456829369965,-0.3283259715318421,-0.3385144218123095,-0.0010005289283119723,-0.0003189314667618406,0.04174390964618078,2.045101193071549,0.3274077769658568,0.36201013741053195,0.0013947230035256195,0.0036814108581715347
70001,S1,7,0.14,0,VALID_NUMERICAL_BOX,1,1,-0.014330134063145298,2.0218406003803797,-0.027920783489804753,0.021796233468950647,0.0,0.0,-0.05003291564342806,1.983875394497698,-0.36620029374482027,-0.3782766750941663,-0.0010069075586486775,-0.000318931467765522,0.04829206518654795,2.0523413958228116,0.3652039905108883,0.4056679790556949,0.0014683512216905187,0.003681410859175216
70001,S1,8,0.16,0,VALID_NUMERICAL_BOX,1,1,-0.014888549732941393,2.0222765250497585,-0.027906886405908615,0.02372619390926189,0.0,0.0,-0.05735692151938182,1.976309860992754,-0.40408919774985197,-0.41804403601464224,-0.00101328618900553,-0.0003189314687692034,0.055596144997823074,2.0604547554069863,0.40300146284557165,0.44932073394192545,0.001541979439875565,0.0036814108601788977
70001,S1,9,0.18,0,VALID_NUMERICAL_BOX,1,1,-0.015446687461059564,2.022751048927944,-0.02789296405219287,0.02564910981879883,0.0,0.0,-0.0654387054754443,1.9679489802693917,-0.4419926815980417,-0.45781728274147737,-0.0010196648193825297,-0.0003189314697728848,0.06365617425579995,2.0694411700888944,0.4408001931175895,0.49296762497361346,0.0016156076580807585,0.0036814108611825792
70001,S1,10,0.2,1,VALID_NUMERICAL_BOX,1,1,-0.016004546742103422,2.0232640311243197,-0.02787901659141684,0.02756420684659447,0.0,0.0,-0.049634199687541014,1.996117148902964,-0.4799107431725563,-0.49759719109659734,-0.0010260434497796765,-0.0003189314707765662,-0.009634199687541013,2.036117148902964,0.47860018046214564,0.5366078774006124,0.0016892358763060994,0.0036814108621862607
70001,S1,11,0.22,0,VALID_NUMERICAL_BOX,1,1,-0.01656212707393176,2.0238153152612517,-0.027865044199119622,0.02947071351128139,0.0,0.0,-0.05923241455205137,1.9861652050779852,-0.5178433801898388,-0.5373845342461999,-0.0010324220801969707,-0.0003189314717802476,-6.219607723886697e-05,2.0468493064540234,0.5164014240023429,0.5802407191281292,0.0017628640945515875,0.0036814108631899422
70001,S1,12,0.24,0,VALID_NUMERICAL_BOX,1,1,-0.01711942795791415,2.024404729531477,-0.02785104706353826,0.03136786152400505,0.0,0.0,-0.06958928215691773,1.9754175143900028,-0.5557905902009351,-0.577180082391904,-0.001038800710634412,-0.00031893147278392903,0.01026583240387758,2.0584541208396443,0.5542039228495695,0.6238653810255517,0.0018364923128172228,0.0021863851739821524
70001,S1,13,0.26,0,VALID_NUMERICAL_BOX,1,1,-0.017676448899184915,2.025032086761957,-0.027837025385520433,0.0332548861110167,0.0,0.0,-0.08070509396201714,1.9638739127390938,-0.5937523705929323,-0.6169846024630846,-0.0010451793410919709,-0.00031893147378611543,0.021349910861949678,2.070931428463226,0.5920076761038945,0.6674810972340908,0.001880220017298746,0.0021863851749843385
70001,S1,14,0.28,0,VALID_NUMERICAL_BOX,1,1,-0.018233189406895323,2.0256971844841773,-0.027822979378431832,0.0351310263357471,0.0,0.0,-0.09258014137496837,1.9515342206867479,-0.6317227954272532,-0.6567988465851006,-0.0006882827992195986,-0.0003189314747883018,0.03319006438512014,2.084281050410992,0.6298126828544711,0.7110871054731138,0.0019239477218003568,0.00029865427971924145
70001,S1,15,0.3,0,VALID_NUMERICAL_BOX,1,1,-0.01878964899446396,2.0263998050108922,-0.02780890926805812,0.03699552542015902,0.0,0.0,-0.10521459728461864,1.9383982437519474,-0.6697018623950602,-0.6966235735313075,-0.0006946614297172946,-0.00031893147578862074,0.045786318043314775,2.098502792523553,0.667546982630446,0.7546826473450463,0.0019299208083966716,0.00029865428071956037
70001,S1,16,0.32,0,VALID_NUMERICAL_BOX,1,1,-0.019345827179825123,2.0271397155192954,-0.027794815292501624,0.03884763106517347,0.0,0.0,-0.11860863453363846,1.9244657722782077,-0.7076820908882817,-0.7364595233148766,-0.000701040060235003,-0.00031893147678893966,0.0591372576970423,2.113596445473567,0.7052825381264448,0.7982669686387209,0.0019358938950129988,0.0002986542817198793
70001,S1,17,0.34,0,VALID_NUMERICAL_BOX,1,1,-0.019901723485675156,2.0279166681405987,-0.027780697702072706,0.04068659576996314,0.0,0.0,-0.13276227635253685,1.9097365818087806,-0.7456634793214819,-0.7763074456642965,-0.0007074186907727237,-0.00031893147778925857,0.07324290846070396,2.129561784849471,0.7430193486737364,0.8418393196310526,0.0009011026591021452,0.0002986542827201982
70001,S1,18,0.36,0,VALID_NUMERICAL_BOX,1,1,-0.02045733743971661,2.028730400055998,-0.02776655675917593,0.0425116771499034,0.0,0.0,-0.14767554594011414,1.8942104328923484,-0.7834399032767593,-0.8161677925194077,-0.0006648054483322785,-0.0003189314787895775,0.08810329543532637,2.1463985712452383,0.7807574135926296,0.8853989553869167,0.0009070757457574562,0.0002986542837205171
70001,S1,19,0.38,0,VALID_NUMERICAL_BOX,1,1,-0.02101266857490013,2.029580633598996,-0.027752392738191033,0.044322138252972015,0.0,0.0,-0.1633443440068127,1.877887077038796,-0.8212174979947392,-0.856041595524246,-0.0006711840789089831,-0.0003189314797898964,0.10371844370834231,2.1641065503561405,0.8184870300293067,0.9289451360571137,0.0009130488324327796,0.000298654284720836
70001,S1,20,0.4,1,VALID_NUMERICAL_BOX,1,1,-0.02156771642966395,2.0304670763640553,-0.027738205925348734,0.04611724787438688,0.0,0.0,-0.042683891409837194,2.028000800334449,-0.858996262644078,-0.8959295891527693,-0.0002476006644989738,-0.0003189314807902153,-0.002683891409837196,2.068000800334449,0.8562179001418874,0.9724771271742992,0.0009190219191281153,0.00029865428572115494
70001,S1,21,0.42,0,VALID_NUMERICAL_BOX,1,1,-0.022122480548170925,2.031389421321543,-0.027723996618601494,0.04789628086927145,0.0,0.0,-0.059863816663778616,2.0100822085483063,-0.8967761963854871,-0.9358325022032927,-0.0002539792951157031,-0.0003189314817905342,0.014440466594060414,2.0874503428810223,0.8938648877183539,1.0159941999467608,0.0009249950058434635,0.00029865428672147385
70001,S1,22,0.44,0,VALID_NUMERICAL_BOX,1,1,-0.022676960480542956,2.0323473469389284,-0.02770976512748922,0.049658518463138436,0.0,0.0,-0.07779934059256616,1.9913655585011327,-0.9345572983721377,-0.9757510575069811,-0.0002603579257524447,-0.00031893148279085314,0.03231776434950529,2.107770226883065,0.931513134336574,1.0594956315499249,0.000930968092578824,0.00029865428772179277
70001,S1,23,0.46,0,VALID_NUMERICAL_BOX,1,1,-0.02323115578309274,2.0333405173081913,-0.02769551177300002,0.05140324855998307,0.0,0.0,-0.0964904865611054,1.971850537347864,-0.9723395677500732,-1.015685971638729,-0.0002667365564091987,-0.00031893148379117205,0.05094802703733326,2.1289601395171927,0.9691626396104469,1.1029807054154774,0.0009369411793341967,0.0002986542887221117
70001,S1,24,0.48,0,VALID_NUMERICAL_BOX,1,1,-0.02378506601855274,2.034368582279391,-0.02768123688742604,0.05312976604777907,0.0,0.0,-0.1159372779172228,1.9515368179119386,-1.0101230036586266,-1.0556379546305437,-0.0002731151870859651,-0.00031893148479149097,0.07033127983065814,2.151019753628653,1.0068134031419047,1.146448711517981,0.000942914266109582,0.0002986542897224306
70001,S1,25,0.5,0,VALID_NUMERICAL_BOX,1,1,-0.02433869075630126,2.035431177600347,-0.02766694081421448,0.0548373731011723,0.0,0.0,-0.13613973799153148,1.9304240588161539,-1.0479076052308451,-1.0956077096875436,-0.0002794938177827438,-0.0003189314857918099,0.09046754789463236,2.1739487278621867,1.044465424521157,1.1898989466588756,0.0009488873529049795,0.0002986542907227495
70001,S1,26,0.52,0,VALID_NUMERICAL_BOX,1,1,-0.02489202957258555,2.0365279250623702,-0.02765262390781385,0.05652537948117005,0.0,0.0,-0.1570978900973055,1.9085119046192054,-1.0856933715939199,-1.1355959329066894,-0.0002858724484995348,-0.0003189314867921288,0.11135685638621261,2.1977467067985623,1.0821187033269442,1.2333307147477497,0.0003700115380299452,0.0002986542917230684
70001,S1,27,0.54,0,VALID_NUMERICAL_BOX,1,1,-0.025445082050741828,2.0376584326519938,-0.027638286533515518,0.058193102831626195,0.0,0.0,-0.17881175753036269,1.8857999859578494,-1.123364558742604,-1.1756032363259326,-0.0002922510792357534,-0.0003189314877924477,0.1329992304539303,2.22241332109674,1.1197732391267972,1.276743327080766,0.0003759846248647826,0.00029865429272338734
70001,S1,28,0.56,0,VALID_NUMERICAL_BOX,1,1,-0.025997847781412137,2.038822294708626,-0.02762392906729068,0.05983986897232685,0.0,0.0,-0.20127904870641605,1.862287921228083,-1.1610369205226931,-1.2156303769824257,-0.00029862970999198433,-0.0003189314887927666,0.15539469523766755,2.247948187641603,1.157429031477307,1.3201361026161338,0.0003819577117196323,0.00029865429372370625
70001,S1,29,0.58,0,VALID_NUMERICAL_BOX,1,1,-0.02655032636275795,2.0400190920880727,-0.027609551895622773,0.06146501218848348,0.0,0.0,-0.2244997871180944,1.8379753136851602,-1.1987104564401163,-1.2556780279904267,-0.0003050083407682276,-0.00031893148979308554,0.17854327586843818,2.2743509096972003,1.1950860799244027,1.3635083682465174,0.00038793079859449433,0.00029865429472402516
70001,S1,30,0.6,1,VALID_NUMERICAL_BOX,1,1,-0.027102517400670406,2.0412483923318425,-0.027595155415335474,0.06306787551644621,0.0,0.0,-0.06375616666172956,2.02748144744142,-1.2363851659919234,-1.2957468542604984,-0.0003113869715644832,-0.00031893149079340445,-0.02375616666172956,2.06748144744142,1.2327443840036345,1.40685945906827,0.0003939038854893687,0.0002986542957243441
70001,S1,31,0.62,0,VALID_NUMERICAL_BOX,1,1,-0.027654420508977116,2.0425097498421714,-0.027580740033416307,0.06464781102545322,0.0,0.0,-0.08848386998265652,2.001566510353114,-1.2740610486665855,-1.3358375122335564,-0.0003177656023807512,-0.00031893149179372337,0.0008987210194316146,2.095618636625881,1.270403943240466,1.450188718647385,0.0003998769724042555,0.000298654296724663
70001,S1,32,0.64,0,VALID_NUMERICAL_BOX,1,1,-0.028206035309645442,2.04380270606268,-0.027566306166836016,0.06620418009523717,0.0,0.0,-0.1139650909571022,1.974849760105318,-1.3117381039443032,-1.3759506496183038,-0.0003241442332170315,-0.0003189314927940423,0.0263067998853549,2.1246224110019534,1.3080647571505746,1.4934954992820624,0.0004058500593391546,0.0002986542977249819
70001,S1,33,0.66,0,VALID_NUMERICAL_BOX,1,1,-0.028757361432982163,2.045126789664585,-0.027551854242363748,0.06773635368931474,0.0,0.0,-0.14019985303712845,1.9473307471097974,-1.3494163312973197,-1.4160869051321598,-0.0003305228640733242,-0.0003189314937943612,0.05246809502950659,2.154492320990749,1.3457268252401577,1.5367791622617801,0.00041182314629406607,0.0002986542987253008
70001,S1,34,0.68,0,VALID_NUMERICAL_BOX,1,1,-0.02930839851782944,2.046481516738371,-0.027537384696378175,0.06924371262379078,0.0,0.0,-0.16718817966424201,1.9190090090039689,-1.3870957301902407,-1.456246908245783,-0.0003369014949496292,-0.0003189314947946801,0.07938263153547694,2.1852279042391696,1.3833901470062466,1.5800390781227698,0.0004177962332689899,0.00029865429972561973
70001,S1,35,0.7000000000000001,0,VALID_NUMERICAL_BOX,1,1,-0.029859146211757,2.047866390990847,-0.027522897974674623,0.07072564783151324,0.0,0.0,-0.19493009426924177,1.8898840708358364,-1.4247763000803608,-1.4964312789312952,-0.00034328012584594657,-0.000318931495794999,0.1070504344767968,2.216828685804842,1.421054721937027,1.6232746268997942,0.00042376932026392606,0.00029865430072593865
70001,S1,36,0.72,0,VALID_NUMERICAL_BOX,1,1,-0.030409604171250493,2.0492809039474773,-0.02750839453226833,0.0721815606214214,0.0,0.0,-0.2234256202720724,1.859955445253961,-1.4624580404179959,-1.5366406274143032,-0.00034965875676227625,-0.00031893149679531794,0.13547152891676079,2.249294178346087,1.4587205495121671,1.666485198374125,0.00042974240727887457,0.00029865430172625756
70001,S1,37,0.74,0,VALID_NUMERICAL_BOX,1,1,-0.03095977206189586,2.050724535159906,-0.02749387483319392,0.07361086293293499,0.0,0.0,-0.252674781081685,1.8292226327023924,-1.5001409506468202,-1.576875553929819,-0.00035603738769861835,-0.00031893149779563685,0.1646459399082568,2.2826238823168525,1.496387629203151,1.7096701923176207,0.00043571549431383545,0.0002986543027265765
70001,S1,38,0.76,0,VALID_NUMERICAL_BOX,1,1,-0.03150964955855974,2.0521967524185647,-0.027479339350301245,0.07501297758523867,0.0,0.0,-0.2826776000959041,1.797685121620479,-1.5378250302042098,-1.617136648482177,-0.0003624160186549728,-0.00031893149879595576,0.19457369249360248,2.316817286166522,1.5340559604736193,1.752829018732813,0.0004416885813688087,0.0002986543037268954
70001,S1,39,0.78,0,VALID_NUMERICAL_BOX,1,1,-0.03205923634556577,2.0536970119702693,-0.027464788565047603,0.07638733852132071,0.0,0.0,-0.31343410070130173,1.7653423886474837,-1.575510278521592,-1.6574244906090432,-0.0003687946496313396,-0.0003189314997962747,0.2252548117043883,2.3518738665445302,1.571725542779716,1.7959610980888947,0.00044766166844379426,0.0002986543047272143
70001,S1,40,0.8,1,VALID_NUMERICAL_BOX,1,1,-0.03260853211686672,2.0552247587406955,-0.027450222967286563,0.07773339104663252,0.0,0.0,-0.03638819575990175,2.019387658429958,-1.613196695024798,-1.6977396491496097,-0.00037517328062771873,-0.0003189315007965936,0.00361180424009825,2.059387658429958,1.6093963755704408,1.8390658615535258,0.0004536347555387922,0.0002986543057275332
70001,S1,41,0.8200000000000001,0,VALID_NUMERICAL_BOX,1,1,-0.033157536576212454,2.0567794265616284,-0.027435643055053423,0.07905059206224073,0.0,0.0,-0.06865212966146637,1.9854328654438698,-1.6508842791344227,-1.7380826820170703,-0.0003815519116441102,-0.0003189315017969125,0.03579973175257572,2.096168975664125,1.647068458288007,1.882142751220359,0.0004596078426538024,0.00029865430672785213
70001,S1,42,0.84,0,VALID_NUMERICAL_BOX,1,1,-0.03370624943731352,2.058360438402873,-0.02742104933434744,0.0803384102923496,0.0,0.0,-0.1016698152452565,1.9506712118003946,-1.6885730302661874,-1.7784541359754646,-0.00038793054268051406,-0.0003189315027972314,0.06874110091943753,2.1338118306916662,1.6847417903682058,1.9251912203321944,0.0004655809297888251,0.00029865430772817105
70001,S1,43,0.86,0,VALID_NUMERICAL_BOX,1,1,-0.03425467042400047,2.0599672066087202,-0.027406442318910953,0.08159632650607858,0.0,0.0,-0.1354412758517157,1.915102129077713,-1.7262629478313092,-1.8188545464209833,-0.00039430917373693025,-0.00031893150379755034,0.10243593672793709,2.172315655101482,1.722416371240776,1.9682107334996752,0.00047155401694386006,0.00029865430872848996
70001,S1,44,0.88,0,VALID_NUMERICAL_BOX,1,1,-0.03480279927037869,2.061599133138842,-0.027391822530005494,0.08282383373338482,0.0,0.0,-0.16996653480951185,1.8787250381460818,-1.7639540312368724,-1.8592844371678188,-0.0004006878048133588,-0.00031893150479786925,0.13688426415392257,2.211679869774687,1.7600922003297779,2.0112007669154366,0.0004775271041189074,0.0002986543097288089
70001,S1,45,0.9,0,VALID_NUMERICAL_BOX,1,1,-0.035350635720978796,2.0632556098135097,-0.02737719049618505,0.08402043747502827,0.0,0.0,-0.20524561543545455,1.8415393493994736,-1.801646279886206,-1.8997443202386497,-0.00040706643590979967,-0.00031893150579818816,0.1720861081617234,2.251903885116248,1.7977692770539726,2.05416080856362,0.00048350019131396704,0.0002986543107291278
70001,S1,46,0.92,0,VALID_NUMERICAL_BOX,1,1,-0.0358981795309025,2.06493601856301,-0.027362546753066534,0.08518565590648108,0.0,0.0,-0.24127854103441995,1.8035444629914077,-1.8393396931792643,-1.9402346956598413,-0.0004134450670262529,-0.0003189315067985071,0.20804149370404412,2.292987101290813,1.8354476008272071,2.0970903584246763,0.0004894732785290391,0.0002986543117294467
70001,S1,47,0.9400000000000001,0,VALID_NUMERICAL_BOX,1,1,-0.03644543046596383,2.0666397316811396,-0.02734789184309763,0.08631902007569106,0.0,0.0,-0.2780653348992833,1.764739769074876,-1.8770342705130112,-1.9807560512614446,-0.00041982369816271844,-0.000318931507798826,0.24475044572186633,2.3349289084626417,1.8731271710588022,2.1399889286753626,0.0004954463657641235,0.0002986543127297656
70001,S1,48,0.96,0,VALID_NUMERICAL_BOX,1,1,-0.036992388302825786,2.0683661120826535,-0.027333226315322093,0.08742007409461396,0.0,0.0,-0.31560602031085916,1.7251246480462694,-1.9147300112818086,-2.0213088624820736,-0.0004262023293191964,-0.0003189315087991449,0.282212989144358,2.377728687039527,1.910807987153946,2.1828560438838682,0.0005014194530192202,0.00029865431373008453
70001,S1,49,0.98,0,VALID_NUMERICAL_BOX,1,1,-0.03753905282913223,2.070114513564546,-0.0273185507251427,0.08848837532443546,0.0,0.0,-0.35390062053784926,1.6846984707932064,-1.9524269148778075,-2.0618935921787385,-0.0004325809604956867,-3.824934372331605e-05,0.3204291488887908,2.4213858079206254,1.9484900485140912,2.2256912411999803,0.0005073925402943293,0.00029865431473040345
70001,S1,50,1.0,1,VALID_NUMERICAL_BOX,1,1,-0.038085423843635086,2.0718842810710343,-0.027303865634081853,0.08952349455441035,0.0,0.0,-0.04522518276146825,2.053299588010679,-1.9901249806913424,-2.1025106904417115,-0.00043334594837066636,-3.8249344723614704e-05,-0.005225182761468248,2.093299588010679,1.9861733545373557,2.268494070540216,0.0005133656275894508,0.0002986543157307021
70001,S1,51,1.02,0,VALID_NUMERICAL_BOX,1,1,-0.03863150115631672,2.0736747509621223,-0.027289171609540093,0.09052501617425122,0.0,0.0,-0.08502768237638011,2.0112493741987056,-2.0278242081113294,-2.1431605944145016,-0.00043411093626565797,-3.824934572391336e-05,0.0344982843303639,2.138669469424622,2.0238567972713413,2.311264094767852,0.0005193387149045841,0.0002986543167310007
70001,S1,52,1.04,0,VALID_NUMERICAL_BOX,1,1,-0.03917728458850753,2.0754852512856075,-0.027274469224552535,0.09149253834000608,0.0,0.0,-0.12558416653973228,1.9683861623072307,-2.0655245965256657,-2.1838437281190037,-0.0004348759241806615,-3.824934672421201e-05,0.07497542027691631,2.184894751323164,2.061540376481791,2.3540008898677742,0.0005253118022397295,0.00029865431773129936
70001,S1,53,1.06,0,VALID_NUMERICAL_BOX,1,1,-0.03972277397299858,2.0773151020524074,-0.027259759057543416,0.09242567313336884,0.0,0.0,-0.1668946584714125,1.9247092877416185,-2.1032261453216328,-2.224560502285899,-0.00043564091211567704,-3.824934772451066e-05,0.11620622780771903,2.2319747691237515,2.0992240919392553,2.3967040451160737,0.0005312848895948867,0.000298654318731598
70001,S1,54,1.08,0,VALID_NUMERICAL_BOX,1,1,-0.04026796915414945,2.079163615515075,-0.02724504169207885,0.09332404671437308,0.0,0.0,-0.2089591813790541,1.8802180776926207,-2.140928853886301,-2.2653113141903707,-0.0004364059000707045,-3.8249348724809316e-05,0.1581907096477131,2.279908850029353,2.1369079434192035,2.4393731632443356,0.0005372579769700559,0.00029865431973189664
70001,S1,55,1.1,0,VALID_NUMERICAL_BOX,1,1,-0.04081286998799103,2.0810300964493624,-0.02723031771661793,0.09418729946742446,0.0,0.0,-0.25177775845803185,1.8349118514054847,-2.1786327216069354,-2.306096547493203,-0.00043717088804574395,-3.824934972510797e-05,0.20092886851734892,2.3286963132975687,2.174591930702135,2.4820078605985385,0.000543231064365237,0.0002986543207321953
70001,S1,56,1.12,0,VALID_NUMERICAL_BOX,1,1,-0.04135747634232339,2.082913842438711,-0.02721558772426227,0.0950150861406334,0.0,0.0,-0.2953504128914659,1.7887899204522422,-2.216337747871407,-2.346916572087324,-0.0004379358760407953,-3.824935072540662e-05,0.244420707132687,2.3783364705129175,2.2122760535736865,2.5246077672925122,0.0005492041517804302,0.0002986543217324939
70001,S1,57,1.1400000000000001,0,VALID_NUMERICAL_BOX,1,1,-0.04190178809680863,2.0848141441615233,-0.02720085231250418,0.0958070759784139,0.0,0.0,-0.3396771678502337,1.741851589007067,-2.2540439320685985,-2.387771743949856,-0.00043870086405585864,-3.8249351725705275e-05,0.28866622820550036,2.4288286258621965,2.2499603118247413,2.5671725273558863,0.0005551772392156353,0.00029865432273279256
70001,S1,58,1.16,0,VALID_NUMERICAL_BOX,1,1,-0.042445805143058714,2.0867302856810914,-0.027186112082973488,0.09656295284732033,0.0,0.0,-0.3847580464929905,1.6940961541245898,-2.291751273588822,-2.4286624049997316,-0.0004394658520909339,-3.824935272600393e-05,0.33366543444338,2.4801720764127944,2.2876447052515325,2.609701798876474,0.0005611503266708523,0.0002986543237330912
70001,S1,59,1.18,0,VALID_NUMERICAL_BOX,1,1,-0.04298952738471818,2.088661544738038,-0.027171367641183247,0.09728241535509945,0.0,0.0,-0.4305930719661975,1.6455229060210628,-2.329459771824226,-2.469588882960937,-0.0004402308401460211,-3.824935372630258e-05,0.3794183285498412,2.532366112393856,2.325329233655747,2.6521952541370335,0.0005671234141460813,0.00029865432473338984
70001,S1,60,1.2,1,VALID_NUMERICAL_BOX,1,1,-0.043532954737541846,2.0906071930451398,-0.027156619596274374,0.09796517696293859,0.0,0.0,-0.07120133935052088,2.0701239311493524,-2.3671694261692116,-2.5105514912314253,-0.0004409958282211203,-3.8249354726601235e-05,-0.03120133935052088,2.1101239311493525,2.363013896844626,2.694652579746348,0.0005730965016413222,0.0002986543257336885
70001,S1,61,1.22,0,VALID_NUMERICAL_BOX,1,1,-0.04407608712946733,2.0925664965843986,-0.02714186856075937,0.09861096609089752,0.0,0.0,-0.11854472787502365,2.0199129013215598,-2.4048802360208468,-2.5515505287577662,-0.0004417608163162314,-3.824935572689989e-05,0.01605893858749019,2.1640169827474436,2.4006986946310653,2.73707347676458,0.000579069589156575,0.0002986543267339871
70001,S1,62,1.24,0,VALID_NUMERICAL_BOX,1,1,-0.04461892450068252,2.0945387159062165,-0.027127115150265245,0.09921952621651499,0.0,0.0,-0.16664233259660724,1.9688818907431858,-2.4425922007792797,-2.592586279915575,-0.0004425258044313544,-3.824935672719854e-05,0.06407291248127812,2.218758452285954,2.4383836268337102,2.7794576608228434,0.0005850426766918397,0.00029865432773428576
70001,S1,63,1.26,0,VALID_NUMERICAL_BOX,1,1,-0.04516146680368782,2.096523106430547,-0.027112359983275772,0.09979061596658631,0.0,0.0,-0.21549417661340833,1.9170301651416,-2.480305319848154,-2.6336590143957674,-0.0004432907925664894,-3.8249357727497194e-05,0.11284058501916783,2.274347605505685,2.476068693277053,2.821804862236946,0.0005910157642471164,0.0002986543287345844
70001,S1,64,1.28,0,VALID_NUMERICAL_BOX,1,1,-0.04570371400335334,2.0985189187498787,-0.027097603680873168,0.10032400920211239,0.0,0.0,-0.2651002830116365,1.8643569848503536,-2.518019592635024,-2.6747689870966904,-0.0004440557807216363,-3.824935872779585e-05,0.162361958885974,2.3307837027537546,2.513753893791523,2.86411482611526,0.000596988851822405,0.00029865432973488304
70001,S1,65,1.3,0,VALID_NUMERICAL_BOX,1,1,-0.0462456660769708,2.1005253989339208,-0.027082846866479344,0.10081949509642571,0.0,0.0,-0.31546067486565244,1.810861605105032,-2.5557350185517675,-2.715916438022169,-0.00016887949097311658,-3.82493597280945e-05,0.2126370367631199,2.3880659992794477,2.5514392282135803,2.906387312460676,0.0006029619394177057,0.0002986543307351817
70001,S1,66,1.32,0,VALID_NUMERICAL_BOX,1,1,-0.046787323014300386,2.102541788835849,-0.02706809016559684,0.10127687820650239,0.0,0.0,-0.3665753752380544,1.7565432763411424,-2.5934515970150005,-2.7571015921855127,-0.0001696444791682874,-3.824936072839315e-05,0.2636658213287581,2.4461937455321072,2.589070411886794,2.948622096266598,0.0006089350270330182,0.0002986543317354803
70001,S1,67,1.34,0,VALID_NUMERICAL_BOX,1,1,-0.04732868481761232,2.1045673263999793,-0.027053334205549572,0.10169597853747397,0.0,0.0,-0.4184444071797728,1.7014012444939268,-2.6311693274464907,-2.798324659519511,-0.00017040946738347017,-3.8249361728691806e-05,0.3154472295679124,2.5051661874609445,2.6267017396205774,2.990818967606943,0.0006149081146683428,0.00029865433273577896
70001,S1,68,1.36,0,OUT_OF_DOMAIN,,,-0.04786975150172331,2.1066012459707286,-0.027038579615223456,0.10207663160035667,0.0,0.0,,,,,,,,,,,,
70001,S2,0,0.0,1,VALID_NUMERICAL_BOX,1,1,-0.010413485025066005,2.019878467530748,-0.028017344566880455,0.00815476246885063,0.0,0.0,-0.02,2.0145708908397384,-0.1,-0.1,-0.005,-0.005609525976774836,0.01833553569435488,2.02,0.1,0.1,0.004387791954502073,0.01
70001,S2,1,0.02,0,VALID_NUMERICAL_BOX,1,1,-0.010973831916403614,2.020041562780125,-0.02800362784081098,0.010112179534499978,0.0,0.0,-0.022000000001021997,2.0125708908367166,-0.13846745172057962,-0.13975042812119523,-0.0006573013481180777,-0.005609525977784836,0.02033553569537688,2.022000000003022,0.13858876675293835,0.1436719511013557,0.004587791955507185,0.0036814108531510103
70001,S2,2,0.04,0,VALID_NUMERICAL_BOX,1,1,-0.011533904473219834,2.0202438063708152,-0.02798988506917024,0.01206802577083207,0.0,0.0,-0.02476934903645836,2.009775882271268,-0.17697453364204443,-0.17950085704226984,-0.0007694918686784358,-0.0037443071042168596,0.023107311031460416,2.024873439028074,0.17631697951673517,0.1873435098158349,0.001100210131067504,0.00368141085415662
70001,S2,3,0.06,0,VALID_NUMERICAL_BOX,1,1,-0.01209370217460324,2.020485166886232,-0.02797611632342605,0.014021515768426168,0.0,0.0,-0.02830883971032756,2.0061858651273936,-0.21479051259277807,-0.21925049746730046,-0.0008443780117639468,-0.003744307105220604,0.02663365062282343,2.0286203092274193,0.21406742322311925,0.23101389152654672,0.00117383834915181,0.0036814108551603644
70001,S2,4,0.08,0,VALID_NUMERICAL_BOX,1,1,-0.01265322450107176,2.0207655972016005,-0.027962321688245785,0.01597186473386394,0.0,0.0,-0.03260464996321573,2.0018008551750146,-0.2526210794314431,-0.2590021156303464,-0.0009192641548696064,-0.0037443071062243484,0.03091499908831842,2.0332405870609835,0.2518327047391152,0.2746823120873863,0.0012474665672562648,0.0036814108561641088
70001,S2,5,0.1,0,VALID_NUMERICAL_BOX,1,1,-0.013212470934836676,2.0210850344962776,-0.02794850126145295,0.017918288809704017,0.0,0.0,-0.03765707155288225,1.996620812859369,-0.2904662328907735,-0.2987564959663693,-0.0009941502979954144,-0.0003189314657581592,0.03595165318413838,2.03873423330577,0.2896128230499467,0.3183479881366824,0.0013210947853808679,0.003681410857167853
70001,S2,6,0.12,0,VALID_NUMERICAL_BOX,1,1,-0.013771440960065735,2.0214434002724717,-0.027934655153978177,0.019860005395392916,0.0,0.0,-0.04346639621174118,1.9906456829369965,-0.3283259715318421,-0.3385144218123095,-0.0010005289283119723,-0.0003189314667618406,0.04174390964618078,2.045101193071549,0.3274077769658568,0.36201013741053195,0.0013947230035256195,0.0036814108581715347
70001,S2,7,0.14,0,VALID_NUMERICAL_BOX,1,1,-0.014330134063145298,2.0218406003803797,-0.027920783489804753,0.021796233468950647,0.0,0.0,-0.05003291564342806,1.983875394497698,-0.36620029374482027,-0.3782766750941663,-0.0010069075586486775,-0.000318931467765522,0.04829206518654795,2.0523413958228116,0.3652039905108883,0.4056679790556949,0.0014683512216905187,0.003681410859175216
70001,S2,8,0.16,0,VALID_NUMERICAL_BOX,1,1,-0.014888549732941393,2.0222765250497585,-0.027906886405908615,0.02372619390926189,0.0,0.0,-0.05735692151938182,1.976309860992754,-0.40408919774985197,-0.41804403601464224,-0.00101328618900553,-0.0003189314687692034,0.055596144997823074,2.0604547554069863,0.40300146284557165,0.44932073394192545,0.001541979439875565,0.0036814108601788977
70001,S2,9,0.18,0,VALID_NUMERICAL_BOX,1,1,-0.015446687461059564,2.022751048927944,-0.02789296405219287,0.02564910981879883,0.0,0.0,-0.0654387054754443,1.9679489802693917,-0.4419926815980417,-0.45781728274147737,-0.0010196648193825297,-0.0003189314697728848,0.06365617425579995,2.0694411700888944,0.4408001931175895,0.49296762497361346,0.0016156076580807585,0.0036814108611825792
70001,S2,10,0.2,0,VALID_NUMERICAL_BOX,1,1,-0.016004546742103422,2.0232640311243197,-0.02787901659141684,0.02756420684659447,0.0,0.0,-0.07427855910847941,1.9587926346114828,-0.4799107431725563,-0.49759719109659734,-0.0010260434497796765,-0.0003189314707765662,0.07247217811922602,2.079300522591446,0.47860018046214564,0.5366078774006124,0.0016892358763060994,0.0036814108621862607
70001,S2,11,0.22,0,VALID_NUMERICAL_BOX,1,1,-0.01656212707393176,2.0238153152612517,-0.027865044199119622,0.02947071351128139,0.0,0.0,-0.08387677397301442,1.9488406907864608,-0.5178433801898388,-0.5373845342461999,-0.0010324220801969707,-0.0003189314717802476,0.08204418172955281,2.0900326801425484,0.5164014240023429,0.5802407191281292,0.0017628640945515875,0.0036814108631899422
70001,S2,12,0.24,0,VALID_NUMERICAL_BOX,1,1,-0.01711942795791415,2.024404729531477,-0.02785104706353826,0.03136786152400505,0.0,0.0,-0.09423364157790542,1.938093000098435,-0.5557905902009351,-0.577180082391904,-0.001038800710634412,-0.00031893147278392903,0.0923722102106939,2.1016374945282124,0.5542039228495695,0.6238653810255517,0.0018364923128172228,0.0021863851739821524
70001,S2,13,0.26,0,VALID_NUMERICAL_BOX,1,1,-0.017676448899184915,2.025032086761957,-0.027837025385520433,0.0332548861110167,0.0,0.0,-0.10534945338302948,1.9265493984474829,-0.5937523705929323,-0.6169846024630846,-0.0010451793410919709,-0.00031893147378611543,0.10345628866879064,2.1141148021518372,0.5920076761038945,0.6674810972340908,0.001880220017298746,0.0021863851749843385
70001,S2,14,0.28,0,VALID_NUMERICAL_BOX,1,1,-0.018233189406895323,2.0256971844841773,-0.027822979378431832,0.0351310263357471,0.0,0.0,-0.11722450079600535,1.9142097063950936,-0.6317227954272532,-0.6567988465851006,-0.0006882827992195986,-0.0003189314747883018,0.11529644219198576,2.1274644240996463,0.6298126828544711,0.7110871054731138,0.0019239477218003568,0.00029865427971924145
70001,S2,15,0.3,1,VALID_NUMERICAL_BOX,1,1,-0.01878964899446396,2.0263998050108922,-0.02780890926805812,0.03699552542015902,0.0,0.0,-0.04723113528300954,2.0185370075770637,-0.6697018623950602,-0.6966235735313075,-0.0006946614297172946,-0.00031893147578862074,-0.0072311352830095425,2.0585370075770637,0.667546982630446,0.7546826473450463,0.0019299208083966716,0.00029865428071956037
70001,S2,16,0.32,0,VALID_NUMERICAL_BOX,1,1,-0.019345827179825123,2.0271397155192954,-0.027794815292501624,0.03884763106517347,0.0,0.0,-0.06062517253197137,2.004604536103364,-0.7076820908882817,-0.7364595233148766,-0.000701040060235003,-0.00031893147678893966,0.006119804370660002,2.073630660527038,0.7052825381264448,0.7982669686387209,0.0019358938950129988,0.0002986542817198793
70001,S2,17,0.34,0,VALID_NUMERICAL_BOX,1,1,-0.019901723485675156,2.0279166681405987,-0.027780697702072706,0.04068659576996314,0.0,0.0,-0.07477881435081178,1.9898753456339768,-0.7456634793214819,-0.7763074456642965,-0.0007074186907727237,-0.00031893147778925857,0.02022545513426368,2.089595999902902,0.7430193486737364,0.8418393196310526,0.0009011026591021452,0.0002986542827201982
70001,S2,18,0.36,0,VALID_NUMERICAL_BOX,1,1,-0.02045733743971661,2.028730400055998,-0.02776655675917593,0.0425116771499034,0.0,0.0,-0.08969208393833111,1.9743491967175846,-0.7834399032767593,-0.8161677925194077,-0.0006648054483322785,-0.0003189314787895775,0.0350858421088281,2.106432786298629,0.7807574135926296,0.8853989553869167,0.0009070757457574562,0.0002986542837205171
70001,S2,19,0.38,0,VALID_NUMERICAL_BOX,1,1,-0.02101266857490013,2.029580633598996,-0.027752392738191033,0.044322138252972015,0.0,0.0,-0.10536088200497166,1.9580258408640723,-0.8212174979947392,-0.856041595524246,-0.0006711840789089831,-0.0003189314797898964,0.05070099038178605,2.1241407654094915,0.8184870300293067,0.9289451360571137,0.0009130488324327796,0.000298654284720836
70001,S2,20,0.4,0,VALID_NUMERICAL_BOX,1,1,-0.02156771642966395,2.0304670763640553,-0.027738205925348734,0.04611724787438688,0.0,0.0,-0.12178523196598823,1.9409050089504445,-0.858996262644078,-0.8959295891527693,-0.0002476006644989738,-0.0003189314807902153,0.06707073098349396,2.142719668133777,0.8562179001418874,0.9724771271742992,0.0009190219191281153,0.00029865428572115494
70001,S2,21,0.42,0,VALID_NUMERICAL_BOX,1,1,-0.022122480548170925,2.031389421321543,-0.027723996618601494,0.04789628086927145,0.0,0.0,-0.13896515722000877,1.922986417164227,-0.8967761963854871,-0.9358325022032927,-0.0002539792951157031,-0.0003189314817905342,0.08419508898747068,2.162169210680425,0.8938648877183539,1.0159941999467608,0.0009249950058434635,0.00029865428672147385
70001,S2,22,0.44,0,VALID_NUMERICAL_BOX,1,1,-0.022676960480542956,2.0323473469389284,-0.02770976512748922,0.049658518463138436,0.0,0.0,-0.15690068114887543,1.9042697671169786,-0.9345572983721377,-0.9757510575069811,-0.0002603579257524447,-0.00031893148279085314,0.10207238674299465,2.1824890946825426,0.931513134336574,1.0594956315499249,0.000930968092578824,0.00029865428772179277
70001,S2,23,0.46,0,VALID_NUMERICAL_BOX,1,1,-0.02323115578309274,2.0333405173081913,-0.02769551177300002,0.05140324855998307,0.0,0.0,-0.17559182711749377,1.8847547459636353,-0.9723395677500732,-1.015685971638729,-0.0002667365564091987,-0.00031893148379117205,0.12070264943090173,2.2036790073167447,0.9691626396104469,1.1029807054154774,0.0009369411793341967,0.0002986542887221117
70001,S2,24,0.48,0,VALID_NUMERICAL_BOX,1,1,-0.02378506601855274,2.034368582279391,-0.02768123688742604,0.05312976604777907,0.0,0.0,-0.19503861847369028,1.8644410265276352,-1.0101230036586266,-1.0556379546305437,-0.0002731151870859651,-0.00031893148479149097,0.1400859022243057,2.22573862142828,1.0068134031419047,1.146448711517981,0.000942914266109582,0.0002986542897224306
70001,S2,25,0.5,0,VALID_NUMERICAL_BOX,1,1,-0.02433869075630126,2.035431177600347,-0.02766694081421448,0.0548373731011723,0.0,0.0,-0.21524107854807806,1.8433282674317757,-1.0479076052308451,-1.0956077096875436,-0.0002794938177827438,-0.0003189314857918099,0.16022217028835906,2.2486675956618885,1.044465424521157,1.1898989466588756,0.0009488873529049795,0.0002986542907227495
70001,S2,26,0.52,0,VALID_NUMERICAL_BOX,1,1,-0.02489202957258555,2.0365279250623702,-0.02765262390781385,0.05652537948117005,0.0,0.0,-0.23619923065393117,1.8214161132347524,-1.0856933715939199,-1.1355959329066894,-0.0002858724484995348,-0.0003189314867921288,0.1811114787800184,2.2724655745983386,1.0821187033269442,1.2333307147477497,0.0003700115380299452,0.0002986542917230684
70001,S2,27,0.54,0,VALID_NUMERICAL_BOX,1,1,-0.025445082050741828,2.0376584326519938,-0.027638286533515518,0.058193102831626195,0.0,0.0,-0.2579130980870675,1.7987041945733215,-1.123364558742604,-1.1756032363259326,-0.0002922510792357534,-0.0003189314877924477,0.2027538528478152,2.2971321888965908,1.1197732391267972,1.276743327080766,0.0003759846248647826,0.00029865429272338734
70001,S2,28,0.56,0,VALID_NUMERICAL_BOX,1,1,-0.025997847781412137,2.038822294708626,-0.02762392906729068,0.05983986897232685,0.0,0.0,-0.28038038926319997,1.7751921298434803,-1.1610369205226931,-1.2156303769824257,-0.00029862970999198433,-0.0003189314887927666,0.2251493176316315,2.3226670554415287,1.157429031477307,1.3201361026161338,0.0003819577117196323,0.00029865429372370625
70001,S2,29,0.58,0,VALID_NUMERICAL_BOX,1,1,-0.02655032636275795,2.0400190920880727,-0.027609551895622773,0.06146501218848348,0.0,0.0,-0.30360112767495745,1.7508795223004827,-1.1987104564401163,-1.2556780279904267,-0.0003050083407682276,-0.00031893148979308554,0.24829789826248125,2.3490697774972005,1.1950860799244027,1.3635083682465174,0.00038793079859449433,0.00029865429472402516
70001,S2,30,0.6,1,VALID_NUMERICAL_BOX,1,1,-0.027102517400670406,2.0412483923318425,-0.027595155415335474,0.06306787551644621,0.0,0.0,-0.06375616666172956,2.02748144744142,-1.2363851659919234,-1.2957468542604984,-0.0003113869715644832,-0.00031893149079340445,-0.02375616666172956,2.06748144744142,1.2327443840036345,1.40685945906827,0.0003939038854893687,0.0002986542957243441
70001,S2,31,0.62,0,VALID_NUMERICAL_BOX,1,1,-0.027654420508977116,2.0425097498421714,-0.027580740033416307,0.06464781102545322,0.0,0.0,-0.08848386998265652,2.001566510353114,-1.2740610486665855,-1.3358375122335564,-0.0003177656023807512,-0.00031893149179372337,0.0008987210194316146,2.095618636625881,1.270403943240466,1.450188718647385,0.0003998769724042555,0.000298654296724663
70001,S2,32,0.64,0,VALID_NUMERICAL_BOX,1,1,-0.028206035309645442,2.04380270606268,-0.027566306166836016,0.06620418009523717,0.0,0.0,-0.1139650909571022,1.974849760105318,-1.3117381039443032,-1.3759506496183038,-0.0003241442332170315,-0.0003189314927940423,0.0263067998853549,2.1246224110019534,1.3080647571505746,1.4934954992820624,0.0004058500593391546,0.0002986542977249819
70001,S2,33,0.66,0,VALID_NUMERICAL_BOX,1,1,-0.028757361432982163,2.045126789664585,-0.027551854242363748,0.06773635368931474,0.0,0.0,-0.14019985303712845,1.9473307471097974,-1.3494163312973197,-1.4160869051321598,-0.0003305228640733242,-0.0003189314937943612,0.05246809502950659,2.154492320990749,1.3457268252401577,1.5367791622617801,0.00041182314629406607,0.0002986542987253008
70001,S2,34,0.68,0,VALID_NUMERICAL_BOX,1,1,-0.02930839851782944,2.046481516738371,-0.027537384696378175,0.06924371262379078,0.0,0.0,-0.16718817966424201,1.9190090090039689,-1.3870957301902407,-1.456246908245783,-0.0003369014949496292,-0.0003189314947946801,0.07938263153547694,2.1852279042391696,1.3833901470062466,1.5800390781227698,0.0004177962332689899,0.00029865429972561973
70001,S2,35,0.7000000000000001,0,VALID_NUMERICAL_BOX,1,1,-0.029859146211757,2.047866390990847,-0.027522897974674623,0.07072564783151324,0.0,0.0,-0.19493009426924177,1.8898840708358364,-1.4247763000803608,-1.4964312789312952,-0.00034328012584594657,-0.000318931495794999,0.1070504344767968,2.216828685804842,1.421054721937027,1.6232746268997942,0.00042376932026392606,0.00029865430072593865
70001,S2,36,0.72,0,VALID_NUMERICAL_BOX,1,1,-0.030409604171250493,2.0492809039474773,-0.02750839453226833,0.0721815606214214,0.0,0.0,-0.2234256202720724,1.859955445253961,-1.4624580404179959,-1.5366406274143032,-0.00034965875676227625,-0.00031893149679531794,0.13547152891676079,2.249294178346087,1.4587205495121671,1.666485198374125,0.00042974240727887457,0.00029865430172625756
70001,S2,37,0.74,0,VALID_NUMERICAL_BOX,1,1,-0.03095977206189586,2.050724535159906,-0.02749387483319392,0.07361086293293499,0.0,0.0,-0.252674781081685,1.8292226327023924,-1.5001409506468202,-1.576875553929819,-0.00035603738769861835,-0.00031893149779563685,0.1646459399082568,2.2826238823168525,1.496387629203151,1.7096701923176207,0.00043571549431383545,0.0002986543027265765
70001,S2,38,0.76,0,VALID_NUMERICAL_BOX,1,1,-0.03150964955855974,2.0521967524185647,-0.027479339350301245,0.07501297758523867,0.0,0.0,-0.2826776000959041,1.797685121620479,-1.5378250302042098,-1.617136648482177,-0.0003624160186549728,-0.00031893149879595576,0.19457369249360248,2.316817286166522,1.5340559604736193,1.752829018732813,0.0004416885813688087,0.0002986543037268954
70001,S2,39,0.78,0,VALID_NUMERICAL_BOX,1,1,-0.03205923634556577,2.0536970119702693,-0.027464788565047603,0.07638733852132071,0.0,0.0,-0.31343410070130173,1.7653423886474837,-1.575510278521592,-1.6574244906090432,-0.0003687946496313396,-0.0003189314997962747,0.2252548117043883,2.3518738665445302,1.571725542779716,1.7959610980888947,0.00044766166844379426,0.0002986543047272143
70001,S2,40,0.8,0,VALID_NUMERICAL_BOX,1,1,-0.03260853211686672,2.0552247587406955,-0.027450222967286563,0.07773339104663252,0.0,0.0,-0.3449443062730785,1.7321938988319152,-1.613196695024798,-1.6977396491496097,-0.00037517328062771873,-0.0003189315007965936,0.25668932256132754,2.3877930885096963,1.6093963755704408,1.8390658615535258,0.0004536347555387922,0.0002986543057275332
70001,S2,41,0.8200000000000001,0,VALID_NUMERICAL_BOX,1,1,-0.033157536576212454,2.0567794265616284,-0.027435643055053423,0.07905059206224073,0.0,0.0,-0.3772082401749517,1.6982391058454984,-1.6508842791344227,-1.7380826820170703,-0.0003815519116441102,-0.0003189315017969125,0.2888772500741136,2.4245744057441914,1.647068458288007,1.882142751220359,0.0004596078426538024,0.00029865430672785213
70001,S2,42,0.84,0,VALID_NUMERICAL_BOX,1,1,-0.03370624943731352,2.058360438402873,-0.02742104933434744,0.0803384102923496,0.0,0.0,-0.41022592575905037,1.6634774522016949,-1.6885730302661874,-1.7784541359754646,-0.00038793054268051406,-0.0003189315027972314,0.3218186192412839,2.4622172607720607,1.6847417903682058,1.9251912203321944,0.0004655809297888251,0.00029865430772817105
70001,S2,43,0.86,0,VALID_NUMERICAL_BOX,1,1,-0.03425467042400047,2.0599672066087202,-0.027406442318910953,0.08159632650607858,0.0,0.0,-0.44399738636581815,1.627908369478685,-1.7262629478313092,-1.8188545464209833,-0.00039430917373693025,-0.00031893150379755034,0.355513455050092,2.5007210851822053,1.722416371240776,1.9682107334996752,0.00047155401694386006,0.00029865430872848996
70001,S2,44,0.88,0,VALID_NUMERICAL_BOX,1,1,-0.03480279927037869,2.061599133138842,-0.027391822530005494,0.08282383373338482,0.0,0.0,-0.47852264532392286,1.5915312785467253,-1.7639540312368724,-1.8592844371678188,-0.0004006878048133588,-0.00031893150479786925,0.3899617824763861,2.540085299855739,1.7600922003297779,2.0112007669154366,0.0004775271041189074,0.0002986543097288089
70001,S2,45,0.9,1,VALID_NUMERICAL_BOX,1,1,-0.035350635720978796,2.0632556098135097,-0.02737719049618505,0.08402043747502827,0.0,0.0,-0.060075397691620847,2.023793465662746,-1.801646279886206,-1.8997443202386497,-0.00040706643590979967,-0.00031893150579818816,-0.02007539769162085,2.063793465662746,1.7977692770539726,2.05416080856362,0.00048350019131396704,0.0002986543107291278
70001,S2,46,0.92,0,VALID_NUMERICAL_BOX,1,1,-0.0358981795309025,2.06493601856301,-0.027362546753066534,0.08518565590648108,0.0,0.0,-0.09610832329044107,1.9857985792548682,-1.8393396931792643,-1.9402346956598413,-0.0004134450670262529,-0.0003189315067985071,0.01587998785055471,2.1048766818371236,1.8354476008272071,2.0970903584246763,0.0004894732785290391,0.0002986543117294467
70001,S2,47,0.9400000000000001,0,VALID_NUMERICAL_BOX,1,1,-0.03644543046596383,2.0666397316811396,-0.02734789184309763,0.08631902007569106,0.0,0.0,-0.13289511715515925,1.9469938853385247,-1.8770342705130112,-1.9807560512614446,-0.00041982369816271844,-0.000318931507798826,0.052588939868231745,2.146818489008764,1.8731271710588022,2.1399889286753626,0.0004954463657641235,0.0002986543127297656
70001,S2,48,0.96,0,VALID_NUMERICAL_BOX,1,1,-0.036992388302825786,2.0683661120826535,-0.027333226315322093,0.08742007409461396,0.0,0.0,-0.1704358025665899,1.9073787643101061,-1.9147300112818086,-2.0213088624820736,-0.0004262023293191964,-0.0003189315087991449,0.09005148329057823,2.1896182675854607,1.910807987153946,2.1828560438838682,0.0005014194530192202,0.00029865431373008453
70001,S2,49,0.98,0,VALID_NUMERICAL_BOX,1,1,-0.03753905282913223,2.070114513564546,-0.0273185507251427,0.08848837532443546,0.0,0.0,-0.20873040279343483,1.8669525870572314,-1.9524269148778075,-2.0618935921787385,-0.0004325809604956867,-3.824934372331605e-05,0.12826764303486587,2.2332753884663714,1.9484900485140912,2.2256912411999803,0.0005073925402943293,0.00029865431473040345
70001,S2,50,1.0,0,VALID_NUMERICAL_BOX,1,1,-0.038085423843635086,2.0718842810710343,-0.027303865634081853,0.08952349455441035,0.0,0.0,-0.24777894109223875,1.8257147152103788,-1.9901249806913424,-2.1025106904417115,-0.00043334594837066636,-3.8249344723614704e-05,0.16723744400639548,2.277789213293649,1.9861733545373557,2.268494070540216,0.0005133656275894508,0.0002986543157307021
70001,S2,51,1.02,0,VALID_NUMERICAL_BOX,1,1,-0.03863150115631672,2.0736747509621223,-0.027289171609540093,0.09052501617425122,0.0,0.0,-0.2875814407073532,1.7836645013982213,-2.0278242081113294,-2.1431605944145016,-0.00043411093626565797,-3.824934572391336e-05,0.20696091109843018,2.3231590947077763,2.0238567972713413,2.311264094767852,0.0005193387149045841,0.0002986543167310007
70001,S2,52,1.04,0,VALID_NUMERICAL_BOX,1,1,-0.03917728458850753,2.0754852512856075,-0.027274469224552535,0.09149253834000608,0.0,0.0,-0.3281379248709079,1.7408012895065619,-2.0655245965256657,-2.1838437281190037,-0.0004348759241806615,-3.824934672421201e-05,0.24743804704518513,2.3693843766065026,2.061540376481791,2.3540008898677742,0.0005253118022397295,0.00029865431773129936
70001,S2,53,1.06,0,VALID_NUMERICAL_BOX,1,1,-0.03972277397299858,2.0773151020524074,-0.027259759057543416,0.09242567313336884,0.0,0.0,-0.3694484168027907,1.6971244149407654,-2.1032261453216328,-2.224560502285899,-0.00043564091211567704,-3.824934772451066e-05,0.2886688545761904,2.4164643944072743,2.0992240919392553,2.3967040451160737,0.0005312848895948867,0.000298654318731598
70001,S2,54,1.08,0,VALID_NUMERICAL_BOX,1,1,-0.04026796915414945,2.079163615515075,-0.02724504169207885,0.09332404671437308,0.0,0.0,-0.4115129397106349,1.652633204891583,-2.140928853886301,-2.2653113141903707,-0.0004364059000707045,-3.8249348724809316e-05,0.33065333641638706,2.46439847531306,2.1369079434192035,2.4393731632443356,0.0005372579769700559,0.00029865431973189664
70001,S2,55,1.1,0,VALID_NUMERICAL_BOX,1,1,-0.04081286998799103,2.0810300964493624,-0.02723031771661793,0.09418729946742446,0.0,0.0,-0.45433151678981526,1.6073269786042625,-2.1786327216069354,-2.306096547493203,-0.00043717088804574395,-3.824934972510797e-05,0.37339149528622545,2.51318593858146,2.174591930702135,2.4820078605985385,0.000543231064365237,0.0002986543207321953
70001,S2,56,1.12,0,VALID_NUMERICAL_BOX,1,1,-0.04135747634232339,2.082913842438711,-0.02721558772426227,0.0950150861406334,0.0,0.0,-0.4979041712234519,1.5612050476508355,-2.216337747871407,-2.346916572087324,-0.0004379358760407953,-3.824935072540662e-05,0.4168833339017661,2.5628260957969937,2.2122760535736865,2.5246077672925122,0.0005492041517804302,0.0002986543217324939
70001,S2,57,1.1400000000000001,0,VALID_NUMERICAL_BOX,1,1,-0.04190178809680863,2.0848141441615233,-0.02720085231250418,0.0958070759784139,0.0,0.0,-0.5422309261824222,1.5142667162054757,-2.2540439320685985,-2.387771743949856,-0.00043870086405585864,-3.8249351725705275e-05,0.461128854974782,2.613318251146457,2.2499603118247413,2.5671725273558863,0.0005551772392156353,0.00029865432273279256
70001,S2,58,1.16,0,VALID_NUMERICAL_BOX,1,1,-0.042445805143058714,2.0867302856810914,-0.027186112082973488,0.09656295284732033,0.0,0.0,-0.5873118048253815,1.466511281322814,-2.291751273588822,-2.4286624049997316,-0.0004394658520909339,-3.824935272600393e-05,0.5061280612128641,2.664661701697239,2.2876447052515325,2.609701798876474,0.0005611503266708523,0.0002986543237330912
70001,S2,59,1.18,0,VALID_NUMERICAL_BOX,1,1,-0.04298952738471818,2.088661544738038,-0.027171367641183247,0.09728241535509945,0.0,0.0,-0.633146830298791,1.4179380332191027,-2.329459771824226,-2.469588882960937,-0.0004402308401460211,-3.824935372630258e-05,0.551880955319528,2.7168557376784856,2.325329233655747,2.6521952541370335,0.0005671234141460813,0.00029865432473338984
70001,S2,60,1.2,1,VALID_NUMERICAL_BOX,1,1,-0.043532954737541846,2.0906071930451398,-0.027156619596274374,0.09796517696293859,0.0,0.0,-0.07120133935052088,2.0701239311493524,-2.3671694261692116,-2.5105514912314253,-0.0004409958282211203,-3.8249354726601235e-05,-0.03120133935052088,2.1101239311493525,2.363013896844626,2.694652579746348,0.0005730965016413222,0.0002986543257336885
70001,S2,61,1.22,0,VALID_NUMERICAL_BOX,1,1,-0.04407608712946733,2.0925664965843986,-0.02714186856075937,0.09861096609089752,0.0,0.0,-0.11854472787502365,2.0199129013215598,-2.4048802360208468,-2.5515505287577662,-0.0004417608163162314,-3.824935572689989e-05,0.01605893858749019,2.1640169827474436,2.4006986946310653,2.73707347676458,0.000579069589156575,0.0002986543267339871
70001,S2,62,1.24,0,VALID_NUMERICAL_BOX,1,1,-0.04461892450068252,2.0945387159062165,-0.027127115150265245,0.09921952621651499,0.0,0.0,-0.16664233259660724,1.9688818907431858,-2.4425922007792797,-2.592586279915575,-0.0004425258044313544,-3.824935672719854e-05,0.06407291248127812,2.218758452285954,2.4383836268337102,2.7794576608228434,0.0005850426766918397,0.00029865432773428576
70001,S2,63,1.26,0,VALID_NUMERICAL_BOX,1,1,-0.04516146680368782,2.096523106430547,-0.027112359983275772,0.09979061596658631,0.0,0.0,-0.21549417661340833,1.9170301651416,-2.480305319848154,-2.6336590143957674,-0.0004432907925664894,-3.8249357727497194e-05,0.11284058501916783,2.274347605505685,2.476068693277053,2.821804862236946,0.0005910157642471164,0.0002986543287345844
70001,S2,64,1.28,0,VALID_NUMERICAL_BOX,1,1,-0.04570371400335334,2.0985189187498787,-0.027097603680873168,0.10032400920211239,0.0,0.0,-0.2651002830116365,1.8643569848503536,-2.518019592635024,-2.6747689870966904,-0.0004440557807216363,-3.824935872779585e-05,0.162361958885974,2.3307837027537546,2.513753893791523,2.86411482611526,0.000596988851822405,0.00029865432973488304
70001,S2,65,1.3,0,VALID_NUMERICAL_BOX,1,1,-0.0462456660769708,2.1005253989339208,-0.027082846866479344,0.10081949509642571,0.0,0.0,-0.31546067486565244,1.810861605105032,-2.5557350185517675,-2.715916438022169,-0.00016887949097311658,-3.82493597280945e-05,0.2126370367631199,2.3880659992794477,2.5514392282135803,2.906387312460676,0.0006029619394177057,0.0002986543307351817
70001,S2,66,1.32,0,VALID_NUMERICAL_BOX,1,1,-0.046787323014300386,2.102541788835849,-0.02706809016559684,0.10127687820650239,0.0,0.0,-0.3665753752380544,1.7565432763411424,-2.5934515970150005,-2.7571015921855127,-0.0001696444791682874,-3.824936072839315e-05,0.2636658213287581,2.4461937455321072,2.589070411886794,2.948622096266598,0.0006089350270330182,0.0002986543317354803
70001,S2,67,1.34,0,VALID_NUMERICAL_BOX,1,1,-0.04732868481761232,2.1045673263999793,-0.027053334205549572,0.10169597853747397,0.0,0.0,-0.4184444071797728,1.7014012444939268,-2.6311693274464907,-2.798324659519511,-0.00017040946738347017,-3.8249361728691806e-05,0.3154472295679124,2.5051661874609445,2.6267017396205774,2.990818967606943,0.0006149081146683428,0.00029865433273577896
70001,S2,68,1.36,0,OUT_OF_DOMAIN,,,-0.04786975150172331,2.1066012459707286,-0.027038579615223456,0.10207663160035667,0.0,0.0,,,,,,,,,,,,
70002,S0,0,0.0,1,VALID_NUMERICAL_BOX,1,1,0.009068263248188525,1.996524258682165,0.017942035931228284,0.01568595809067479,0.0,0.0,0.004003781741381444,1.9898790740112795,-0.1,-0.1,-0.0023810428373220063,-0.001919338841491692,0.02,2.02,0.1,0.1,0.005,0.01
70002,S0,1,0.02,0,VALID_NUMERICAL_BOX,1,1,0.00942710396681309,1.9968379778439784,0.017933220305572168,0.017638646380468994,0.0,0.0,0.0020037817403594435,1.9878790740082575,-0.13858876675293835,-0.13975042812119523,-0.00241942961515704,-0.001919338842501692,0.022000000001021997,2.022000000003022,0.13806979264620622,0.1436719511013557,0.00255298257923505,0.002551245650616967
70002,S0,2,0.04,0,VALID_NUMERICAL_BOX,1,1,0.009785768372924534,1.9971907507715878,0.017924388034478593,0.019589758367338034,0.0,0.0,-0.0007679935957240849,1.9850840654428086,-0.17669263021683843,-0.17949941739010553,-0.001363206364977556,-0.0019193388435042433,0.02476139585497088,2.024873439028074,0.17614719112185595,0.1873435098158349,0.0026040074932499936,0.0025512456516195185
70002,S0,3,0.06,0,VALID_NUMERICAL_BOX,1,1,0.010144256133614105,1.9975825459389345,0.017915539163788696,0.02153850738660874,0.0,0.0,-0.004301846201089137,1.9814940770919778,-0.21480660176122898,-0.21924960973047591,-0.0014015931428502959,-0.0019193388445067946,0.028284339678436285,2.0286203092274193,0.21401528547986734,0.23101389152654672,0.0015741374429308207,0.00255124565262207
70002,S0,4,0.08,0,VALID_NUMERICAL_BOX,1,1,0.01050256691688988,1.9980133160866667,0.01790667374781001,0.023484107405144786,0.0,0.0,-0.008597978237346282,1.977109084894335,-0.25271649118023937,-0.2590013368818557,-0.001439979920742057,-0.001919338845509346,0.03256464538906619,2.0332405870609835,0.2518909838223474,0.2746823120873863,0.0010249142305429147,0.0008202802248606124
70002,S0,5,0.1,1,VALID_NUMERICAL_BOX,1,1,0.010860700391846079,1.9984829982347696,0.017897791849288396,0.025425773343864422,0.0,0.0,-0.011869642572042571,1.997563587565621,-0.2905175446485056,-0.29875576847771096,-0.000674184233549536,-0.0019193388465112652,0.028130357427957428,2.037563587565621,0.28977428487030155,0.3183479881366824,0.0010413198360416053,0.0008202802258625317
70002,S0,6,0.12,0,VALID_NUMERICAL_BOX,1,1,0.011218656228831846,1.998991513701647,0.017888893539376425,0.027362721401136745,0.0,0.0,-0.01767999346604661,1.9915884721930228,-0.3283218453072249,-0.3385136288398707,-0.0007125710114808191,-0.0019193388475131844,0.03392584312639738,2.0439305473313985,0.32750583682953033,0.36201013741053195,0.0010577254415599137,0.0008202802268644511
70002,S0,7,0.14,0,VALID_NUMERICAL_BOX,1,1,0.011576434099619375,1.9995387681296697,0.017879978897598195,0.029294169376886735,0.0,0.0,-0.024246430373231584,1.9848181996131742,-0.36612939221469976,-0.3782758002401893,-0.0007509577894321569,-0.0019193388485151037,0.040475959864028466,2.0511707500826604,0.3652449921419047,0.4056679790556949,1.0862108908151966e-06,0.0008202802278663705
70002,S0,8,0.16,0,VALID_NUMERICAL_BOX,1,1,0.01193403367757134,2.0001246515172073,0.017871048011810612,0.03121933699723218,0.0,0.0,-0.03156901821857336,1.977252683605311,-0.4037275683211445,-0.41804300342736767,-0.0007893445674032483,-0.001919338849517023,0.04778085970791434,2.0592841096668337,0.4029917498914146,0.44932073394192545,1.7491816448931953e-05,0.0008202802288682898
70002,S0,9,0.18,0,VALID_NUMERICAL_BOX,1,1,0.012291454637807552,2.000749038257152,0.017862100978161113,0.03313744623947139,0.0,0.0,-0.03964356958605209,1.9688918235336954,-0.44132899497774025,-0.45781607632516746,-0.0008277313453944165,-0.00026542512492870943,0.05584069470679848,2.0682705243487405,0.44074610907392014,0.49296762497361346,3.3897422027125477e-05,0.0008202802298702092
70002,S0,10,0.2,1,VALID_NUMERICAL_BOX,1,1,0.012648696657370773,2.0014117871819415,0.017853137901041878,0.03504772165723385,0.0,0.0,0.0008727365557770587,1.9921718677213271,-0.47893367196582787,-0.497595793975078,-0.0008330398488938237,-0.00026542512592952973,0.040872736555777056,2.032171867721327,0.47850806859772105,0.5366078774006124,5.03030276253627e-05,0.0008202802308710295
70002,S0,11,0.22,0,VALID_NUMERICAL_BOX,1,1,0.01300575941539161,2.002112741615086,0.017844158893040498,0.036949390705602686,0.0,0.0,-0.008705936884589942,1.9822199518387826,-0.5165415990287502,-0.5373829231953657,-0.0008383483524132526,-0.00026542512693035003,0.05044289792878192,2.0429040252723825,0.5162710737231876,0.5802407191281292,6.670863324362163e-05,0.0008202802318718498
70002,S0,12,0.24,0,VALID_NUMERICAL_BOX,1,1,0.01336264259325242,2.002851729429198,0.017835164074887163,0.03884168406601248,0.0,0.0,-0.019036768866225715,1.971472293371821,-0.5541527758720468,-0.5771782331218899,-0.0008436568559527032,-0.00026542512793117034,0.060768319404306444,2.0545088396579994,0.5540351237268404,0.6238653810255517,8.311423888190227e-05,0.0008202802328726701
70002,S0,13,0.26,0,VALID_NUMERICAL_BOX,1,1,0.013719345874750164,2.003628563110518,0.017826153575398348,0.0407238359707227,0.0,0.0,-0.030119824384738498,1.9599287287063163,-0.5917672021636743,-0.6169824896186772,-0.0008489653595121755,-0.00026542512893199064,0.0718490218799151,2.066986147281577,0.5918002178757115,0.6674810972340908,9.951984454020464e-05,0.0008202802338734904
70002,S0,14,0.28,0,VALID_NUMERICAL_BOX,1,1,0.014075868946258131,2.0044430398299324,0.017817127531417034,0.042595084526663614,0.0,0.0,-0.04195516842909567,1.9475890789108623,-0.6293848775342513,-0.6567964549715883,-0.0008542738630916695,-0.00026542512993281094,0.08368502623851301,2.080335769229339,0.629566355427674,0.7110871054731138,0.00011592545021852872,0.0008202802348743107
70002,S0,15,0.3,1,VALID_NUMERICAL_BOX,1,1,0.014432211496886472,2.0052949415204657,0.01780808608774949,0.04445467203844917,0.0,0.0,-0.008127539365449063,1.9681975701316001,-0.6670058015773287,-0.6966208875834158,-0.0008595823666911853,-0.00026542513093363125,0.03187246063455094,2.0081975701316,0.6673335356317786,0.7546826473450463,0.0001323310559168745,0.000820280235875131
70002,S0,16,0.32,0,VALID_NUMERICAL_BOX,1,1,0.014788373218641461,2.0061840349612345,0.017799029397098622,0.0463018453303487,0.0,0.0,-0.021467655398040856,1.9542651523769083,-0.7046299738496844,-0.7364565416705352,-0.0008648908703107228,-0.00026542513193445155,0.04521913134823173,2.0232912230815243,0.7051017577285963,0.7982669686387209,0.00014873666163524202,0.0008202802368759513
70002,S0,17,0.34,0,VALID_NUMERICAL_BOX,1,1,0.015144353806583433,2.0071100718678414,0.017789957619993937,0.048135856067008764,0.0,0.0,-0.035560254876093864,1.9395360215404582,-0.7422573938716434,-0.776304166961231,-0.000870199373950282,-0.00026542513293527185,0.059321166503862974,2.039256562457338,0.742871020950569,0.8418393196310526,0.00016514226737363125,0.0008202802378767716
70002,S0,18,0.36,0,VALID_NUMERICAL_BOX,1,1,0.015500152958983313,2.0080727889891814,0.017780870924718133,0.04995596107271369,0.0,0.0,-0.050405402754600905,1.9240099381981777,-0.7798880611274214,-0.8161645083958169,-0.0008755078776098629,-0.00026542513393609216,0.07417858692394853,2.056093348853015,0.7806413245223651,0.8853989553869167,0.0001815478731320422,0.0008202802388775919
70002,S0,19,0.38,0,VALID_NUMERICAL_BOX,1,1,0.015855770377477676,2.0090719082106356,0.01777176948723035,0.05176142264897498,0.0,0.0,-0.06600316397823913,1.9076866480271877,-0.8175219750654931,-0.8560383058286725,-0.0008808163812894656,-0.00026542513493691246,0.08979141341548563,2.073801327963827,0.8184126676612422,0.9289451360571137,0.00019795347891047487,0.0008202802398784122
70002,S0,20,0.4,1,VALID_NUMERICAL_BOX,1,1,0.01621120576722228,2.010107136663615,0.017762653491086137,0.05355150889023835,0.0,0.0,0.005097199964669962,1.9958082746516532,-0.8551591350989848,-0.8959262937323128,-0.0008861248849890899,-0.00026542513593773276,0.04509719996466996,2.0358082746516533,0.8561850495774159,0.9724771271742992,0.00021435908470892923,0.0008202802408792325
70002,S0,21,0.42,0,VALID_NUMERICAL_BOX,1,1,0.016566458837044003,2.01117816684142,0.017753523127354127,0.05532549399749827,0.0,0.0,-0.012005982738371954,1.9778897487739517,-0.8927995406060903,-0.9358292009036119,-0.000891433388708736,-0.00026542513693855307,0.0622209009572805,2.0552578171981946,0.8939584694744344,1.0159941999467608,0.0002307646905274053,0.0008202802418800528
70002,S0,22,0.44,0,VALID_NUMERICAL_BOX,1,1,0.016921529299591086,2.01228467672137,0.017744378594529507,0.05708265858961105,0.0,0.0,-0.029861973551573863,1.959173164752804,-0.9304431909305111,-0.9757477501722955,-0.0008967418924484038,-0.00026542513793937337,0.08010007034784929,2.0755777012002055,0.9317329265495586,1.0594956315499249,0.0002471702963659031,0.0008202802428808731
70002,S0,23,0.46,0,VALID_NUMERICAL_BOX,1,1,0.017276416871481674,2.013426329893162,0.01773522009844429,0.058822290012099154,0.0,0.0,-0.04847083737128281,1.9396582097462611,-0.9680900853819184,-1.0156826581118212,-0.0009020503962080933,-0.0002654251389401937,0.0987347288799392,2.0967676138343005,0.9695084199941485,1.1029807054154774,0.00026357590222442266,0.0002664867983219448
70002,S0,24,0.48,0,VALID_NUMERICAL_BOX,1,1,0.01763112127345056,2.014602775693404,0.017726047852174437,0.06054368264324121,0.0,0.0,-0.0678326390800393,1.919344556580906,-1.0057402232364405,-1.0556346347527608,-0.0009073588999878046,-0.00026542513994046017,0.11812489728094029,2.118827227945729,1.007284948994054,1.146448711517981,0.0002689056391917689,0.0002664867993222113
70002,S0,25,0.5,1,VALID_NUMERICAL_BOX,1,1,0.01798564223049405,2.015813649346269,0.01771686207594389,0.06224613819724499,0.0,0.0,-0.01668270947559149,2.015377187531396,-1.0433914113766147,-1.095604383298799,-0.0009126674037875265,-0.0002587987647857167,0.02331729052440851,2.055377187531396,1.0450625127300126,1.1898989466588756,0.00027423537617912583,0.0002664868003224778
70002,S0,26,0.52,0,VALID_NUMERICAL_BOX,1,1,0.018339979472012928,2.017058572110214,0.01770766299702555,0.06392896602430351,0.0,0.0,-0.03755053770416801,1.993465099862341,-1.081043649422122,-1.135592599845465,-0.000654688745947235,-0.0002587987657859832,0.04421854078005298,2.079175166467653,1.0828411103780495,1.2333307147477497,0.00027956511318649323,0.0002664868013227443
70002,S0,27,0.54,0,VALID_NUMERICAL_BOX,1,1,0.018694132731953438,2.0183371514307,0.01769845084963925,0.06559148340733749,0.0,0.0,-0.059171410693676325,1.970753247862328,-1.1186969369835782,-1.1755999321296822,-0.0006598647222636145,-0.0002587987667862497,0.06587536298867984,2.103841780765712,1.1205686358961846,1.276743327080766,0.00028489485021360796,0.0002664868023230108
70002,S0,28,0.56,0,VALID_NUMERICAL_BOX,1,1,0.019048101748946222,2.0196489810988467,0.017689225874846757,0.0672330158552317,0.0,0.0,-0.08154534943443617,1.9472412492166051,-1.15635127366277,-1.2156271018805902,-0.0006650406986000045,-0.0002587987677865162,0.08828673570769181,2.129376647310457,1.1582971726640217,1.3201361026161338,0.0002902245872607332,0.0002664868033232773
70002,S0,29,0.58,0,VALID_NUMERICAL_BOX,1,1,0.019401886266443156,2.0209936414159513,0.017679988320443926,0.06885289739237568,0.0,0.0,-0.10467237490880303,1.9229287071758376,-1.1940066590528977,-1.2556747822105419,-0.0006702166749564052,-0.0002587987687867827,0.1114526791620837,2.1557793693659355,1.1960267200285677,1.3635083682465174,0.00029555432432786893,0.00026648680432354377
70002,S0,30,0.6,1,VALID_NUMERICAL_BOX,1,1,0.019755486032852033,2.022370699363799,0.017670738440849945,0.07045047084432504,0.0,0.0,0.014904688099459714,1.9876687311613135,-1.2316630927388237,-1.295743638028195,-0.0006753926513328162,-0.0002587987697870492,0.05490468809945971,2.0276687311613135,1.2337572773318763,1.40685945906827,5.926111794304998e-05,0.00026648680532381027
70002,S0,31,0.62,0,VALID_NUMERICAL_BOX,1,1,0.020108900801669032,2.0237797087806855,0.017661476496993848,0.07202508811940311,0.0,0.0,-0.00972857375639634,1.961753858397694,-1.269272776614629,-1.3358343257725591,-0.0006805686277292377,-0.00025879877078731567,0.07957983364717681,2.0558059203457346,1.2714888439113967,1.450188718647385,6.459085505020675e-05,0.00026648680632407676
70002,S0,32,0.64,0,VALID_NUMERICAL_BOX,1,1,0.02046213033160891,2.0252202105430737,0.017652202756198266,0.07357611048606784,0.0,0.0,-0.03511402928979393,1.935037171879158,-1.3068835133634447,-1.3759474931504314,-0.0006857446041456698,-0.00025879877178758216,0.10500961052650976,2.084809694721767,1.3092214191003277,1.4934954992820624,6.992059217737403e-05,0.00026648680732434325
70002,S0,33,0.66,0,VALID_NUMERICAL_BOX,1,1,0.020815174386732874,2.026691732752795,0.017642917492060525,0.07510290884587399,0.0,0.0,-0.06125169955819401,1.9075182220130347,-1.3444953027010016,-1.4160837788773244,-0.0006909205805821124,-0.00025879877278784866,0.1311940389096475,2.114679604710523,1.3469550022279766,1.5367791622617801,7.525032932455181e-05,0.00026648680832460974
70002,S0,34,0.68,0,VALID_NUMERICAL_BOX,1,1,0.021168032736574083,2.0281937909297123,0.017633620984331147,0.07660486400186642,0.0,0.0,-0.08814160561337217,1.8791965464323428,-1.382108144333514,-1.4562438124219903,-0.0006960965570385654,-0.00025879877378811515,0.15813313895536518,2.1454151879589043,1.3846895926201213,1.5800390781227698,8.05800664917401e-05,0.00026648680932487624
70002,S0,35,0.7000000000000001,1,VALID_NUMERICAL_BOX,1,1,0.021520705156260707,2.0297258882097498,0.017624313518789785,0.07808136692224474,0.0,0.0,0.005660560264202422,2.0247540058295725,-1.4197220379578965,-1.4964282137546445,-0.000701272533515029,-0.00025879877478838164,0.04566056026420243,2.0647540058295726,1.4224251895993774,1.6232746268997942,8.590980367893889e-05,0.00026648681032514273
70002,S0,36,0.72,0,VALID_NUMERICAL_BOX,1,1,0.021873191426636504,2.0312875155481946,0.017614995387118706,0.07953181899914624,0.0,0.0,-0.022733880496029618,1.9948254415513824,-1.4573369832619887,-1.5366375930989873,-0.0007064485100115031,-0.00025879877578864814,0.07410906405726408,2.0972194983706656,1.460161792485569,1.666485198374125,9.123954088614819e-05,0.0002664868113254092
70002,S0,37,0.74,0,VALID_NUMERICAL_BOX,1,1,0.02222549133437888,2.032878151928178,0.01760566688677386,0.0809556323023986,0.0,0.0,-0.0518806201623727,1.964092689686272,-1.4949529799247847,-1.5768725506881245,-0.0007116244865279877,-0.00025879877678891463,0.10331229990807878,2.1305492023412786,1.4978994005961022,1.7096701923176207,9.6569278113368e-05,0.0002664868123256757
70002,S0,38,0.76,0,VALID_NUMERICAL_BOX,1,1,0.022577604672114355,2.0344972645742256,0.017596328320853605,0.08235222982810157,0.0,0.0,-0.08177967976200166,1.9325552386693448,-1.532570027616669,-1.6171336765244848,-7.541844857748316e-05,-0.0002587987777891811,0.13327028792113407,2.1647426061907957,1.535638013246343,1.752829018732813,0.00010189901536059833,0.0002664868133259422
70002,S0,39,0.78,0,VALID_NUMERICAL_BOX,1,1,0.022929531238531427,2.036144309170788,0.017586979997965158,0.08372104574190013,0.0,0.0,-0.11243108031549903,1.9002125651356552,-1.5701881259996593,-1.6574215004004147,-8.0594425133374e-05,-0.0002587987787894476,0.16398304818722492,2.1997991865686517,1.5732508784833892,1.7959610980888947,0.00010722875262722439,0.0002664868143262087
70002,S0,40,0.8,1,VALID_NUMERICAL_BOX,1,1,0.02328127083849073,2.037818730085626,0.017577622232088856,0.08506152561682032,0.0,0.0,-0.013903014472737969,2.0307338581413066,-1.6078072747276542,-1.6977366402778586,-8.577040170927552e-05,-0.0002587987797897141,0.026096985527262032,2.0707338581413066,1.610864764406464,1.8390658615535258,0.00011255848991386112,0.0002664868153264752
70002,S0,41,0.8200000000000001,0,VALID_NUMERICAL_BOX,1,1,0.023632823283132508,2.0395199605979624,0.01756825534244028,0.08637312666554302,0.0,0.0,-0.04605915996834937,1.996779125332642,-1.645427473446687,-1.7380796540687422,-9.094637830518769e-05,-0.0002587987807899806,0.05831428081644962,2.107515175375485,1.6484796706849463,1.882142751220359,0.00011788822722050852,0.0002664868163267417
70002,S0,42,0.84,0,VALID_NUMERICAL_BOX,1,1,0.023984188389981315,2.0412474231312734,0.017558879653330323,0.08765531796699784,0.0,0.0,-0.07896770943837439,1.9620175322481217,-1.6830487217951844,-1.77845108853584,-9.612235492111053e-05,-0.0002587987817902471,0.09128387423123983,2.1451580304030373,1.6860955969805658,1.9251912203321944,0.00012321796454716657,0.0002664868173270082
70002,S0,43,0.86,0,VALID_NUMERICAL_BOX,1,1,0.024335365983047922,2.0430005294906133,0.017549495494023293,0.08890758068716542,0.0,0.0,-0.11262868387540308,1.9264485104742213,-1.7206710194042323,-1.8188514790740804,-0.000101298331557044,-0.0002587987827905136,0.12500578617197616,2.183661854812865,1.723712542947655,1.9682107334996752,0.00012854770189383528,0.0002664868183272747
70002,S0,44,0.88,0,VALID_NUMERICAL_BOX,1,1,0.024686355892928388,2.0447786811043565,0.01754010319859308,0.09012940829398182,0.0,0.0,-0.14704210426464723,1.8900714808895167,-1.7582943658978443,-1.8592813494963965,-0.00010647430821298816,-0.0002587987837907801,0.15948003703208877,2.2230260694860813,1.7613305082334056,2.0112007669154366,0.00013387743926051465,0.00026648681932754117
70002,S0,45,0.9,1,VALID_NUMERICAL_BOX,1,1,0.02503715795690025,2.046581269270236,0.017530703105777527,0.091320306766246,0.0,0.0,4.565242396365951e-05,2.0359422697254694,-1.7959187608932377,-1.8997412118242105,-0.00011165028488894297,-0.00025879878479104657,0.04004565242396366,2.0759422697254695,1.7989494924781317,2.05416080856362,0.00013920717664720467,0.00026648682032780766
70002,S0,46,0.92,0,VALID_NUMERICAL_BOX,1,1,0.025387772019015802,2.048407675405561,0.01752129555883101,0.09247979479643587,0.0,0.0,-0.035872722794977115,1.9979474454858681,-1.833544204001113,-1.940231566082634,-0.00011682626158490843,-0.00025879878579131307,0.07602464227460232,2.117025485899859,1.836569495315536,2.0970903584246763,0.0001445369140539054,0.00026648682132807415
70002,S0,47,0.9400000000000001,0,VALID_NUMERICAL_BOX,1,1,0.025738197930192424,2.0502572713014895,0.017511880905375362,0.09360740398734547,0.0,0.0,-0.07254360687611214,1.9591428141610565,-1.8711706948259381,-1.9807529001004662,-0.00012200223830088457,-0.00025879878679157956,0.1127560321820258,2.158967293071511,1.8741905163729817,2.1399889286753626,0.00014986665148061673,0.00026648682232834064
70002,S0,48,0.96,0,VALID_NUMERICAL_BOX,1,1,0.02608843554829993,2.0521294193812363,0.0175024594972492,0.09470267904246171,0.0,0.0,-0.10996702077378115,1.9195277561558455,-1.908798232966239,-2.0213056893150725,-0.00012717821503687137,-0.00025879878779184605,0.15023984251063568,2.20176707164822,1.9118125552717689,2.1828560438838682,0.00015519638892733874,0.00026648682332860714
70002,S0,49,0.98,0,VALID_NUMERICAL_BOX,1,1,0.026438484738244915,2.0540234729620854,0.017493031690355713,0.09576517795000408,0.0,0.0,-0.1481429854342944,1.8791016423662987,-1.9464268180148914,-2.061890396582216,-0.00013235419179286883,-0.00025879878879211254,0.18847609361725953,2.2454241925291427,1.9494356116274152,2.2256912411999803,0.00016052612639407143,0.00026648682432887363
70002,S0,50,1.0,1,VALID_NUMERICAL_BOX,1,1,0.02678834537205203,2.0559387765210855,0.01748359784450901,0.09679447216055782,0.0,0.0,-0.003594919066495516,2.018908661032096,-1.9840564495594206,-2.102507471990925,-0.00013753016856887692,-0.00025879878979237904,0.03640508093350449,2.058908661032096,1.9870596850499411,2.268494070540216,0.00016585586388081475,0.0002664868253291401
70002,S0,51,1.02,0,VALID_NUMERICAL_BOX,1,1,0.02713801732894221,2.0578746659642966,0.017474158323279126,0.09779014675823576,0.0,0.0,-0.04327604805876007,1.9768585115891733,-2.021687127182302,-2.1431573526834664,-0.0001427061453648957,-0.00025879879079264553,0.07614627463557946,2.1042785424460044,2.024684775144159,2.311264094767852,0.00017118560138756875,0.00019746578697585684
70002,S0,52,1.04,0,VALID_NUMERICAL_BOX,1,1,0.027487500495407793,2.0598304688994613,0.017464713493835687,0.09875180062531033,0.0,0.0,-0.08370979060352274,1.9339953645323533,-2.0593188504612683,-2.183840462680495,-0.00014788212218092372,-0.0002587987917929043,0.11663997013957927,2.150503824344512,2.0623108815099642,2.3540008898677742,0.000175134918127261,0.00019746578797611564
70002,S0,53,1.06,0,VALID_NUMERICAL_BOX,1,1,0.027836794765284507,2.0618055049119675,0.017455263726790436,0.09967904660026257,0.0,0.0,-0.12489616761390598,1.8903185552755457,-2.096951346760024,-2.2245572126635915,-0.0001530580990169609,-0.0002587987927931631,0.15788618777093644,2.1975838421450646,2.099938003742636,2.3967040451160737,0.0001790842348869624,0.00019746578897637443
70002,S0,54,1.08,0,VALID_NUMERICAL_BOX,1,1,0.028185900039820317,2.0637990858439728,0.017445809396038573,0.10057151162920026,0.0,0.0,-0.16683519455030635,1.8458274110190283,-2.13458461574172,-2.2653079999041945,-0.0001582340758730072,-0.0002587987937934219,0.19988494784698901,2.2455179230506315,2.1375661414331337,2.4393731632443356,0.00018303355166667294,0.00019746578997663323
70002,S0,55,1.1,1,VALID_NUMERICAL_BOX,1,1,0.028534816227741087,2.065810516076557,0.01743635087859909,0.10142883691060323,0.0,0.0,-0.002521667117880339,2.0367856601935515,-2.1722186570672912,-2.3060932080593455,-0.00016341005274906261,-0.0002587987947936807,0.03747833288211966,2.0767856601935515,2.175195294168403,2.4820078605985385,0.00018698286846639258,0.00019746579097689202
70002,S0,56,1.12,0,VALID_NUMERICAL_BOX,1,1,0.02888354324531307,2.067839092814769,0.0174268885544541,0.10225067803335877,0.0,0.0,-0.04596604026030715,1.9906637960292382,-2.2098534703957013,-2.346913207018233,-0.00016858602964512715,-0.0002587987957939395,0.0809822387665687,2.1264258174086486,2.2128254615316814,2.5246077672925122,0.00019093218528612135,0.00019746579197715082
70002,S0,57,1.1400000000000001,0,VALID_NUMERICAL_BOX,1,1,0.02923208101640215,2.069884106375436,0.017417422806387303,0.10303670510805545,0.0,0.0,-0.09016310966934642,1.9437255318856965,-2.247489055384188,-2.3877683527542435,-0.00017376200656120082,-0.0002587987967941983,0.12523874799832757,2.1769179727576757,2.250456643102809,2.5671725273558863,0.00019488150212585925,0.00019746579297740961
70002,S0,58,1.16,0,VALID_NUMERICAL_BOX,1,1,0.029580429472529896,2.071944840477597,0.01740795401982163,0.1037866028915085,0.0,0.0,-0.13511289077820043,1.8959701648273832,-2.2851254116885134,-2.4286589871825774,-0.00017893798349728364,-0.0002587987977944571,0.170247880861554,2.2282614233080213,2.2880888384585414,2.609701798876474,0.0001988308189856063,0.0001974657939776684
70002,S0,59,1.18,0,VALID_NUMERICAL_BOX,1,1,0.02992858855292633,2.074020572535427,0.017398482582656163,0.10450007090449558,0.0,0.0,-0.1808153990131867,1.8473969850804512,-2.3227625389632087,-2.4695854380234894,-0.00018411396045337554,-0.0002587987987947159,0.21600965763194083,2.2804554592888313,2.3257220471728646,2.6521952541370335,0.00020278013586536242,0.0001974657949779272
70002,S0,60,1.2,1,VALID_NUMERICAL_BOX,1,1,0.030276558204579453,2.076110573953517,0.01738900888510238,0.10517682354268565,0.0,0.0,0.02306054970952082,2.0655147790104644,-2.3604004368618288,-2.510548018671205,-0.00018928993742947658,-0.0002587987997949747,0.06306054970952082,2.1055147790104645,2.3633562688173138,2.694652579746348,0.0002067294527651277,0.000197465795978186
70002,S0,61,1.22,0,VALID_NUMERICAL_BOX,1,1,0.0306243383822815,2.078214110424371,0.01737953331951986,0.10581659018074932,0.0,0.0,-0.02414745902882608,2.015303818633881,-2.3980391050372014,-2.5515470280685686,-0.00019446591442558677,-0.0002587988007952335,0.11032767508697744,2.1594078306085507,2.400991502961293,2.73707347676458,0.0002106787696849021,0.0001974657969784448
70002,S0,62,1.24,0,VALID_NUMERICAL_BOX,1,1,0.030971929048671895,2.080330442227986,0.01737005628025146,0.10641911526964334,0.0,0.0,-0.07210824113072846,1.9642728780692955,-2.4356785431416843,-2.5925827505874732,-0.00019964189144170606,-0.0002587988017954923,0.15834750514736165,2.2141493001470565,2.438627749172398,2.7794576608228434,0.00021462808662468563,0.0001974657979787036
70002,S0,63,1.26,0,VALID_NUMERICAL_BOX,1,1,0.031319330174276926,2.082458824533379,0.017360578163458096,0.10698415842706642,0.0,0.0,-0.12082181199476927,1.9124212230542763,-2.473318750827416,-2.6336554559151133,-0.00020481786847783448,-0.00025879880279575107,0.20712006013201673,2.269738453366783,2.476265007016741,2.821804862236946,0.00021857740358447827,0.00019746579897896238
70002,S0,64,1.28,0,VALID_NUMERICAL_BOX,1,1,0.031666541737546086,2.0845985077019202,0.017351099366953174,0.10751149452108795,0.0,0.0,-0.17028818701257423,1.8597481139326477,-2.5109597277465747,-2.6747653989461178,-0.00020999384553397203,-0.00025879880379600987,0.2566453602736082,2.3261745506148483,2.513903276059276,2.86411482611526,0.00022252672056428005,0.00019746579997922118
70002,S0,65,1.3,1,VALID_NUMERICAL_BOX,1,1,0.03201356372488515,2.086748737592342,0.01734162029003675,0.10800091374695607,0.0,0.0,0.01467619836211823,2.085069071871557,-2.5486014735516314,-2.7159128196805953,-0.00021516982261011872,-0.00025879880479626866,0.054676198362118233,2.125069071871557,2.5515425558641254,2.906387312460676,0.00022647603756409098,0.00019746580097947997
70002,S0,66,1.32,0,VALID_NUMERICAL_BOX,1,1,0.03236039613068588,2.088908755867281,0.01733214133332951,0.10845222169709497,0.0,0.0,-0.03629583111002011,2.0307508154747618,-2.58624398789561,-2.7570979431281404,-0.0002203457997062745,-0.00025879880579652746,0.10570704948050645,2.1831968181239536,2.589182845994913,2.948622096266598,9.469511492549848e-05,0.00019746580197973877
70002,S0,67,1.34,0,VALID_NUMERICAL_BOX,1,1,0.03270703895735247,2.091077800301223,0.017322662898606633,0.10886523942430586,0.0,0.0,-0.0880207108690898,1.975608856608957,-2.6238605740698944,-2.7983209787709997,-0.00022552177682243056,-0.00025879880679678625,0.1574907064015622,2.242169260052528,2.62682414601509,2.990818967606943,9.864443196531878e-05,0.00019746580297999757
70002,S0,68,1.36,0,OUT_OF_DOMAIN,,,0.0330534922153246,2.093255105089709,0.017313185388631625,0.10923980349819011,0.0,0.0,,,,,,,,,,,,
70002,S1,0,0.0,1,VALID_NUMERICAL_BOX,1,1,0.009068263248188525,1.996524258682165,0.017942035931228284,0.01568595809067479,0.0,0.0,0.004003781741381444,1.9898790740112795,-0.1,-0.1,-0.0023810428373220063,-0.001919338841491692,0.02,2.02,0.1,0.1,0.005,0.01
70002,S1,1,0.02,0,VALID_NUMERICAL_BOX,1,1,0.00942710396681309,1.9968379778439784,0.017933220305572168,0.017638646380468994,0.0,0.0,0.0020037817403594435,1.9878790740082575,-0.13858876675293835,-0.13975042812119523,-0.00241942961515704,-0.001919338842501692,0.022000000001021997,2.022000000003022,0.13806979264620622,0.1436719511013557,0.00255298257923505,0.002551245650616967
70002,S1,2,0.04,0,VALID_NUMERICAL_BOX,1,1,0.009785768372924534,1.9971907507715878,0.017924388034478593,0.019589758367338034,0.0,0.0,-0.0007679935957240849,1.9850840654428086,-0.17669263021683843,-0.17949941739010553,-0.001363206364977556,-0.0019193388435042433,0.02476139585497088,2.024873439028074,0.17614719112185595,0.1873435098158349,0.0026040074932499936,0.0025512456516195185
70002,S1,3,0.06,0,VALID_NUMERICAL_BOX,1,1,0.010144256133614105,1.9975825459389345,0.017915539163788696,0.02153850738660874,0.0,0.0,-0.004301846201089137,1.9814940770919778,-0.21480660176122898,-0.21924960973047591,-0.0014015931428502959,-0.0019193388445067946,0.028284339678436285,2.0286203092274193,0.21401528547986734,0.23101389152654672,0.0015741374429308207,0.00255124565262207
70002,S1,4,0.08,0,VALID_NUMERICAL_BOX,1,1,0.01050256691688988,1.9980133160866667,0.01790667374781001,0.023484107405144786,0.0,0.0,-0.008597978237346282,1.977109084894335,-0.25271649118023937,-0.2590013368818557,-0.001439979920742057,-0.001919338845509346,0.03256464538906619,2.0332405870609835,0.2518909838223474,0.2746823120873863,0.0010249142305429147,0.0008202802248606124
70002,S1,5,0.1,0,VALID_NUMERICAL_BOX,1,1,0.010860700391846079,1.9984829982347696,0.017897791849288396,0.025425773343864422,0.0,0.0,-0.013652308061988671,1.971929058153659,-0.2905175446485056,-0.29875576847771096,-0.000674184233549536,-0.0019193388465112652,0.03760246506655074,2.03873423330577,0.28977428487030155,0.3183479881366824,0.0010413198360416053,0.0008202802258625317
70002,S1,6,0.12,0,VALID_NUMERICAL_BOX,1,1,0.011218656228831846,1.998991513701647,0.017888893539376425,0.027362721401136745,0.0,0.0,-0.01946265895600218,1.9659539427810597,-0.3283218453072249,-0.3385136288398707,-0.0007125710114808191,-0.0019193388475131844,0.043397950765000165,2.045101193071549,0.32750583682953033,0.36201013741053195,0.0010577254415599137,0.0008202802268644511
70002,S1,7,0.14,0,VALID_NUMERICAL_BOX,1,1,0.011576434099619375,1.9995387681296697,0.017879978897598195,0.029294169376886735,0.0,0.0,-0.026029095863196627,1.9591836702012098,-0.36612939221469976,-0.3782758002401893,-0.0007509577894321569,-0.0019193388485151037,0.04994806750264072,2.0523413958228116,0.3652449921419047,0.4056679790556949,1.0862108908151966e-06,0.0008202802278663705
70002,S1,8,0.16,0,VALID_NUMERICAL_BOX,1,1,0.01193403367757134,2.0001246515172073,0.017871048011810612,0.03121933699723218,0.0,0.0,-0.03335168370854787,1.9516181541933455,-0.4037275683211445,-0.41804300342736767,-0.0007893445674032483,-0.001919338849517023,0.057252967346536066,2.0604547554069863,0.4029917498914146,0.44932073394192545,1.7491816448931953e-05,0.0008202802288682898
70002,S1,9,0.18,0,VALID_NUMERICAL_BOX,1,1,0.012291454637807552,2.000749038257152,0.017862100978161113,0.03313744623947139,0.0,0.0,-0.04142623507603608,1.9432572941217285,-0.44132899497774025,-0.45781607632516746,-0.0008277313453944165,-0.00026542512492870943,0.06531280234542967,2.0694411700888944,0.44074610907392014,0.49296762497361346,3.3897422027125477e-05,0.0008202802298702092
70002,S1,10,0.2,1,VALID_NUMERICAL_BOX,1,1,0.012648696657370773,2.0014117871819415,0.017853137901041878,0.03504772165723385,0.0,0.0,0.0008727365557770587,1.9921718677213271,-0.47893367196582787,-0.497595793975078,-0.0008330398488938237,-0.00026542512592952973,0.040872736555777056,2.032171867721327,0.47850806859772105,0.5366078774006124,5.03030276253627e-05,0.0008202802308710295
70002,S1,11,0.22,0,VALID_NUMERICAL_BOX,1,1,0.01300575941539161,2.002112741615086,0.017844158893040498,0.036949390705602686,0.0,0.0,-0.008705936884589942,1.9822199518387826,-0.5165415990287502,-0.5373829231953657,-0.0008383483524132526,-0.00026542512693035003,0.05044289792878192,2.0429040252723825,0.5162710737231876,0.5802407191281292,6.670863324362163e-05,0.0008202802318718498
70002,S1,12,0.24,0,VALID_NUMERICAL_BOX,1,1,0.01336264259325242,2.002851729429198,0.017835164074887163,0.03884168406601248,0.0,0.0,-0.019036768866225715,1.971472293371821,-0.5541527758720468,-0.5771782331218899,-0.0008436568559527032,-0.00026542512793117034,0.060768319404306444,2.0545088396579994,0.5540351237268404,0.6238653810255517,8.311423888190227e-05,0.0008202802328726701
70002,S1,13,0.26,0,VALID_NUMERICAL_BOX,1,1,0.013719345874750164,2.003628563110518,0.017826153575398348,0.0407238359707227,0.0,0.0,-0.030119824384738498,1.9599287287063163,-0.5917672021636743,-0.6169824896186772,-0.0008489653595121755,-0.00026542512893199064,0.0718490218799151,2.066986147281577,0.5918002178757115,0.6674810972340908,9.951984454020464e-05,0.0008202802338734904
70002,S1,14,0.28,0,VALID_NUMERICAL_BOX,1,1,0.014075868946258131,2.0044430398299324,0.017817127531417034,0.042595084526663614,0.0,0.0,-0.04195516842909567,1.9475890789108623,-0.6293848775342513,-0.6567964549715883,-0.0008542738630916695,-0.00026542512993281094,0.08368502623851301,2.080335769229339,0.629566355427674,0.7110871054731138,0.00011592545021852872,0.0008202802348743107
70002,S1,15,0.3,0,VALID_NUMERICAL_BOX,1,1,0.014432211496886472,2.0052949415204657,0.01780808608774949,0.04445467203844917,0.0,0.0,-0.05454286598087697,1.934453149808336,-0.6670058015773287,-0.6966208875834158,-0.0008595823666911853,-0.00026542513093363125,0.09627635334816277,2.094557511341896,0.6673335356317786,0.7546826473450463,0.0001323310559168745,0.000820280235875131
70002,S1,16,0.32,0,VALID_NUMERICAL_BOX,1,1,0.014788373218641461,2.0061840349612345,0.017799029397098622,0.0463018453303487,0.0,0.0,-0.06788298201353317,1.9205207320535578,-0.7046299738496844,-0.7364565416705352,-0.0008648908703107228,-0.00026542513193445155,0.10962302406190796,2.1096511642919062,0.7051017577285963,0.7982669686387209,0.00014873666163524202,0.0008202802368759513
70002,S1,17,0.34,0,VALID_NUMERICAL_BOX,1,1,0.015144353806583433,2.0071100718678414,0.017789957619993937,0.048135856067008764,0.0,0.0,-0.08197558149165059,1.9057916012170213,-0.7422573938716434,-0.776304166961231,-0.000870199373950282,-0.00026542513293527185,0.12372505921760361,2.125616503667806,0.742871020950569,0.8418393196310526,0.00016514226737363125,0.0008202802378767716
70002,S1,18,0.36,0,VALID_NUMERICAL_BOX,1,1,0.015500152958983313,2.0080727889891814,0.017780870924718133,0.04995596107271369,0.0,0.0,-0.09682072937022204,1.8902655178746544,-0.7798880611274214,-0.8161645083958169,-0.0008755078776098629,-0.00026542513393609216,0.13858247963775358,2.1424532900635693,0.7806413245223651,0.8853989553869167,0.0001815478731320422,0.0008202802388775919
70002,S1,19,0.38,0,VALID_NUMERICAL_BOX,1,1,0.015855770377477676,2.0090719082106356,0.01777176948723035,0.05176142264897498,0.0,0.0,-0.11241849059392467,1.8739422277035778,-0.8175219750654931,-0.8560383058286725,-0.0008808163812894656,-0.00026542513493691246,0.15419530612935506,2.1601612691744676,0.8184126676612422,0.9289451360571137,0.00019795347891047487,0.0008202802398784122
70002,S1,20,0.4,1,VALID_NUMERICAL_BOX,1,1,0.01621120576722228,2.010107136663615,0.017762653491086137,0.05355150889023835,0.0,0.0,0.005097199964669962,1.9958082746516532,-0.8551591350989848,-0.8959262937323128,-0.0008861248849890899,-0.00026542513593773276,0.04509719996466996,2.0358082746516533,0.8561850495774159,0.9724771271742992,0.00021435908470892923,0.0008202802408792325
70002,S1,21,0.42,0,VALID_NUMERICAL_BOX,1,1,0.016566458837044003,2.01117816684142,0.017753523127354127,0.05532549399749827,0.0,0.0,-0.012005982738371954,1.9778897487739517,-0.8927995406060903,-0.9358292009036119,-0.000891433388708736,-0.00026542513693855307,0.0622209009572805,2.0552578171981946,0.8939584694744344,1.0159941999467608,0.0002307646905274053,0.0008202802418800528
70002,S1,22,0.44,0,VALID_NUMERICAL_BOX,1,1,0.016921529299591086,2.01228467672137,0.017744378594529507,0.05708265858961105,0.0,0.0,-0.029861973551573863,1.959173164752804,-0.9304431909305111,-0.9757477501722955,-0.0008967418924484038,-0.00026542513793937337,0.08010007034784929,2.0755777012002055,0.9317329265495586,1.0594956315499249,0.0002471702963659031,0.0008202802428808731
70002,S1,23,0.46,0,VALID_NUMERICAL_BOX,1,1,0.017276416871481674,2.013426329893162,0.01773522009844429,0.058822290012099154,0.0,0.0,-0.04847083737128281,1.9396582097462611,-0.9680900853819184,-1.0156826581118212,-0.0009020503962080933,-0.0002654251389401937,0.0987347288799392,2.0967676138343005,0.9695084199941485,1.1029807054154774,0.00026357590222442266,0.0002664867983219448
70002,S1,24,0.48,0,VALID_NUMERICAL_BOX,1,1,0.01763112127345056,2.014602775693404,0.017726047852174437,0.06054368264324121,0.0,0.0,-0.0678326390800393,1.919344556580906,-1.0057402232364405,-1.0556346347527608,-0.0009073588999878046,-0.00026542513994046017,0.11812489728094029,2.118827227945729,1.007284948994054,1.146448711517981,0.0002689056391917689,0.0002664867993222113
70002,S1,25,0.5,0,VALID_NUMERICAL_BOX,1,1,0.01798564223049405,2.015813649346269,0.01771686207594389,0.06224613819724499,0.0,0.0,-0.08794744354590638,1.8982318638827091,-1.0433914113766147,-1.095604383298799,-0.0009126674037875265,-0.0002587987647857167,0.13827059626195967,2.1417562021792307,1.0450625127300126,1.1898989466588756,0.00027423537617912583,0.0002664868003224778
70002,S1,26,0.52,0,VALID_NUMERICAL_BOX,1,1,0.018339979472012928,2.017058572110214,0.01770766299702555,0.06392896602430351,0.0,0.0,-0.10881527177459784,1.8763197762135677,-1.081043649422122,-1.135592599845465,-0.000654688745947235,-0.0002587987657859832,0.1591718465177191,2.165554181115574,1.0828411103780495,1.2333307147477497,0.00027956511318649323,0.0002664868013227443
70002,S1,27,0.54,0,VALID_NUMERICAL_BOX,1,1,0.018694132731953438,2.0183371514307,0.01769845084963925,0.06559148340733749,0.0,0.0,-0.1304361447642211,1.8536079242134682,-1.1186969369835782,-1.1755999321296822,-0.0006598647222636145,-0.0002587987667862497,0.18082866872646092,2.1902207954137194,1.1205686358961846,1.276743327080766,0.00028489485021360796,0.0002664868023230108
70002,S1,28,0.56,0,VALID_NUMERICAL_BOX,1,1,0.019048101748946222,2.0196489810988467,0.017689225874846757,0.0672330158552317,0.0,0.0,-0.1528100835050959,1.830095925567659,-1.15635127366277,-1.2156271018805902,-0.0006650406986000045,-0.0002587987677865162,0.20324004144558785,2.2157556619585503,1.1582971726640217,1.3201361026161338,0.0002902245872607332,0.0002664868033232773
70002,S1,29,0.58,0,VALID_NUMERICAL_BOX,1,1,0.019401886266443156,2.0209936414159513,0.017679988320443926,0.06885289739237568,0.0,0.0,-0.1759371089795777,1.8057833835268051,-1.1940066590528977,-1.2556747822105419,-0.0006702166749564052,-0.0002587987687867827,0.2264059849000947,2.2421583840141155,1.1960267200285677,1.3635083682465174,0.00029555432432786893,0.00026648680432354377
70002,S1,30,0.6,1,VALID_NUMERICAL_BOX,1,1,0.019755486032852033,2.022370699363799,0.017670738440849945,0.07045047084432504,0.0,0.0,0.014904688099459714,1.9876687311613135,-1.2316630927388237,-1.295743638028195,-0.0006753926513328162,-0.0002587987697870492,0.05490468809945971,2.0276687311613135,1.2337572773318763,1.40685945906827,5.926111794304998e-05,0.00026648680532381027
70002,S1,31,0.62,0,VALID_NUMERICAL_BOX,1,1,0.020108900801669032,2.0237797087806855,0.017661476496993848,0.07202508811940311,0.0,0.0,-0.00972857375639634,1.961753858397694,-1.269272776614629,-1.3358343257725591,-0.0006805686277292377,-0.00025879877078731567,0.07957983364717681,2.0558059203457346,1.2714888439113967,1.450188718647385,6.459085505020675e-05,0.00026648680632407676
70002,S1,32,0.64,0,VALID_NUMERICAL_BOX,1,1,0.02046213033160891,2.0252202105430737,0.017652202756198266,0.07357611048606784,0.0,0.0,-0.03511402928979393,1.935037171879158,-1.3068835133634447,-1.3759474931504314,-0.0006857446041456698,-0.00025879877178758216,0.10500961052650976,2.084809694721767,1.3092214191003277,1.4934954992820624,6.992059217737403e-05,0.00026648680732434325
70002,S1,33,0.66,0,VALID_NUMERICAL_BOX,1,1,0.020815174386732874,2.026691732752795,0.017642917492060525,0.07510290884587399,0.0,0.0,-0.06125169955819401,1.9075182220130347,-1.3444953027010016,-1.4160837788773244,-0.0006909205805821124,-0.00025879877278784866,0.1311940389096475,2.114679604710523,1.3469550022279766,1.5367791622617801,7.525032932455181e-05,0.00026648680832460974
70002,S1,34,0.68,0,VALID_NUMERICAL_BOX,1,1,0.021168032736574083,2.0281937909297123,0.017633620984331147,0.07660486400186642,0.0,0.0,-0.08814160561337217,1.8791965464323428,-1.382108144333514,-1.4562438124219903,-0.0006960965570385654,-0.00025879877378811515,0.15813313895536518,2.1454151879589043,1.3846895926201213,1.5800390781227698,8.05800664917401e-05,0.00026648680932487624
70002,S1,35,0.7000000000000001,0,VALID_NUMERICAL_BOX,1,1,0.021520705156260707,2.0297258882097498,0.017624313518789785,0.07808136692224474,0.0,0.0,-0.11578376850122828,1.850071670180726,-1.4197220379578965,-1.4964282137546445,-0.000701272533515029,-0.00025879877478838164,0.18582693080895343,2.1770159695245366,1.4224251895993774,1.6232746268997942,8.590980367893889e-05,0.00026648681032514273
70002,S1,36,0.72,0,VALID_NUMERICAL_BOX,1,1,0.021873191426636504,2.0312875155481946,0.017614995387118706,0.07953181899914624,0.0,0.0,-0.1441782092616005,1.8201431059024238,-1.4573369832619887,-1.5366375930989873,-0.0007064485100115031,-0.00025879877578864814,0.21427543460215526,2.209481462065742,1.460161792485569,1.666485198374125,9.123954088614819e-05,0.0002664868113254092
70002,S1,37,0.74,0,VALID_NUMERICAL_BOX,1,1,0.02222549133437888,2.032878151928178,0.01760566688677386,0.0809556323023986,0.0,0.0,-0.17332494892808376,1.7894103540372013,-1.4949529799247847,-1.5768725506881245,-0.0007116244865279877,-0.00025879877678891463,0.2434786704531101,2.2428111660364674,1.4978994005961022,1.7096701923176207,9.6569278113368e-05,0.0002664868123256757
70002,S1,38,0.76,0,VALID_NUMERICAL_BOX,1,1,0.022577604672114355,2.0344972645742256,0.017596328320853605,0.08235222982810157,0.0,0.0,-0.20322400852785288,1.7578729030201619,-1.532570027616669,-1.6171336765244848,-7.541844857748316e-05,-0.0002587987777891811,0.2734366584663056,2.277004569886097,1.535638013246343,1.752829018732813,0.00010189901536059833,0.0002664868133259422
70002,S1,39,0.78,0,VALID_NUMERICAL_BOX,1,1,0.022929531238531427,2.036144309170788,0.017586979997965158,0.08372104574190013,0.0,0.0,-0.2338754090814904,1.7255302294863601,-1.5701881259996593,-1.6574215004004147,-8.0594425133374e-05,-0.0002587987787894476,0.3041494187325366,2.312061150264065,1.5732508784833892,1.7959610980888947,0.00010722875262722439,0.0002664868143262087
70002,S1,40,0.8,1,VALID_NUMERICAL_BOX,1,1,0.02328127083849073,2.037818730085626,0.017577622232088856,0.08506152561682032,0.0,0.0,-0.013903014472737969,2.0307338581413066,-1.6078072747276542,-1.6977366402778586,-8.577040170927552e-05,-0.0002587987797897141,0.026096985527262032,2.0707338581413066,1.610864764406464,1.8390658615535258,0.00011255848991386112,0.0002664868153264752
70002,S1,41,0.8200000000000001,0,VALID_NUMERICAL_BOX,1,1,0.023632823283132508,2.0395199605979624,0.01756825534244028,0.08637312666554302,0.0,0.0,-0.04605915996834937,1.996779125332642,-1.645427473446687,-1.7380796540687422,-9.094637830518769e-05,-0.0002587987807899806,0.05831428081644962,2.107515175375485,1.6484796706849463,1.882142751220359,0.00011788822722050852,0.0002664868163267417
70002,S1,42,0.84,0,VALID_NUMERICAL_BOX,1,1,0.023984188389981315,2.0412474231312734,0.017558879653330323,0.08765531796699784,0.0,0.0,-0.07896770943837439,1.9620175322481217,-1.6830487217951844,-1.77845108853584,-9.612235492111053e-05,-0.0002587987817902471,0.09128387423123983,2.1451580304030373,1.6860955969805658,1.9251912203321944,0.00012321796454716657,0.0002664868173270082
70002,S1,43,0.86,0,VALID_NUMERICAL_BOX,1,1,0.024335365983047922,2.0430005294906133,0.017549495494023293,0.08890758068716542,0.0,0.0,-0.11262868387540308,1.9264485104742213,-1.7206710194042323,-1.8188514790740804,-0.000101298331557044,-0.0002587987827905136,0.12500578617197616,2.183661854812865,1.723712542947655,1.9682107334996752,0.00012854770189383528,0.0002664868183272747
70002,S1,44,0.88,0,VALID_NUMERICAL_BOX,1,1,0.024686355892928388,2.0447786811043565,0.01754010319859308,0.09012940829398182,0.0,0.0,-0.14704210426464723,1.8900714808895167,-1.7582943658978443,-1.8592813494963965,-0.00010647430821298816,-0.0002587987837907801,0.15948003703208877,2.2230260694860813,1.7613305082334056,2.0112007669154366,0.00013387743926051465,0.00026648681932754117
70002,S1,45,0.9,0,VALID_NUMERICAL_BOX,1,1,0.02503715795690025,2.046581269270236,0.017530703105777527,0.091320306766246,0.0,0.0,-0.18220799158379883,1.8528858538963255,-1.7959187608932377,-1.8997412118242105,-0.00011165028488894297,-0.00025879878479104657,0.19470664719795158,2.263250084827653,1.7989494924781317,2.05416080856362,0.00013920717664720467,0.00026648682032780766
70002,S1,46,0.92,0,VALID_NUMERICAL_BOX,1,1,0.025387772019015802,2.048407675405561,0.01752129555883101,0.09247979479643587,0.0,0.0,-0.21812636680289427,1.814891029656537,-1.833544204001113,-1.940231566082634,-0.00011682626158490843,-0.00025879878579131307,0.2306856370487449,2.30433330100223,1.836569495315536,2.0970903584246763,0.0001445369140539054,0.00026648682132807415
70002,S1,47,0.9400000000000001,0,VALID_NUMERICAL_BOX,1,1,0.025738197930192424,2.0502572713014895,0.017511880905375362,0.09360740398734547,0.0,0.0,-0.254797250884184,1.7760863983315383,-1.8711706948259381,-1.9807529001004662,-0.00012200223830088457,-0.00025879878679157956,0.2674170269563231,2.3462751081740696,1.8741905163729817,2.1399889286753626,0.00014986665148061673,0.00026648682232834064
70002,S1,48,0.96,0,VALID_NUMERICAL_BOX,1,1,0.02608843554829993,2.0521294193812363,0.0175024594972492,0.09470267904246171,0.0,0.0,-0.29222066478200764,1.7364713403261398,-1.908798232966239,-2.0213056893150725,-0.00012717821503687137,-0.00025879878779184605,0.3049008372850876,2.389074886750966,1.9118125552717689,2.1828560438838682,0.00015519638892733874,0.00026648682332860714
70002,S1,49,0.98,0,VALID_NUMERICAL_BOX,1,1,0.026438484738244915,2.0540234729620854,0.017493031690355713,0.09576517795000408,0.0,0.0,-0.33039662944267556,1.6960452265364057,-1.9464268180148914,-2.061890396582216,-0.00013235419179286883,-0.00025879878879211254,0.34313708839186613,2.432732007632076,1.9494356116274152,2.2256912411999803,0.00016052612639407143,0.00026648682432887363
70002,S1,50,1.0,1,VALID_NUMERICAL_BOX,1,1,0.02678834537205203,2.0559387765210855,0.01748359784450901,0.09679447216055782,0.0,0.0,-0.003594919066495516,2.018908661032096,-1.9840564495594206,-2.102507471990925,-0.00013753016856887692,-0.00025879878979237904,0.03640508093350449,2.058908661032096,1.9870596850499411,2.268494070540216,0.00016585586388081475,0.0002664868253291401
70002,S1,51,1.02,0,VALID_NUMERICAL_BOX,1,1,0.02713801732894221,2.0578746659642966,0.017474158323279126,0.09779014675823576,0.0,0.0,-0.04327604805876007,1.9768585115891733,-2.021687127182302,-2.1431573526834664,-0.0001427061453648957,-0.00025879879079264553,0.07614627463557946,2.1042785424460044,2.024684775144159,2.311264094767852,0.00017118560138756875,0.00019746578697585684
70002,S1,52,1.04,0,VALID_NUMERICAL_BOX,1,1,0.027487500495407793,2.0598304688994613,0.017464713493835687,0.09875180062531033,0.0,0.0,-0.08370979060352274,1.9339953645323533,-2.0593188504612683,-2.183840462680495,-0.00014788212218092372,-0.0002587987917929043,0.11663997013957927,2.150503824344512,2.0623108815099642,2.3540008898677742,0.000175134918127261,0.00019746578797611564
70002,S1,53,1.06,0,VALID_NUMERICAL_BOX,1,1,0.027836794765284507,2.0618055049119675,0.017455263726790436,0.09967904660026257,0.0,0.0,-0.12489616761390598,1.8903185552755457,-2.096951346760024,-2.2245572126635915,-0.0001530580990169609,-0.0002587987927931631,0.15788618777093644,2.1975838421450646,2.099938003742636,2.3967040451160737,0.0001790842348869624,0.00019746578897637443
70002,S1,54,1.08,0,VALID_NUMERICAL_BOX,1,1,0.028185900039820317,2.0637990858439728,0.017445809396038573,0.10057151162920026,0.0,0.0,-0.16683519455030635,1.8458274110190283,-2.13458461574172,-2.2653079999041945,-0.0001582340758730072,-0.0002587987937934219,0.19988494784698901,2.2455179230506315,2.1375661414331337,2.4393731632443356,0.00018303355166667294,0.00019746578997663323
70002,S1,55,1.1,0,VALID_NUMERICAL_BOX,1,1,0.028534816227741087,2.065810516076557,0.01743635087859909,0.10142883691060323,0.0,0.0,-0.2095268868663834,1.80052125101765,-2.1722186570672912,-2.3060932080593455,-0.00016341005274906261,-0.0002587987947936807,0.24263627067689433,2.2943053863188125,2.175195294168403,2.4820078605985385,0.00018698286846639258,0.00019746579097689202
70002,S1,56,1.12,0,VALID_NUMERICAL_BOX,1,1,0.02888354324531307,2.067839092814769,0.0174268885544541,0.10225067803335877,0.0,0.0,-0.2529712600090154,1.7543993868531191,-2.2098534703957013,-2.346913207018233,-0.00016858602964512715,-0.0002587987957939395,0.28614017656154855,2.343945543534127,2.2128254615316814,2.5246077672925122,0.00019093218528612135,0.00019746579197715082
70002,S1,57,1.1400000000000001,0,VALID_NUMERICAL_BOX,1,1,0.02923208101640215,2.069884106375436,0.017417422806387303,0.10303670510805545,0.0,0.0,-0.29716832941825977,1.7074611227093601,-2.247489055384188,-2.3877683527542435,-0.00017376200656120082,-0.0002587987967941983,0.33039668579351256,2.394437698883372,2.250456643102809,2.5671725273558863,0.00019488150212585925,0.00019746579297740961
70002,S1,58,1.16,0,VALID_NUMERICAL_BOX,1,1,0.029580429472529896,2.071944840477597,0.01740795401982163,0.1037866028915085,0.0,0.0,-0.34211811052731894,1.6597057556508297,-2.2851254116885134,-2.4286589871825774,-0.00017893798349728364,-0.0002587987977944571,0.37540581865694417,2.445781149433935,2.2880888384585414,2.609701798876474,0.0001988308189856063,0.0001974657939776684
70002,S1,59,1.18,0,VALID_NUMERICAL_BOX,1,1,0.02992858855292633,2.074020572535427,0.017398482582656163,0.10450007090449558,0.0,0.0,-0.38782061876251034,1.6111325759036803,-2.3227625389632087,-2.4695854380234894,-0.00018411396045337554,-0.0002587987987947159,0.4211675954275361,2.4979751854149628,2.3257220471728646,2.6521952541370335,0.00020278013586536242,0.0001974657949779272
70002,S1,60,1.2,1,VALID_NUMERICAL_BOX,1,1,0.030276558204579453,2.076110573953517,0.01738900888510238,0.10517682354268565,0.0,0.0,0.02306054970952082,2.0655147790104644,-2.3604004368618288,-2.510548018671205,-0.00018928993742947658,-0.0002587987997949747,0.06306054970952082,2.1055147790104645,2.3633562688173138,2.694652579746348,0.0002067294527651277,0.000197465795978186
70002,S1,61,1.22,0,VALID_NUMERICAL_BOX,1,1,0.0306243383822815,2.078214110424371,0.01737953331951986,0.10581659018074932,0.0,0.0,-0.02414745902882608,2.015303818633881,-2.3980391050372014,-2.5515470280685686,-0.00019446591442558677,-0.0002587988007952335,0.11032767508697744,2.1594078306085507,2.400991502961293,2.73707347676458,0.0002106787696849021,0.0001974657969784448
70002,S1,62,1.24,0,VALID_NUMERICAL_BOX,1,1,0.030971929048671895,2.080330442227986,0.01737005628025146,0.10641911526964334,0.0,0.0,-0.07210824113072846,1.9642728780692955,-2.4356785431416843,-2.5925827505874732,-0.00019964189144170606,-0.0002587988017954923,0.15834750514736165,2.2141493001470565,2.438627749172398,2.7794576608228434,0.00021462808662468563,0.0001974657979787036
70002,S1,63,1.26,0,VALID_NUMERICAL_BOX,1,1,0.031319330174276926,2.082458824533379,0.017360578163458096,0.10698415842706642,0.0,0.0,-0.12082181199476927,1.9124212230542763,-2.473318750827416,-2.6336554559151133,-0.00020481786847783448,-0.00025879880279575107,0.20712006013201673,2.269738453366783,2.476265007016741,2.821804862236946,0.00021857740358447827,0.00019746579897896238
70002,S1,64,1.28,0,VALID_NUMERICAL_BOX,1,1,0.031666541737546086,2.0845985077019202,0.017351099366953174,0.10751149452108795,0.0,0.0,-0.17028818701257423,1.8597481139326477,-2.5109597277465747,-2.6747653989461178,-0.00020999384553397203,-0.00025879880379600987,0.2566453602736082,2.3261745506148483,2.513903276059276,2.86411482611526,0.00022252672056428005,0.00019746579997922118
70002,S1,65,1.3,0,VALID_NUMERICAL_BOX,1,1,0.03201356372488515,2.086748737592342,0.01734162029003675,0.10800091374695607,0.0,0.0,-0.22050738156881264,1.8062528059503418,-2.5486014735516314,-2.7159128196805953,-0.00021516982261011872,-0.00025879880479626866,0.3069234257961006,2.383456847140537,2.5515425558641254,2.906387312460676,0.00022647603756409098,0.00019746580097947997
70002,S1,66,1.32,0,VALID_NUMERICAL_BOX,1,1,0.03236039613068588,2.088908755867281,0.01733214133332951,0.10845222169709497,0.0,0.0,-0.27147941104120327,1.751934549553288,-2.58624398789561,-2.7570979431281404,-0.0002203457997062745,-0.00025879880579652746,0.3579542769147411,2.441584593393192,2.589182845994913,2.948622096266598,9.469511492549848e-05,0.00019746580197973877
70002,S1,67,1.34,0,VALID_NUMERICAL_BOX,1,1,0.03270703895735247,2.091077800301223,0.017322662898606633,0.10886523942430586,0.0,0.0,-0.3232042908005252,1.6967925906872248,-2.6238605740698944,-2.7983209787709997,-0.00022552177682243056,-0.00025879880679678625,0.4097379338360491,2.500557035322025,2.62682414601509,2.990818967606943,9.864443196531878e-05,0.00019746580297999757
70002,S1,68,1.36,0,OUT_OF_DOMAIN,,,0.0330534922153246,2.093255105089709,0.017313185388631625,0.10923980349819011,0.0,0.0,,,,,,,,,,,,
70002,S2,0,0.0,1,VALID_NUMERICAL_BOX,1,1,0.009068263248188525,1.996524258682165,0.017942035931228284,0.01568595809067479,0.0,0.0,0.004003781741381444,1.9898790740112795,-0.1,-0.1,-0.0023810428373220063,-0.001919338841491692,0.02,2.02,0.1,0.1,0.005,0.01
70002,S2,1,0.02,0,VALID_NUMERICAL_BOX,1,1,0.00942710396681309,1.9968379778439784,0.017933220305572168,0.017638646380468994,0.0,0.0,0.0020037817403594435,1.9878790740082575,-0.13858876675293835,-0.13975042812119523,-0.00241942961515704,-0.001919338842501692,0.022000000001021997,2.022000000003022,0.13806979264620622,0.1436719511013557,0.00255298257923505,0.002551245650616967
70002,S2,2,0.04,0,VALID_NUMERICAL_BOX,1,1,0.009785768372924534,1.9971907507715878,0.017924388034478593,0.019589758367338034,0.0,0.0,-0.0007679935957240849,1.9850840654428086,-0.17669263021683843,-0.17949941739010553,-0.001363206364977556,-0.0019193388435042433,0.02476139585497088,2.024873439028074,0.17614719112185595,0.1873435098158349,0.0026040074932499936,0.0025512456516195185
70002,S2,3,0.06,0,VALID_NUMERICAL_BOX,1,1,0.010144256133614105,1.9975825459389345,0.017915539163788696,0.02153850738660874,0.0,0.0,-0.004301846201089137,1.9814940770919778,-0.21480660176122898,-0.21924960973047591,-0.0014015931428502959,-0.0019193388445067946,0.028284339678436285,2.0286203092274193,0.21401528547986734,0.23101389152654672,0.0015741374429308207,0.00255124565262207
70002,S2,4,0.08,0,VALID_NUMERICAL_BOX,1,1,0.01050256691688988,1.9980133160866667,0.01790667374781001,0.023484107405144786,0.0,0.0,-0.008597978237346282,1.977109084894335,-0.25271649118023937,-0.2590013368818557,-0.001439979920742057,-0.001919338845509346,0.03256464538906619,2.0332405870609835,0.2518909838223474,0.2746823120873863,0.0010249142305429147,0.0008202802248606124
70002,S2,5,0.1,0,VALID_NUMERICAL_BOX,1,1,0.010860700391846079,1.9984829982347696,0.017897791849288396,0.025425773343864422,0.0,0.0,-0.013652308061988671,1.971929058153659,-0.2905175446485056,-0.29875576847771096,-0.000674184233549536,-0.0019193388465112652,0.03760246506655074,2.03873423330577,0.28977428487030155,0.3183479881366824,0.0010413198360416053,0.0008202802258625317
70002,S2,6,0.12,0,VALID_NUMERICAL_BOX,1,1,0.011218656228831846,1.998991513701647,0.017888893539376425,0.027362721401136745,0.0,0.0,-0.01946265895600218,1.9659539427810597,-0.3283218453072249,-0.3385136288398707,-0.0007125710114808191,-0.0019193388475131844,0.043397950765000165,2.045101193071549,0.32750583682953033,0.36201013741053195,0.0010577254415599137,0.0008202802268644511
70002,S2,7,0.14,0,VALID_NUMERICAL_BOX,1,1,0.011576434099619375,1.9995387681296697,0.017879978897598195,0.029294169376886735,0.0,0.0,-0.026029095863196627,1.9591836702012098,-0.36612939221469976,-0.3782758002401893,-0.0007509577894321569,-0.0019193388485151037,0.04994806750264072,2.0523413958228116,0.3652449921419047,0.4056679790556949,1.0862108908151966e-06,0.0008202802278663705
70002,S2,8,0.16,0,VALID_NUMERICAL_BOX,1,1,0.01193403367757134,2.0001246515172073,0.017871048011810612,0.03121933699723218,0.0,0.0,-0.03335168370854787,1.9516181541933455,-0.4037275683211445,-0.41804300342736767,-0.0007893445674032483,-0.001919338849517023,0.057252967346536066,2.0604547554069863,0.4029917498914146,0.44932073394192545,1.7491816448931953e-05,0.0008202802288682898
70002,S2,9,0.18,0,VALID_NUMERICAL_BOX,1,1,0.012291454637807552,2.000749038257152,0.017862100978161113,0.03313744623947139,0.0,0.0,-0.04142623507603608,1.9432572941217285,-0.44132899497774025,-0.45781607632516746,-0.0008277313453944165,-0.00026542512492870943,0.06531280234542967,2.0694411700888944,0.44074610907392014,0.49296762497361346,3.3897422027125477e-05,0.0008202802298702092
70002,S2,10,0.2,0,VALID_NUMERICAL_BOX,1,1,0.012648696657370773,2.0014117871819415,0.017853137901041878,0.03504772165723385,0.0,0.0,-0.05025281497666501,1.9341009725921459,-0.47893367196582787,-0.497595793975078,-0.0008330398488938237,-0.00026542512592952973,0.0741277245279822,2.079300522591446,0.47850806859772105,0.5366078774006124,5.03030276253627e-05,0.0008202802308710295
70002,S2,11,0.22,0,VALID_NUMERICAL_BOX,1,1,0.01300575941539161,2.002112741615086,0.017844158893040498,0.036949390705602686,0.0,0.0,-0.059831488417065266,1.9241490567095543,-0.5165415990287502,-0.5373829231953657,-0.0008383483524132526,-0.00026542512693035003,0.08369788590102033,2.0900326801425484,0.5162710737231876,0.5802407191281292,6.670863324362163e-05,0.0008202802318718498
70002,S2,12,0.24,0,VALID_NUMERICAL_BOX,1,1,0.01336264259325242,2.002851729429198,0.017835164074887163,0.03884168406601248,0.0,0.0,-0.0701623203987343,1.9134013982425453,-0.5541527758720468,-0.5771782331218899,-0.0008436568559527032,-0.00026542512793117034,0.0940233073765781,2.1016374945282124,0.5540351237268404,0.6238653810255517,8.311423888190227e-05,0.0008202802328726701
70002,S2,13,0.26,0,VALID_NUMERICAL_BOX,1,1,0.013719345874750164,2.003628563110518,0.017826153575398348,0.0407238359707227,0.0,0.0,-0.08124537591728033,1.9018578335769933,-0.5917672021636743,-0.6169824896186772,-0.0008489653595121755,-0.00026542512893199064,0.10510400985222002,2.1141148021518372,0.5918002178757115,0.6674810972340908,9.951984454020464e-05,0.0008202802338734904
70002,S2,14,0.28,0,VALID_NUMERICAL_BOX,1,1,0.014075868946258131,2.0044430398299324,0.017817127531417034,0.042595084526663614,0.0,0.0,-0.09308071996167075,1.8895181837814923,-0.6293848775342513,-0.6567964549715883,-0.0008542738630916695,-0.00026542512993281094,0.11694001421085118,2.1274644240996463,0.629566355427674,0.7110871054731138,0.00011592545021852872,0.0008202802348743107
70002,S2,15,0.3,1,VALID_NUMERICAL_BOX,1,1,0.014432211496886472,2.0052949415204657,0.01780808608774949,0.04445467203844917,0.0,0.0,-0.008127539365449063,1.9681975701316001,-0.6670058015773287,-0.6966208875834158,-0.0008595823666911853,-0.00026542513093363125,0.03187246063455094,2.0081975701316,0.6673335356317786,0.7546826473450463,0.0001323310559168745,0.000820280235875131
70002,S2,16,0.32,0,VALID_NUMERICAL_BOX,1,1,0.014788373218641461,2.0061840349612345,0.017799029397098622,0.0463018453303487,0.0,0.0,-0.021467655398040856,1.9542651523769083,-0.7046299738496844,-0.7364565416705352,-0.0008648908703107228,-0.00026542513193445155,0.04521913134823173,2.0232912230815243,0.7051017577285963,0.7982669686387209,0.00014873666163524202,0.0008202802368759513
70002,S2,17,0.34,0,VALID_NUMERICAL_BOX,1,1,0.015144353806583433,2.0071100718678414,0.017789957619993937,0.048135856067008764,0.0,0.0,-0.035560254876093864,1.9395360215404582,-0.7422573938716434,-0.776304166961231,-0.000870199373950282,-0.00026542513293527185,0.059321166503862974,2.039256562457338,0.742871020950569,0.8418393196310526,0.00016514226737363125,0.0008202802378767716
70002,S2,18,0.36,0,VALID_NUMERICAL_BOX,1,1,0.015500152958983313,2.0080727889891814,0.017780870924718133,0.04995596107271369,0.0,0.0,-0.050405402754600905,1.9240099381981777,-0.7798880611274214,-0.8161645083958169,-0.0008755078776098629,-0.00026542513393609216,0.07417858692394853,2.056093348853015,0.7806413245223651,0.8853989553869167,0.0001815478731320422,0.0008202802388775919
70002,S2,19,0.38,0,VALID_NUMERICAL_BOX,1,1,0.015855770377477676,2.0090719082106356,0.01777176948723035,0.05176142264897498,0.0,0.0,-0.06600316397823913,1.9076866480271877,-0.8175219750654931,-0.8560383058286725,-0.0008808163812894656,-0.00026542513493691246,0.08979141341548563,2.073801327963827,0.8184126676612422,0.9289451360571137,0.00019795347891047487,0.0008202802398784122
70002,S2,20,0.4,0,VALID_NUMERICAL_BOX,1,1,0.01621120576722228,2.010107136663615,0.017762653491086137,0.05355150889023835,0.0,0.0,-0.08235360348065515,1.8905658819075217,-0.8551591350989848,-0.8959262937323128,-0.0008861248849890899,-0.00026542513593773276,0.10615966676981663,2.092380230688062,0.8561850495774159,0.9724771271742992,0.00021435908470892923,0.0008202802408792325
70002,S2,21,0.42,0,VALID_NUMERICAL_BOX,1,1,0.016566458837044003,2.01117816684142,0.017753523127354127,0.05532549399749827,0.0,0.0,-0.09945678618375813,1.8726473560297638,-0.8927995406060903,-0.9358292009036119,-0.000891433388708736,-0.00026542513693855307,0.12328336776248823,2.1118297732346596,0.8939584694744344,1.0159941999467608,0.0002307646905274053,0.0008202802418800528
70002,S2,22,0.44,0,VALID_NUMERICAL_BOX,1,1,0.016921529299591086,2.01228467672137,0.017744378594529507,0.05708265858961105,0.0,0.0,-0.11731277699702108,1.8539307720085594,-0.9304431909305111,-0.9757477501722955,-0.0008967418924484038,-0.00026542513793937337,0.14116253715311808,2.132149657236727,0.9317329265495586,1.0594956315499249,0.0002471702963659031,0.0008202802428808731
70002,S2,23,0.46,0,VALID_NUMERICAL_BOX,1,1,0.017276416871481674,2.013426329893162,0.01773522009844429,0.058822290012099154,0.0,0.0,-0.1359216408167911,1.8344158170019602,-0.9680900853819184,-1.0156826581118212,-0.0009020503962080933,-0.0002654251389401937,0.15979719568526904,2.153339569870879,0.9695084199941485,1.1029807054154774,0.00026357590222442266,0.0002664867983219448
70002,S2,24,0.48,0,VALID_NUMERICAL_BOX,1,1,0.01763112127345056,2.014602775693404,0.017726047852174437,0.06054368264324121,0.0,0.0,-0.15528344252560866,1.8141021638365484,-1.0057402232364405,-1.0556346347527608,-0.0009073588999878046,-0.00026542513994046017,0.1791873640863312,2.1753991839823636,1.007284948994054,1.146448711517981,0.0002689056391917689,0.0002664867993222113
70002,S2,25,0.5,0,VALID_NUMERICAL_BOX,1,1,0.01798564223049405,2.015813649346269,0.01771686207594389,0.06224613819724499,0.0,0.0,-0.1753982469915368,1.792989471138295,-1.0433914113766147,-1.095604383298799,-0.0009126674037875265,-0.0002587987647857167,0.19933306306741164,2.1983281582159218,1.0450625127300126,1.1898989466588756,0.00027423537617912583,0.0002664868003224778
70002,S2,26,0.52,0,VALID_NUMERICAL_BOX,1,1,0.018339979472012928,2.017058572110214,0.01770766299702555,0.06392896602430351,0.0,0.0,-0.19626607522028935,1.771077383469097,-1.081043649422122,-1.135592599845465,-0.000654688745947235,-0.0002587987657859832,0.22023431332323212,2.2221261371523218,1.0828411103780495,1.2333307147477497,0.00027956511318649323,0.0002664868013227443
70002,S2,27,0.54,0,VALID_NUMERICAL_BOX,1,1,0.018694132731953438,2.0183371514307,0.01769845084963925,0.06559148340733749,0.0,0.0,-0.2178869482099737,1.7483655314689408,-1.1186969369835782,-1.1755999321296822,-0.0006598647222636145,-0.0002587987667862497,0.241891135532035,2.2467927514505237,1.1205686358961846,1.276743327080766,0.00028489485021360796,0.0002664868023230108
70002,S2,28,0.56,0,VALID_NUMERICAL_BOX,1,1,0.019048101748946222,2.0196489810988467,0.017689225874846757,0.0672330158552317,0.0,0.0,-0.24026088695090955,1.724853532823075,-1.15635127366277,-1.2156271018805902,-0.0006650406986000045,-0.0002587987677865162,0.26430250825122303,2.2723276179954115,1.1582971726640217,1.3201361026161338,0.0002902245872607332,0.0002664868033232773
70002,S2,29,0.58,0,VALID_NUMERICAL_BOX,1,1,0.019401886266443156,2.0209936414159513,0.017679988320443926,0.06885289739237568,0.0,0.0,-0.2633879124254524,1.7005409907821645,-1.1940066590528977,-1.2556747822105419,-0.0006702166749564052,-0.0002587987687867827,0.28746845170579094,2.298730340051033,1.1960267200285677,1.3635083682465174,0.00029555432432786893,0.00026648680432354377
70002,S2,30,0.6,1,VALID_NUMERICAL_BOX,1,1,0.019755486032852033,2.022370699363799,0.017670738440849945,0.07045047084432504,0.0,0.0,0.014904688099459714,1.9876687311613135,-1.2316630927388237,-1.295743638028195,-0.0006753926513328162,-0.0002587987697870492,0.05490468809945971,2.0276687311613135,1.2337572773318763,1.40685945906827,5.926111794304998e-05,0.00026648680532381027
70002,S2,31,0.62,0,VALID_NUMERICAL_BOX,1,1,0.020108900801669032,2.0237797087806855,0.017661476496993848,0.07202508811940311,0.0,0.0,-0.00972857375639634,1.961753858397694,-1.269272776614629,-1.3358343257725591,-0.0006805686277292377,-0.00025879877078731567,0.07957983364717681,2.0558059203457346,1.2714888439113967,1.450188718647385,6.459085505020675e-05,0.00026648680632407676
70002,S2,32,0.64,0,VALID_NUMERICAL_BOX,1,1,0.02046213033160891,2.0252202105430737,0.017652202756198266,0.07357611048606784,0.0,0.0,-0.03511402928979393,1.935037171879158,-1.3068835133634447,-1.3759474931504314,-0.0006857446041456698,-0.00025879877178758216,0.10500961052650976,2.084809694721767,1.3092214191003277,1.4934954992820624,6.992059217737403e-05,0.00026648680732434325
70002,S2,33,0.66,0,VALID_NUMERICAL_BOX,1,1,0.020815174386732874,2.026691732752795,0.017642917492060525,0.07510290884587399,0.0,0.0,-0.06125169955819401,1.9075182220130347,-1.3444953027010016,-1.4160837788773244,-0.0006909205805821124,-0.00025879877278784866,0.1311940389096475,2.114679604710523,1.3469550022279766,1.5367791622617801,7.525032932455181e-05,0.00026648680832460974
70002,S2,34,0.68,0,VALID_NUMERICAL_BOX,1,1,0.021168032736574083,2.0281937909297123,0.017633620984331147,0.07660486400186642,0.0,0.0,-0.08814160561337217,1.8791965464323428,-1.382108144333514,-1.4562438124219903,-0.0006960965570385654,-0.00025879877378811515,0.15813313895536518,2.1454151879589043,1.3846895926201213,1.5800390781227698,8.05800664917401e-05,0.00026648680932487624
70002,S2,35,0.7000000000000001,0,VALID_NUMERICAL_BOX,1,1,0.021520705156260707,2.0297258882097498,0.017624313518789785,0.07808136692224474,0.0,0.0,-0.11578376850122828,1.850071670180726,-1.4197220379578965,-1.4964282137546445,-0.000701272533515029,-0.00025879877478838164,0.18582693080895343,2.1770159695245366,1.4224251895993774,1.6232746268997942,8.590980367893889e-05,0.00026648681032514273
70002,S2,36,0.72,0,VALID_NUMERICAL_BOX,1,1,0.021873191426636504,2.0312875155481946,0.017614995387118706,0.07953181899914624,0.0,0.0,-0.1441782092616005,1.8201431059024238,-1.4573369832619887,-1.5366375930989873,-0.0007064485100115031,-0.00025879877578864814,0.21427543460215526,2.209481462065742,1.460161792485569,1.666485198374125,9.123954088614819e-05,0.0002664868113254092
70002,S2,37,0.74,0,VALID_NUMERICAL_BOX,1,1,0.02222549133437888,2.032878151928178,0.01760566688677386,0.0809556323023986,0.0,0.0,-0.17332494892808376,1.7894103540372013,-1.4949529799247847,-1.5768725506881245,-0.0007116244865279877,-0.00025879877678891463,0.2434786704531101,2.2428111660364674,1.4978994005961022,1.7096701923176207,9.6569278113368e-05,0.0002664868123256757
70002,S2,38,0.76,0,VALID_NUMERICAL_BOX,1,1,0.022577604672114355,2.0344972645742256,0.017596328320853605,0.08235222982810157,0.0,0.0,-0.20322400852785288,1.7578729030201619,-1.532570027616669,-1.6171336765244848,-7.541844857748316e-05,-0.0002587987777891811,0.2734366584663056,2.277004569886097,1.535638013246343,1.752829018732813,0.00010189901536059833,0.0002664868133259422
70002,S2,39,0.78,0,VALID_NUMERICAL_BOX,1,1,0.022929531238531427,2.036144309170788,0.017586979997965158,0.08372104574190013,0.0,0.0,-0.2338754090814904,1.7255302294863601,-1.5701881259996593,-1.6574215004004147,-8.0594425133374e-05,-0.0002587987787894476,0.3041494187325366,2.312061150264065,1.5732508784833892,1.7959610980888947,0.00010722875262722439,0.0002664868143262087
70002,S2,40,0.8,0,VALID_NUMERICAL_BOX,1,1,0.02328127083849073,2.037818730085626,0.017577622232088856,0.08506152561682032,0.0,0.0,-0.2652791716028192,1.692381799475004,-1.6078072747276542,-1.6977366402778586,-8.577040170927552e-05,-0.0002587987797897141,0.33561443630354,2.347980372229191,1.610864764406464,1.8390658615535258,0.00011255848991386112,0.0002664868153264752
70002,S2,41,0.8200000000000001,0,VALID_NUMERICAL_BOX,1,1,0.023632823283132508,2.0395199605979624,0.01756825534244028,0.08637312666554302,0.0,0.0,-0.29743531709874016,1.6584270666660619,-1.645427473446687,-1.7380796540687422,-9.094637830518769e-05,-0.0002587987807899806,0.3678317315930371,2.3847616894636467,1.6484796706849463,1.882142751220359,0.00011788822722050852,0.0002664868163267417
70002,S2,42,0.84,0,VALID_NUMERICAL_BOX,1,1,0.023984188389981315,2.0412474231312734,0.017558879653330323,0.08765531796699784,0.0,0.0,-0.3303438665690747,1.6236654735812646,-1.6830487217951844,-1.77845108853584,-9.612235492111053e-05,-0.0002587987817902471,0.40080132500813687,2.4224045444914766,1.6860955969805658,1.9251912203321944,0.00012321796454716657,0.0002664868173270082
70002,S2,43,0.86,0,VALID_NUMERICAL_BOX,1,1,0.024335365983047922,2.0430005294906133,0.017549495494023293,0.08890758068716542,0.0,0.0,-0.36400484100641295,1.5880964518070868,-1.7206710194042323,-1.8188514790740804,-0.000101298331557044,-0.0002587987827905136,0.4345232369491827,2.460908368901581,1.723712542947655,1.9682107334996752,0.00012854770189383528,0.0002664868183272747
70002,S2,44,0.88,0,VALID_NUMERICAL_BOX,1,1,0.024686355892928388,2.0447786811043565,0.01754010319859308,0.09012940829398182,0.0,0.0,-0.3984182613959666,1.551719422222105,-1.7582943658978443,-1.8592813494963965,-0.00010647430821298816,-0.0002587987837907801,0.4689974878096048,2.5002725835750748,1.7613305082334056,2.0112007669154366,0.00013387743926051465,0.00026648681932754117
70002,S2,45,0.9,1,VALID_NUMERICAL_BOX,1,1,0.02503715795690025,2.046581269270236,0.017530703105777527,0.091320306766246,0.0,0.0,4.565242396365951e-05,2.0359422697254694,-1.7959187608932377,-1.8997412118242105,-0.00011165028488894297,-0.00025879878479104657,0.04004565242396366,2.0759422697254695,1.7989494924781317,2.05416080856362,0.00013920717664720467,0.00026648682032780766
70002,S2,46,0.92,0,VALID_NUMERICAL_BOX,1,1,0.025387772019015802,2.048407675405561,0.01752129555883101,0.09247979479643587,0.0,0.0,-0.035872722794977115,1.9979474454858681,-1.833544204001113,-1.940231566082634,-0.00011682626158490843,-0.00025879878579131307,0.07602464227460232,2.117025485899859,1.836569495315536,2.0970903584246763,0.0001445369140539054,0.00026648682132807415
70002,S2,47,0.9400000000000001,0,VALID_NUMERICAL_BOX,1,1,0.025738197930192424,2.0502572713014895,0.017511880905375362,0.09360740398734547,0.0,0.0,-0.07254360687611214,1.9591428141610565,-1.8711706948259381,-1.9807529001004662,-0.00012200223830088457,-0.00025879878679157956,0.1127560321820258,2.158967293071511,1.8741905163729817,2.1399889286753626,0.00014986665148061673,0.00026648682232834064
70002,S2,48,0.96,0,VALID_NUMERICAL_BOX,1,1,0.02608843554829993,2.0521294193812363,0.0175024594972492,0.09470267904246171,0.0,0.0,-0.10996702077378115,1.9195277561558455,-1.908798232966239,-2.0213056893150725,-0.00012717821503687137,-0.00025879878779184605,0.15023984251063568,2.20176707164822,1.9118125552717689,2.1828560438838682,0.00015519638892733874,0.00026648682332860714
70002,S2,49,0.98,0,VALID_NUMERICAL_BOX,1,1,0.026438484738244915,2.0540234729620854,0.017493031690355713,0.09576517795000408,0.0,0.0,-0.1481429854342944,1.8791016423662987,-1.9464268180148914,-2.061890396582216,-0.00013235419179286883,-0.00025879878879211254,0.18847609361725953,2.2454241925291427,1.9494356116274152,2.2256912411999803,0.00016052612639407143,0.00026648682432887363
70002,S2,50,1.0,0,VALID_NUMERICAL_BOX,1,1,0.02678834537205203,2.0559387765210855,0.01748359784450901,0.09679447216055782,0.0,0.0,-0.1870715217958197,1.8378638344313645,-1.9840564495594206,-2.102507471990925,-0.00013753016856887692,-0.00025879878979237904,0.2274648058510353,2.289938017356432,1.9870596850499411,2.268494070540216,0.00016585586388081475,0.0002664868253291401
70002,S2,51,1.02,0,VALID_NUMERICAL_BOX,1,1,0.02713801732894221,2.0578746659642966,0.017474158323279126,0.09779014675823576,0.0,0.0,-0.22675265078827533,1.7958136849882107,-2.021687127182302,-2.1431573526834664,-0.0001427061453648957,-0.00025879879079264553,0.2672059995533013,2.3353078987705715,2.024684775144159,2.311264094767852,0.00017118560138756875,0.00019746578697585684
70002,S2,52,1.04,0,VALID_NUMERICAL_BOX,1,1,0.027487500495407793,2.0598304688994613,0.017464713493835687,0.09875180062531033,0.0,0.0,-0.2671863933332291,1.7529505379311598,-2.0593188504612683,-2.183840462680495,-0.00014788212218092372,-0.0002587987917929043,0.3076996950574922,2.3815331806693103,2.0623108815099642,2.3540008898677742,0.000175134918127261,0.00019746578797611564
70002,S2,53,1.06,0,VALID_NUMERICAL_BOX,1,1,0.027836794765284507,2.0618055049119675,0.017455263726790436,0.09967904660026257,0.0,0.0,-0.3083727703438034,1.7092737286741213,-2.096951346760024,-2.2245572126635915,-0.0001530580990169609,-0.0002587987927931631,0.3489459126890404,2.4286131984700945,2.099938003742636,2.3967040451160737,0.0001790842348869624,0.00019746578897637443
70002,S2,54,1.08,0,VALID_NUMERICAL_BOX,1,1,0.028185900039820317,2.0637990858439728,0.017445809396038573,0.10057151162920026,0.0,0.0,-0.3503117972803948,1.664782584417373,-2.13458461574172,-2.2653079999041945,-0.0001582340758730072,-0.0002587987937934219,0.39094467276528405,2.4765472793758923,2.1375661414331337,2.4393731632443356,0.00018303355166667294,0.00019746578997663323
70002,S2,55,1.1,0,VALID_NUMERICAL_BOX,1,1,0.028534816227741087,2.065810516076557,0.01743635087859909,0.10142883691060323,0.0,0.0,-0.39300348959666287,1.6194764244157636,-2.1722186570672912,-2.3060932080593455,-0.00016341005274906261,-0.0002587987947936807,0.4336959955953804,2.5253347426443042,2.175195294168403,2.4820078605985385,0.00018698286846639258,0.00019746579097689202
70002,S2,56,1.12,0,VALID_NUMERICAL_BOX,1,1,0.02888354324531307,2.067839092814769,0.0174268885544541,0.10225067803335877,0.0,0.0,-0.4364478627394859,1.5733545602510017,-2.2098534703957013,-2.346913207018233,-0.00016858602964512715,-0.0002587987957939395,0.4771999014802257,2.57497489985985,2.2128254615316814,2.5246077672925122,0.00019093218528612135,0.00019746579197715082
70002,S2,57,1.1400000000000001,0,VALID_NUMERICAL_BOX,1,1,0.02923208101640215,2.069884106375436,0.017417422806387303,0.10303670510805545,0.0,0.0,-0.48064493214892134,1.5264162961070116,-2.247489055384188,-2.3877683527542435,-0.00017376200656120082,-0.0002587987967941983,0.5214564107123808,2.6254670552093256,2.250456643102809,2.5671725273558863,0.00019488150212585925,0.00019746579297740961
70002,S2,58,1.16,0,VALID_NUMERICAL_BOX,1,1,0.029580429472529896,2.071944840477597,0.01740795401982163,0.1037866028915085,0.0,0.0,-0.5255947132581715,1.4786609290482498,-2.2851254116885134,-2.4286589871825774,-0.00017893798349728364,-0.0002587987977944571,0.5664655435760034,2.6768105057601197,2.2880888384585414,2.609701798876474,0.0001988308189856063,0.0001974657939776684
70002,S2,59,1.18,0,VALID_NUMERICAL_BOX,1,1,0.02992858855292633,2.074020572535427,0.017398482582656163,0.10450007090449558,0.0,0.0,-0.5712972214935541,1.4300877493008692,-2.3227625389632087,-2.4695854380234894,-0.00018411396045337554,-0.0002587987987947159,0.6122273203467865,2.729004541741378,2.3257220471728646,2.6521952541370335,0.00020278013586536242,0.0001974657949779272
70002,S2,60,1.2,1,VALID_NUMERICAL_BOX,1,1,0.030276558204579453,2.076110573953517,0.01738900888510238,0.10517682354268565,0.0,0.0,0.02306054970952082,2.0655147790104644,-2.3604004368618288,-2.510548018671205,-0.00018928993742947658,-0.0002587987997949747,0.06306054970952082,2.1055147790104645,2.3633562688173138,2.694652579746348,0.0002067294527651277,0.000197465795978186
70002,S2,61,1.22,0,VALID_NUMERICAL_BOX,1,1,0.0306243383822815,2.078214110424371,0.01737953331951986,0.10581659018074932,0.0,0.0,-0.02414745902882608,2.015303818633881,-2.3980391050372014,-2.5515470280685686,-0.00019446591442558677,-0.0002587988007952335,0.11032767508697744,2.1594078306085507,2.400991502961293,2.73707347676458,0.0002106787696849021,0.0001974657969784448
70002,S2,62,1.24,0,VALID_NUMERICAL_BOX,1,1,0.030971929048671895,2.080330442227986,0.01737005628025146,0.10641911526964334,0.0,0.0,-0.07210824113072846,1.9642728780692955,-2.4356785431416843,-2.5925827505874732,-0.00019964189144170606,-0.0002587988017954923,0.15834750514736165,2.2141493001470565,2.438627749172398,2.7794576608228434,0.00021462808662468563,0.0001974657979787036
70002,S2,63,1.26,0,VALID_NUMERICAL_BOX,1,1,0.031319330174276926,2.082458824533379,0.017360578163458096,0.10698415842706642,0.0,0.0,-0.12082181199476927,1.9124212230542763,-2.473318750827416,-2.6336554559151133,-0.00020481786847783448,-0.00025879880279575107,0.20712006013201673,2.269738453366783,2.476265007016741,2.821804862236946,0.00021857740358447827,0.00019746579897896238
70002,S2,64,1.28,0,VALID_NUMERICAL_BOX,1,1,0.031666541737546086,2.0845985077019202,0.017351099366953174,0.10751149452108795,0.0,0.0,-0.17028818701257423,1.8597481139326477,-2.5109597277465747,-2.6747653989461178,-0.00020999384553397203,-0.00025879880379600987,0.2566453602736082,2.3261745506148483,2.513903276059276,2.86411482611526,0.00022252672056428005,0.00019746579997922118
70002,S2,65,1.3,0,VALID_NUMERICAL_BOX,1,1,0.03201356372488515,2.086748737592342,0.01734162029003675,0.10800091374695607,0.0,0.0,-0.22050738156881264,1.8062528059503418,-2.5486014735516314,-2.7159128196805953,-0.00021516982261011872,-0.00025879880479626866,0.3069234257961006,2.383456847140537,2.5515425558641254,2.906387312460676,0.00022647603756409098,0.00019746580097947997
70002,S2,66,1.32,0,VALID_NUMERICAL_BOX,1,1,0.03236039613068588,2.088908755867281,0.01733214133332951,0.10845222169709497,0.0,0.0,-0.27147941104120327,1.751934549553288,-2.58624398789561,-2.7570979431281404,-0.0002203457997062745,-0.00025879880579652746,0.3579542769147411,2.441584593393192,2.589182845994913,2.948622096266598,9.469511492549848e-05,0.00019746580197973877
70002,S2,67,1.34,0,VALID_NUMERICAL_BOX,1,1,0.03270703895735247,2.091077800301223,0.017322662898606633,0.10886523942430586,0.0,0.0,-0.3232042908005252,1.6967925906872248,-2.6238605740698944,-2.7983209787709997,-0.00022552177682243056,-0.00025879880679678625,0.4097379338360491,2.500557035322025,2.62682414601509,2.990818967606943,9.864443196531878e-05,0.00019746580297999757
70002,S2,68,1.36,0,OUT_OF_DOMAIN,,,0.0330534922153246,2.093255105089709,0.017313185388631625,0.10923980349819011,0.0,0.0,,,,,,,,,,,,
70003,S0,0,0.0,1,VALID_NUMERICAL_BOX,1,1,-0.010806092857536687,2.0005344499812034,-0.012569737944228221,0.004793925399608351,0.0,0.0,-0.01794574656914269,1.98,-0.1,-0.1,-0.0001736373979629004,-0.01,0.02,2.014280309726121,0.1,0.1,0.005,0.0030676836578110867
70003,S0,1,0.02,0,VALID_NUMERICAL_BOX,1,1,-0.011057487616421252,2.0006303284891955,-0.012563656410742856,0.006753111417517131,0.0,0.0,-0.01994574657016469,1.9779999999969837,-0.13858876675293835,-0.13975042812119523,-0.00037363739896796176,-0.01000000000101,0.022000000001021997,2.016280309729137,0.13763236921519043,0.1436719511013557,0.005061353674161283,0.0024403847163648983
70003,S0,2,0.04,0,VALID_NUMERICAL_BOX,1,1,-0.011308760744636109,2.0007653907175458,-0.012557563062421201,0.00871072799279667,0.0,0.0,-0.02271752190624821,1.9752049914315406,-0.17718968933284726,-0.17950130978687226,-0.0005736373999932719,-0.010000000002019999,0.02475264738635056,2.0191537487541837,0.17530437068245835,0.1873435098158349,0.0005831396617834248,0.002440384717374898
70003,S0,3,0.06,0,VALID_NUMERICAL_BOX,1,1,-0.011559912005884533,2.000939605277402,-0.012551457931135795,0.010665990287509327,0.0,0.0,-0.02626131569393341,1.9716149652327803,-0.21490320541416702,-0.21925086397145754,-0.0007736374010344455,-0.010000000003029998,0.028258734801027984,2.0229006189535235,0.21301600379180496,0.23101389152654672,0.0006319473571316965,0.002440384718384898
70003,S0,4,0.08,0,VALID_NUMERICAL_BOX,1,1,-0.011810941164507248,2.001152925083152,-0.012545341054678435,0.012618114074298824,0.0,0.0,-0.03055937980324927,1.9672299479503237,-0.2526263920083224,-0.2590024049139796,-0.0009736374020960191,-0.010000000004039998,0.03251905487789661,2.027520896787082,0.25076726746124034,0.2746823120873863,0.000268932802392049,0.0024403847193948977
70003,S0,5,0.1,1,VALID_NUMERICAL_BOX,1,1,-0.012061847985600817,2.001405287364638,-0.012539212476740927,0.014566316055198633,0.0,0.0,-0.03561190764445325,1.9620498998490112,-0.2902776434635601,-0.2987567249905573,-0.0011736374031779927,-0.010000000005049997,0.002839779053710089,2.0016646493118317,0.28855816013746655,0.3183479881366824,0.00031774049778112063,0.0024403847204048975
70003,S0,6,0.12,0,VALID_NUMERICAL_BOX,1,1,-0.012312632235135635,2.001696613685742,-0.012533072246893394,0.016509814181397714,0.0,0.0,-0.04141746051476587,1.956074765346192,-0.32793856532208193,-0.3385146143897116,-0.0013736374042803664,-0.010000000006059996,0.008610942257500837,2.008031609077573,0.3263886797968723,0.36201013741053195,0.00036654819319059223,0.0024403847214148973
70003,S0,7,0.14,0,VALID_NUMERICAL_BOX,1,1,-0.012563293680073502,2.00202680996937,-0.012526920420560098,0.018447827973805748,0.0,0.0,-0.04797623182225549,1.9493044730553826,-0.365609156953254,-0.3782768618883725,-0.00157363740540314,-0.007159474903790644,0.015138715854486258,2.015271811828799,0.36425882394684117,0.4056679790556949,0.00041535588862046384,0.002440384722424897
70003,S0,8,0.16,0,VALID_NUMERICAL_BOX,1,1,-0.012813832088484705,2.002395766528846,-0.012520757058992813,0.0203795788442525,0.0,0.0,-0.055288414962375854,1.9417389358145918,-0.4032894176128002,-0.4180442545393628,-0.0017168269044806697,-0.007159474904797803,0.02242389233447837,2.0233851714129365,0.402168589627372,0.44932073394192545,0.0004641635840706786,0.0024403847234320568
70003,S0,9,0.18,0,VALID_NUMERICAL_BOX,1,1,-0.013064247229664561,2.002803358105731,-0.012514582229241736,0.022304290417150922,0.0,0.0,-0.06335420331569522,1.933378050720772,-0.44097934644328307,-0.4578175577147953,-0.0018600164035784859,-0.0040000116696741125,0.03046726412808916,2.0323715860948073,0.4401067171711192,0.49296762497361346,0.0005129712795411798,0.0024403847244392164
70003,S0,10,0.2,1,VALID_NUMERICAL_BOX,1,1,-0.013314538874249396,2.003249443914074,-0.012508396004123944,0.024221188851446092,0.0,0.0,-0.04582435289107721,1.9719666406681644,-0.4786789424746607,-0.4975975502230352,-0.0019400166379739082,-0.004000011670678112,-0.005824352891077213,2.0119666406681644,0.47807320345078286,0.5366078774006124,0.0005617789750319041,0.0024403847254432162
70003,S0,11,0.22,0,VALID_NUMERICAL_BOX,1,1,-0.013564706794331874,2.0037338676911025,-0.012502198462189407,0.026129503162668065,0.0,0.0,-0.05539793174162582,1.962014689660681,-0.5163882046249184,-0.5373849835330365,-0.0020200168723894904,-0.004000011671682112,0.0037371111789938427,2.0226987982191997,0.5160555257955448,0.5802407191281292,0.0006105866705427885,0.002440384726447216
70003,S0,12,0.24,0,VALID_NUMERICAL_BOX,1,1,-0.013814750763575662,2.004256457754356,-0.012495989687684573,0.028028465544900495,0.0,0.0,-0.06572569583518992,1.951266989986986,-0.554107131700776,-0.5771806280395335,-0.0021000171068252327,-0.004000011672686112,0.014058221695970466,2.0343036126047966,0.5540536814635804,0.6238653810255517,0.0006593943660738328,0.002440384727451216
70003,S0,13,0.26,0,VALID_NUMERICAL_BOX,1,1,-0.014064670557329352,2.004817027065254,-0.012489769770513522,0.029917311692472724,0.0,0.0,-0.07680783847028225,1.9397233774231486,-0.5918357223984694,-0.6169852508649217,-0.0017927243870302211,-0.004000011673690112,0.025139295326318884,2.0467809202283545,0.5920676675352431,0.6674810972340908,0.0007082020616250371,0.0024403847284552157
70003,S0,14,0.28,0,VALID_NUMERICAL_BOX,1,1,-0.014314465952739623,2.0054153732991034,-0.012483538806196707,0.031795281121178735,0.0,0.0,-0.08864455291934027,1.92738367240279,-0.6295739753046061,-0.6567994631562288,-0.000754170011171805,-0.004000011674694112,0.03698064867811239,2.0601305421760965,0.6300207598594231,0.7110871054731138,0.0007570097571960141,0.001513467896518508
70003,S0,15,0.3,1,VALID_NUMERICAL_BOX,1,1,-0.014564136728863558,2.006051278921527,-0.012477296895827305,0.03366161748882297,0.0,0.0,-0.015653506627733082,1.998265279003653,-0.6673218888970943,-0.696623880246065,-0.0008341702456665214,-0.0040000116756981115,0.02434649337226692,2.038265279003653,0.667768110939303,0.7546826473450463,0.0007872791161272184,0.001513467897522508
70003,S0,16,0.32,0,VALID_NUMERICAL_BOX,1,1,-0.014813682666780105,2.0067245112713037,-0.012471044146025172,0.03551556891488969,0.0,0.0,-0.02899994440671267,1.9843328013956785,-0.7050757895779526,-0.7364595300704416,-0.0009141704801813979,-0.004000011676702111,0.03770185559209068,2.0533589319536074,0.7055312995480592,0.7982669686387209,0.0006190955094577798,0.001513467898526508
70003,S0,17,0.34,0,VALID_NUMERICAL_BOX,1,1,-0.01506310354970061,2.0074348226496013,-0.012464780668888446,0.037356388299130655,0.0,0.0,-0.04310146019932353,1.9696036107912003,-0.7427963699943971,-0.7763071640433451,-0.0009941707147164342,-0.004000011677706111,0.051812481584103676,2.0693242713294513,0.7433103232039664,0.8418393196310526,0.0006493648684293042,0.0015134678995305081
70003,S0,18,0.36,0,VALID_NUMERICAL_BOX,1,1,-0.015312399163078378,2.008181950415584,-0.012458506581942797,0.039183333638862804,0.0,0.0,-0.05795738760027815,1.9540774675072472,-0.7805229373747272,-0.816167528365387,-0.0010741709492716306,-0.004000011678710111,0.06667868804924967,2.086161057725158,0.7811051792500244,0.8853989553869167,0.0006796342274209885,0.0015134679005345082
70003,S0,19,0.38,0,VALID_NUMERICAL_BOX,1,1,-0.015561569294717234,2.008965617088361,-0.012452222008088345,0.04099566834476768,0.0,0.0,-0.07356784634885499,1.9377541169368355,-0.8182554904462381,-0.856041364150842,-0.0011541711838469872,-0.0035502999653549043,0.08230079163533247,2.103869036836,0.8189158648558097,0.9289451360571137,0.0007099035864328329,0.0015134679015385082
70003,S0,20,0.4,1,VALID_NUMERICAL_BOX,1,1,-0.015810613734879003,2.0097855304552565,-0.012445927075544283,0.042792661554982625,0.0,0.0,-0.04992728459026785,1.9786948710435945,-0.8559940278728564,-0.8959294071316916,-0.0001452494862876916,-0.0035502999663584544,-0.009927284590267853,2.0186948710435946,0.8567423770194453,0.9724771271742992,0.0007401729454648282,0.0015134679025420586
70003,S0,21,0.42,0,VALID_NUMERICAL_BOX,1,1,-0.016059532276389888,2.010641383686356,-0.012439621917791214,0.04457358844727369,0.0,0.0,-0.06704716514879203,1.9607762828979225,-0.8937385482560078,-0.9358322908033772,-0.00021625548661563114,-0.0035502999673620046,0.0072075629511880995,2.0381444135901186,0.8943690983341122,1.0159941999467608,0.0007704423045164397,0.0015134679035456089
70003,S0,22,0.44,0,VALID_NUMERICAL_BOX,1,1,-0.016308324714745713,2.0115328554553016,-0.012433306673511235,0.0463377305490808,0.0,0.0,-0.08492193611499711,1.9420596370787966,-0.9314890501355303,-0.9757508201667776,-0.00028726148696367194,-0.0035502999683655547,0.025094944918955264,2.058464297592112,0.9320098759598415,1.0594956315499249,0.0008007116635881526,0.0015134679045491592
70003,S0,23,0.46,0,VALID_NUMERICAL_BOX,1,1,-0.01655699084821594,2.012459610066283,-0.012426981486525783,0.048084376045226335,0.0,0.0,-0.10355171711881127,1.9225446206723813,-0.9692455319906274,-1.0156857119706544,-0.000358267487331814,-0.003061673404297016,0.04373514243925565,2.0796542102261903,0.9696647074693454,1.1029807054154774,0.0008309810226799667,0.0015134679055527095
70003,S0,24,0.48,0,VALID_NUMERICAL_BOX,1,1,-0.016805530477946456,2.0134212975871875,-0.0124206465057313,0.049812820083079704,0.0,0.0,-0.12293662775974676,1.9022309064298664,-1.0070079922408641,-1.0556376764207982,-0.00041950095641861553,-0.003061673405300078,0.0631284365897655,2.1017138243376015,1.0073335902849672,1.146448711517981,0.0008612503817918822,0.001513467906555771
70003,S0,25,0.5,1,VALID_NUMERICAL_BOX,1,1,-0.017053943408061083,2.014417553988849,-0.012414301885032702,0.051522365074972425,0.0,0.0,-0.05195773650948915,1.9908140190162391,-1.0447764292472037,-1.095607416896025,-0.0004807344255255086,-0.0030616734063031396,-0.011957736509489145,2.030814019016239,1.0450145873032142,1.1898989466588756,0.0008915197409238892,0.0015134679075588327
70003,S0,26,0.52,0,VALID_NUMERICAL_BOX,1,1,-0.01730222944576174,2.0154480012903484,-0.012407947783274741,0.053212320997660545,0.0,0.0,-0.07285326509550608,1.968901870675264,-1.0825508413130849,-1.1355956296669034,-0.0005419678946524932,-0.002912660038239725,0.008942555237647993,2.0546119979524713,1.0827076960127895,1.2333307147477497,0.0009217891000759877,0.0015134679085618942
70003,S0,27,0.54,0,VALID_NUMERICAL_BOX,1,1,-0.017550388401427235,2.0165122477103017,-0.012401584364171225,0.05488200568863388,0.0,0.0,-0.09450428192286227,1.9461899580788464,-1.1203312266855388,-1.175603003617324,-0.0006002210964182398,-0.0029126600392426374,0.030596709158998286,2.079278612250506,1.1204129137784817,1.276743327080766,0.0009520584592481776,0.0015134679095648068
70003,S0,28,0.56,0,VALID_NUMERICAL_BOX,1,1,-0.01779842008871066,2.0176098878240745,-0.012395211796232196,0.05653074513907519,0.0,0.0,-0.11691090645768995,1.9226778980033952,-1.1581175835563466,-1.2156302199690243,-0.0006077251027822635,-0.00291266004024555,0.053004967435684835,2.1048134787952257,1.1581296480995211,1.3201361026161338,0.0009823278184404559,0.0015134679105677194
70003,S0,29,0.58,0,VALID_NUMERICAL_BOX,1,1,-0.018046324324635304,2.018740502726856,-0.012388830252689068,0.058157873783275214,0.0,0.0,-0.14007325812995694,1.8983652936008835,-1.1959099100632342,-1.255677952009179,-0.0006659783045881872,-0.0029126600412484626,0.07616756039881534,2.13121620085068,1.1958478548699178,1.3635083682465174,0.0010125971776528229,0.001513467911570632
70003,S0,30,0.6,1,VALID_NUMERICAL_BOX,1,1,-0.018294100929689087,2.0199036602025213,-0.01238243991141775,0.05976273478431456,0.0,0.0,-0.024595315495353147,2.0098372598371146,-1.2337082042911054,-1.295746864821163,-0.0007242315064141993,-0.0029126600422513752,0.015404684504646854,2.0498372598371146,1.2335775736493895,1.40685945906827,0.0010428665368852784,0.000219443859909638
70003,S0,31,0.62,0,VALID_NUMERICAL_BOX,1,1,-0.01854174972791744,2.0210989148982077,-0.012376040954859838,0.061344680315826926,0.0,0.0,-0.049269479582224524,1.9839223225376132,-1.2715124642733122,-1.335837615018596,-0.0007824847082602741,-0.002912660043254288,0.04007623597868391,2.077974449021558,1.271318801495082,1.450188718647385,0.0010472554150845184,0.00021944386091255066
70003,S0,32,0.64,0,VALID_NUMERICAL_BOX,1,1,-0.01878927054701464,2.022325808504524,-0.012369633569941862,0.06290307183966287,0.0,0.0,-0.07469972886876547,1.9572055702341342,-1.309317568918741,-1.375950845055553,-0.0008407379101264114,-0.0029126600442572004,0.06550261200966025,2.1069782233976126,1.309071535356218,1.4934954992820624,0.0010516442933038211,0.0002194438619154633
70003,S0,33,0.66,0,VALID_NUMERICAL_BOX,1,1,-0.019036663218413477,2.0235838699413176,-0.012363217947992673,0.06443728037927846,0.0,0.0,-0.10088608024824118,1.9296865533298864,-1.3471235173583813,-1.4160871936458068,-0.0008989911120126115,-0.002912660045260113,0.09168404271788548,2.136848133386391,1.3468357720763477,1.5367791622617801,0.0010560331715431864,0.00021944386291837596
70003,S0,34,0.68,0,VALID_NUMERICAL_BOX,1,1,-0.01928392757737333,2.024872615548903,-0.012356794284658992,0.06594668678867835,0.0,0.0,-0.12782855059653664,1.9013648094538025,-1.3849303087245772,-1.4562472902563701,-0.0009572443139188742,-0.0016461372980134635,0.11862075816054027,2.167583716634794,1.3846115083956747,1.5800390781227698,0.0010604220498026142,0.0002194438639212886
70003,S0,35,0.7000000000000001,1,VALID_NUMERICAL_BOX,1,1,-0.01953106346306651,2.0261915492846767,-0.012350362779819164,0.06743068201674796,0.0,0.0,-0.03642977616712771,2.006233844616376,-1.4227379421514577,-1.496431754855721,-0.0009901670608802083,-0.0016461372990151095,0.003570223832872286,2.046233844616376,1.4223987409534513,1.6232746268997942,0.001064810928082105,0.00021944386492293475
70003,S0,36,0.72,0,VALID_NUMERICAL_BOX,1,1,-0.019778070718662895,2.027540162925012,-0.012343923637495171,0.06888866736681504,0.0,0.0,-0.06488453501122175,1.9763052095161828,-1.460546416775367,-1.536641197665824,-0.0010230898078615797,-0.0016461373000167556,0.032018198653006195,2.0786993371574507,1.460192458446301,1.666485198374125,0.0004309543984724459,0.0002194438659245809
70003,S0,37,0.74,0,VALID_NUMERICAL_BOX,1,1,-0.0200249491914128,2.028917936272348,-0.012337477065762943,0.07032005475128633,0.0,0.0,-0.09409546334782319,1.9455723855597544,-1.4982295665845782,-1.5768762093826565,-0.001056012554862971,-0.0016461373010184016,0.061222047823026315,2.1120290411280456,1.4979926586152865,1.7096701923176207,0.00043534327679199355,0.00021944386692622703
70003,S0,38,0.76,0,VALID_NUMERICAL_BOX,1,1,-0.020271698732728057,2.030324337367374,-0.012331023276661019,0.07172426694121227,0.0,0.0,-0.12406005468063881,1.914034861368955,-1.5359135725735984,-1.617137395378692,-0.001088935301884428,-0.0016461373020200476,0.09118190099645611,2.1462224449775444,1.5357993391529836,1.752829018732813,0.000439732155131607,0.00021944386792787317
70003,S0,39,0.78,0,VALID_NUMERICAL_BOX,1,1,-0.020518319198261276,2.0317588227061982,-0.012324562486097595,0.07310073781063614,0.0,0.0,-0.15477832613326556,1.8816921134582,-1.5735984342578995,-1.6574253353968074,-0.0011218580489259508,-0.0016461373030216937,0.12189788778067057,2.181279025355382,1.5736124977050856,1.7959610980888947,0.00044412103349128636,0.0002194438689295193
70003,S0,40,0.8,1,VALID_NUMERICAL_BOX,1,1,-0.02076481044798323,2.033220837462411,-0.012318094913756029,0.07444891257559291,0.0,0.0,-0.03321608569107619,2.0287946524258076,-1.6112841511500742,-1.6977405984812703,-0.0011547807959875396,-0.0016461373040233397,0.006783914308923812,2.0687946524258076,1.6114321318720422,1.8390658615535258,0.0004485099118710315,0.00021944386993116545
70003,S0,41,0.8200000000000001,0,VALID_NUMERICAL_BOX,1,1,-0.02101117234625835,2.034709815713923,-0.012311620782998826,0.0757682480276273,0.0,0.0,-0.06544176871514311,1.9948398404530767,-1.648970722760126,-1.738083742750213,-0.001187703543069194,-0.0016461373050249857,0.039012556947430096,2.105575969659984,1.64925823921073,1.882142751220359,0.0004528987902708425,0.0002194438709328116
70003,S0,42,0.84,0,VALID_NUMERICAL_BOX,1,1,-0.021257404761918328,2.0362251806744753,-0.012305140320770177,0.0770582127617072,0.0,0.0,-0.09842118317144405,1.960078165594929,-1.6866581485957624,-1.778455315172474,-0.0012206262901709143,-0.0016461373060266318,0.07199772173274313,2.1432188246875343,1.6870908172361583,1.9251912203321944,0.0004572876686907194,0.00021944387193445773
70003,S0,43,0.86,0,VALID_NUMERICAL_BOX,1,1,-0.021503507568333732,2.0377663449297096,-0.01229865375749709,0.07831828739841543,0.0,0.0,-0.13215434614449145,1.9245090592882979,-1.7243464281626895,-1.818855851348902,-0.0012535490372927005,-0.0016461373070282778,0.10573953807859846,2.18172264909736,1.724929863423202,1.9682107334996752,0.0004616765471306621,0.00021944387293610387
70003,S0,44,0.88,0,VALID_NUMERICAL_BOX,1,1,-0.021749480643483674,2.039332710677678,-0.012292161326989166,0.07954796480030801,0.0,0.0,-0.1666412747089119,1.8881319422580989,-1.762035560964912,-1.859285875298205,-0.0006730874823176278,-0.0016461373080299238,0.14023813534822915,2.2210868637705743,1.7627753752083686,2.0112007669154366,0.00046606542559067066,0.00021944387393775001
70003,S0,45,0.9,1,VALID_NUMERICAL_BOX,1,1,-0.021995323870023457,2.040923669973684,-0.012285663266337074,0.08074675028233474,0.0,0.0,-0.060542960449178077,2.0248387982475613,-1.7997255465050332,-1.8997457805836138,-0.0007060102294789324,-0.0016461373090315699,-0.020542960449178072,2.0648387982475613,1.8005062372656317,2.05416080856362,0.0004704543040701317,0.00021944387493939615
70003,S0,46,0.92,0,VALID_NUMERICAL_BOX,1,1,-0.022241037135350198,2.0425386049793306,-0.012279159815809787,0.08191416181622238,0.0,0.0,-0.09653747138037527,1.986843882632783,-1.8374163842845583,-1.940236182131117,-0.0007389329766603026,-0.0002114401644673445,0.015467164297231101,2.1059220144219397,1.8382435783932831,2.0970903584246763,0.0004748431825696585,0.0002194438759410423
70003,S0,47,0.9400000000000001,0,VALID_NUMERICAL_BOX,1,1,-0.022486620331666395,2.044176888215655,-0.012272651218750609,0.08304973022872847,0.0,0.0,-0.13328579906719973,1.9480391589870127,-1.8751080738042005,-1.9807575679763907,-0.0007431617809503927,-0.00021144016546756393,0.05223203586623005,2.147863821593581,1.8759873962229605,2.1399889286753626,0.00047923206108922256,0.00021944387694126173
70003,S0,48,0.96,0,VALID_NUMERICAL_BOX,1,1,-0.022732073356041407,2.0458378828202295,-0.012266137721472073,0.08415299939367923,0.0,0.0,-0.17078796054445453,1.9084240076242944,-1.9128006145641883,-2.02131040947381,-0.0007473905852604913,-0.00021144016646778337,0.08975178379186005,2.190663600170279,1.9137320253941028,2.1828560438838682,0.00048362093962879516,0.00021944387794148117
70003,S0,49,0.98,0,VALID_NUMERICAL_BOX,1,1,-0.02297739611047085,2.047520942808103,-0.012259619573149754,0.08522352641771093,0.0,0.0,-0.2090439728369473,1.867997799431584,-1.950494006064575,-2.061895169476791,-0.0007516193895905986,-0.0002114401674680028,0.12802642430095112,2.2343207210511906,1.9514774652947473,2.2256912411999803,0.0004880098181883764,0.0002194438789417006
70003,S0,50,1.0,1,VALID_NUMERICAL_BOX,1,1,-0.023222588501933844,2.0492254133364574,-0.012253097025715042,0.0862608818196407,0.0,0.0,-0.025711482984135683,2.022939040235512,-1.9881882478055504,-2.1025122980720146,-0.0007558481939407146,-0.00021144016846822225,0.014288517015864317,2.062939040235512,1.9892237153166548,2.268494070540216,0.0004923986967679664,0.00021944387994192005
70003,S0,51,1.02,0,VALID_NUMERICAL_BOX,1,1,-0.023467650442448144,2.0509506309728502,-0.012246570333746947,0.08726464970339823,0.0,0.0,-0.06547524794131218,1.9808887942709632,-2.0258833392877524,-2.1431622323994017,-0.00044282442606299616,-0.0002114401694684417,0.05407299132326289,2.1083089216494244,2.026970774855662,2.311264094767852,0.0004967875753675648,0.0002194438809421395
70003,S0,52,1.04,0,VALID_NUMERICAL_BOX,1,1,-0.023712581849123084,2.052695923966918,-0.012240039754362976,0.08823442792445609,0.0,0.0,-0.10599291472817322,1.9380255496198207,-2.0635792800125827,-2.183845363844197,-0.00044705323045286614,-0.00021144017046866113,0.09461240682148211,2.154534203547936,2.0646560726000387,2.3540008898677742,0.0005011764539869088,0.00021944388194235893
70003,S0,53,1.06,0,VALID_NUMERICAL_BOX,1,1,-0.023957382644210344,2.054460612525407,-0.012233505547109148,0.08916982824970185,0.0,0.0,-0.14726450032957214,1.894348642339735,-2.101276069482521,-2.2245621355683958,-0.0004512820348627449,-0.00021144017146888057,0.13590552827463018,2.2016142213484926,2.1023421893393106,2.3967040451160737,0.0005055653326262615,0.00021944388294257836
70003,S0,54,1.08,0,VALID_NUMERICAL_BOX,1,1,-0.024202052755152526,2.056244009090401,-0.012226967973849203,0.09007047651070095,0.0,0.0,-0.18929002172041184,1.8498573996251175,-2.1389737072014414,-2.2653129448440135,-0.00045551083929263247,-0.0002114401724691,0.1779523720626057,2.2495483022540634,2.140029124609687,2.4393731632443356,0.0005099542112856231,0.0002194438839427978
70003,S0,55,1.1,1,VALID_NUMERICAL_BOX,1,1,-0.02444659211462951,2.058045418620615,-0.012220427298653044,0.09093601275030512,0.0,0.0,-0.03325111455403989,2.030283601912368,-2.176672192674931,-2.306098175328668,-0.0004597396437425288,-0.00021144017346931944,0.006748885445960114,2.070283601912368,2.1777168779485394,2.4820078605985385,0.0005143430899649934,0.00021944388494301724
70003,S0,56,1.12,0,VALID_NUMERICAL_BOX,1,1,-0.02469100066060257,2.059864138875621,-0.01221388378768449,0.09176609136256658,0.0,0.0,-0.0767845584086153,1.9841616384026746,-2.2143715254106056,-2.346918196912124,-0.00046396844821243395,-0.00021144017446953888,0.05030322300600769,2.1199237591274582,2.2154054488947006,2.5246077672925122,0.0005187319686643724,0.00021944388594323668
70003,S0,57,1.1400000000000001,0,VALID_NUMERICAL_BOX,1,1,-0.02493527833635626,2.0616994607028722,-0.012207337709088386,0.09256038122592329,0.0,0.0,-0.12107198891794849,1.9372232744612616,-2.2520717049184302,-2.3877733655683433,-0.0004681972527023479,-0.00021144017546975832,0.09461133198502278,2.1704159144764787,2.2530948369887684,2.5671725273558863,0.0005231208473837602,0.00021944388694345612
70003,S0,58,1.16,0,VALID_NUMERICAL_BOX,1,1,-0.025179425090538027,2.0635506683273905,-0.01220078933287711,0.09331856582962626,0.0,0.0,-0.16611342301748322,1.8894678071466728,-2.289772730711037,-2.4286640232131003,-0.00047242605721227053,-0.00021144017646997776,0.13967322872596427,2.221759365026818,2.290785041773407,2.609701798876474,0.0005275097261231568,0.00021944388794367556
70003,S0,59,1.18,0,VALID_NUMERICAL_BOX,1,1,-0.025423440877195568,2.0654170396439833,-0.012194238930816568,0.09404034339338505,0.0,0.0,-0.21190887763291588,1.8408945266791368,-2.3274746023040445,-2.469590497567225,-0.000476654861742202,-0.0002114401774701972,0.18548892956264434,2.2739534010076214,2.328476062793648,2.6521952541370335,0.0005318986048825623,0.000219443888943895
70003,S0,60,1.2,1,VALID_NUMERICAL_BOX,1,1,-0.0256673256558119,2.067297846511851,-0.012187686776311697,0.09472542698021222,0.0,0.0,-0.03463724653519594,2.0614845734277725,-2.365177319216375,-2.510553102025517,-0.0004808836662921422,-0.00021144017847041664,0.0053627534648040594,2.1014845734277725,2.366167899597194,2.694652579746348,0.0005362874836619764,0.00021944388994411443
70003,S0,61,1.22,0,VALID_NUMERICAL_BOX,1,1,-0.025911079391338132,2.069192355051455,-0.012181133144291548,0.09537354460245318,0.0,0.0,-0.08194079292060538,2.0112735113841067,-2.4028808809705766,-2.551552135531396,-0.00048511247086209123,-0.00021144017947063607,0.05268611145782988,2.1553776250258547,2.4038605517347222,2.73707347676458,0.0005406763624613995,0.00021944389094433387
70003,S0,62,1.24,0,VALID_NUMERICAL_BOX,1,1,-0.026154702054223964,2.071099825943504,-0.012174578311094001,0.09598443932099199,0.0,0.0,-0.1299984105411469,1.9602424686702686,-2.4405852870931377,-2.5925878824573285,-0.000489341275452049,-0.0002114401804708555,0.10076332249365431,2.2101190945643565,2.441554018760185,2.7794576608228434,0.0005450652412808312,0.0002194438919445533
70003,S0,63,1.26,0,VALID_NUMERICAL_BOX,1,1,-0.026398193620445844,2.073019514729924,-0.012168022554350174,0.09655786933762883,0.0,0.0,-0.17881011628418847,1.9083907110178564,-2.4782905371148076,-2.633660612491084,-0.0004935700800620155,-0.00021144018147107495,0.1495944028700368,2.265708247784079,2.479248300231113,2.821804862236946,0.0005494541201202717,0.00021944389294477275
70003,S0,64,1.28,0,VALID_NUMERICAL_BOX,1,1,-0.026641554071532847,2.0749506721166764,-0.012161466152868556,0.09709360808062928,0.0,0.0,-0.228375927027713,1.8557174987647125,-2.5159966305709114,-2.6747705805278663,-0.0004977988846919908,-0.0002114401824712944,0.19917936887588744,2.3221443450321404,2.5169433957089167,2.86411482611526,0.0005538429989797209,0.0002194438939449922
70003,S0,65,1.3,1,VALID_NUMERICAL_BOX,1,1,-0.026884783394590217,2.076892544278289,-0.01215490938651895,0.09759144428344999,0.0,0.0,-0.047642124589566,2.0742020162836403,-2.5537035670016692,-2.7159180265683593,-0.0005020276893419749,-0.00021144018347151383,-0.007642124589566004,2.1142020162836404,2.5546393047591875,2.906387312460676,0.000558231877859179,0.00021944389494521163
70003,S0,66,1.32,0,VALID_NUMERICAL_BOX,1,1,-0.027127881582320598,2.078844373163958,-0.012148352536116262,0.09805118205664996,0.0,0.0,-0.09871619593069811,2.019883655749101,-2.591411345952508,-2.757103175622732,-0.0005062564940119678,-0.00021144018447173327,0.04345066150671646,2.172329762536026,2.5923360269519984,2.948622096266598,0.0005626207567586458,0.00021944389594543106
70003,S0,67,1.34,0,VALID_NUMERICAL_BOX,1,1,-0.027370848633042923,2.0808053968050912,-0.012141795883304178,0.09847264095300036,0.0,0.0,-0.15054442285089883,1.964741592233415,-2.629119966974377,-2.7983262376206395,-0.0005104852987019695,-0.0002114401854719527,0.09529738204690698,2.231302204464589,2.6300335618622013,2.990818967606943,0.0005670096356781214,0.0002194438969456505
70003,S0,68,1.36,0,OUT_OF_DOMAIN,,,-0.027613684550709006,2.082774849624151,-0.012135239710438813,0.09885565602581024,0.0,0.0,,,,,,,,,,,,
70003,S1,0,0.0,1,VALID_NUMERICAL_BOX,1,1,-0.010806092857536687,2.0005344499812034,-0.012569737944228221,0.004793925399608351,0.0,0.0,-0.01794574656914269,1.98,-0.1,-0.1,-0.0001736373979629004,-0.01,0.02,2.014280309726121,0.1,0.1,0.005,0.0030676836578110867
70003,S1,1,0.02,0,VALID_NUMERICAL_BOX,1,1,-0.011057487616421252,2.0006303284891955,-0.012563656410742856,0.006753111417517131,0.0,0.0,-0.01994574657016469,1.9779999999969837,-0.13858876675293835,-0.13975042812119523,-0.00037363739896796176,-0.01000000000101,0.022000000001021997,2.016280309729137,0.13763236921519043,0.1436719511013557,0.005061353674161283,0.0024403847163648983
70003,S1,2,0.04,0,VALID_NUMERICAL_BOX,1,1,-0.011308760744636109,2.0007653907175458,-0.012557563062421201,0.00871072799279667,0.0,0.0,-0.02271752190624821,1.9752049914315406,-0.17718968933284726,-0.17950130978687226,-0.0005736373999932719,-0.010000000002019999,0.02475264738635056,2.0191537487541837,0.17530437068245835,0.1873435098158349,0.0005831396617834248,0.002440384717374898
70003,S1,3,0.06,0,VALID_NUMERICAL_BOX,1,1,-0.011559912005884533,2.000939605277402,-0.012551457931135795,0.010665990287509327,0.0,0.0,-0.02626131569393341,1.9716149652327803,-0.21490320541416702,-0.21925086397145754,-0.0007736374010344455,-0.010000000003029998,0.028258734801027984,2.0229006189535235,0.21301600379180496,0.23101389152654672,0.0006319473571316965,0.002440384718384898
70003,S1,4,0.08,0,VALID_NUMERICAL_BOX,1,1,-0.011810941164507248,2.001152925083152,-0.012545341054678435,0.012618114074298824,0.0,0.0,-0.03055937980324927,1.9672299479503237,-0.2526263920083224,-0.2590024049139796,-0.0009736374020960191,-0.010000000004039998,0.03251905487789661,2.027520896787082,0.25076726746124034,0.2746823120873863,0.000268932802392049,0.0024403847193948977
70003,S1,5,0.1,0,VALID_NUMERICAL_BOX,1,1,-0.012061847985600817,2.001405287364638,-0.012539212476740927,0.014566316055198633,0.0,0.0,-0.03561190764445325,1.9620498998490112,-0.2902776434635601,-0.2987567249905573,-0.0011736374031779927,-0.010000000005049997,0.037534400228158946,2.0330145430318627,0.28855816013746655,0.3183479881366824,0.00031774049778112063,0.0024403847204048975
70003,S1,6,0.12,0,VALID_NUMERICAL_BOX,1,1,-0.012312632235135635,2.001696613685742,-0.012533072246893394,0.016509814181397714,0.0,0.0,-0.04141746051476776,1.9560747653461608,-0.32793856532208193,-0.3385146143897116,-0.0013736374042803664,-0.010000000006059996,0.043305563431951584,2.0393815027976356,0.3263886797968723,0.36201013741053195,0.00036654819319059223,0.0024403847214148973
70003,S1,7,0.14,0,VALID_NUMERICAL_BOX,1,1,-0.012563293680073502,2.00202680996937,-0.012526920420560098,0.018447827973805748,0.0,0.0,-0.047976231822259234,1.94930447305532,-0.365609156953254,-0.3782768618883725,-0.00157363740540314,-0.007159474903790644,0.049833337028938864,2.0466217055488927,0.36425882394684117,0.4056679790556949,0.00041535588862046384,0.002440384722424897
70003,S1,8,0.16,0,VALID_NUMERICAL_BOX,1,1,-0.012813832088484705,2.002395766528846,-0.012520757058992813,0.0203795788442525,0.0,0.0,-0.05528841496238143,1.9417389358144979,-0.4032894176128002,-0.4180442545393628,-0.0017168269044806697,-0.007159474904797803,0.05711851350893281,2.0547350651330616,0.402168589627372,0.44932073394192545,0.0004641635840706786,0.0024403847234320568
70003,S1,9,0.18,0,VALID_NUMERICAL_BOX,1,1,-0.013064247229664561,2.002803358105731,-0.012514582229241736,0.022304290417150922,0.0,0.0,-0.0633542033157026,1.9333780507206468,-0.44097934644328307,-0.4578175577147953,-0.0018600164035784859,-0.0040000116696741125,0.06516188530254541,2.063721479814964,0.4401067171711192,0.49296762497361346,0.0005129712795411798,0.0024403847244392164
70003,S1,10,0.2,1,VALID_NUMERICAL_BOX,1,1,-0.013314538874249396,2.003249443914074,-0.012508396004123944,0.024221188851446092,0.0,0.0,-0.04582435289107721,1.9719666406681644,-0.4786789424746607,-0.4975975502230352,-0.0019400166379739082,-0.004000011670678112,-0.005824352891077213,2.0119666406681644,0.47807320345078286,0.5366078774006124,0.0005617789750319041,0.0024403847254432162
70003,S1,11,0.22,0,VALID_NUMERICAL_BOX,1,1,-0.013564706794331874,2.0037338676911025,-0.012502198462189407,0.026129503162668065,0.0,0.0,-0.05539793174162582,1.962014689660681,-0.5163882046249184,-0.5373849835330365,-0.0020200168723894904,-0.004000011671682112,0.0037371111789938427,2.0226987982191997,0.5160555257955448,0.5802407191281292,0.0006105866705427885,0.002440384726447216
70003,S1,12,0.24,0,VALID_NUMERICAL_BOX,1,1,-0.013814750763575662,2.004256457754356,-0.012495989687684573,0.028028465544900495,0.0,0.0,-0.06572569583518992,1.951266989986986,-0.554107131700776,-0.5771806280395335,-0.0021000171068252327,-0.004000011672686112,0.014058221695970466,2.0343036126047966,0.5540536814635804,0.6238653810255517,0.0006593943660738328,0.002440384727451216
70003,S1,13,0.26,0,VALID_NUMERICAL_BOX,1,1,-0.014064670557329352,2.004817027065254,-0.012489769770513522,0.029917311692472724,0.0,0.0,-0.07680783847028225,1.9397233774231486,-0.5918357223984694,-0.6169852508649217,-0.0017927243870302211,-0.004000011673690112,0.025139295326318884,2.0467809202283545,0.5920676675352431,0.6674810972340908,0.0007082020616250371,0.0024403847284552157
70003,S1,14,0.28,0,VALID_NUMERICAL_BOX,1,1,-0.014314465952739623,2.0054153732991034,-0.012483538806196707,0.031795281121178735,0.0,0.0,-0.08864455291934027,1.92738367240279,-0.6295739753046061,-0.6567994631562288,-0.000754170011171805,-0.004000011674694112,0.03698064867811239,2.0601305421760965,0.6300207598594231,0.7110871054731138,0.0007570097571960141,0.001513467896518508
70003,S1,15,0.3,0,VALID_NUMERICAL_BOX,1,1,-0.014564136728863558,2.006051278921527,-0.012477296895827305,0.03366161748882297,0.0,0.0,-0.10123603242653362,1.9142476831365909,-0.6673218888970943,-0.696623880246065,-0.0008341702456665214,-0.0040000116756981115,0.04958106387640209,2.0743522842886333,0.667768110939303,0.7546826473450463,0.0007872791161272184,0.001513467897522508
70003,S1,16,0.32,0,VALID_NUMERICAL_BOX,1,1,-0.014813682666780105,2.0067245112713037,-0.012471044146025172,0.03551556891488969,0.0,0.0,-0.11458247020559009,1.9003152055285801,-0.7050757895779526,-0.7364595300704416,-0.0009141704801813979,-0.004000011676702111,0.06293642609630273,2.0894459372386236,0.7055312995480592,0.7982669686387209,0.0006190955094577798,0.001513467898526508
70003,S1,17,0.34,0,VALID_NUMERICAL_BOX,1,1,-0.01506310354970061,2.0074348226496013,-0.012464780668888446,0.037356388299130655,0.0,0.0,-0.12868398599827782,1.8855860149240657,-0.7427963699943971,-0.7763071640433451,-0.0009941707147164342,-0.004000011677706111,0.0770470520883926,2.1054112766145034,0.7433103232039664,0.8418393196310526,0.0006493648684293042,0.0015134678995305081
70003,S1,18,0.36,0,VALID_NUMERICAL_BOX,1,1,-0.015312399163078378,2.008181950415584,-0.012458506581942797,0.039183333638862804,0.0,0.0,-0.1435399133993093,1.8700598716400767,-0.7805229373747272,-0.816167528365387,-0.0010741709492716306,-0.004000011678710111,0.09191325855361547,2.1222480630102467,0.7811051792500244,0.8853989553869167,0.0006796342274209885,0.0015134679005345082
70003,S1,19,0.38,0,VALID_NUMERICAL_BOX,1,1,-0.015561569294717234,2.008965617088361,-0.012452222008088345,0.04099566834476768,0.0,0.0,-0.159150372147963,1.853736521069629,-0.8182554904462381,-0.856041364150842,-0.0011541711838469872,-0.0035502999653549043,0.10753536213977512,2.139956042121125,0.8189158648558097,0.9289451360571137,0.0007099035864328329,0.0015134679015385082
70003,S1,20,0.4,1,VALID_NUMERICAL_BOX,1,1,-0.015810613734879003,2.0097855304552565,-0.012445927075544283,0.042792661554982625,0.0,0.0,-0.04992728459026785,1.9786948710435945,-0.8559940278728564,-0.8959294071316916,-0.0001452494862876916,-0.0035502999663584544,-0.009927284590267853,2.0186948710435946,0.8567423770194453,0.9724771271742992,0.0007401729454648282,0.0015134679025420586
70003,S1,21,0.42,0,VALID_NUMERICAL_BOX,1,1,-0.016059532276389888,2.010641383686356,-0.012439621917791214,0.04457358844727369,0.0,0.0,-0.06704716514879203,1.9607762828979225,-0.8937385482560078,-0.9358322908033772,-0.00021625548661563114,-0.0035502999673620046,0.0072075629511880995,2.0381444135901186,0.8943690983341122,1.0159941999467608,0.0007704423045164397,0.0015134679035456089
70003,S1,22,0.44,0,VALID_NUMERICAL_BOX,1,1,-0.016308324714745713,2.0115328554553016,-0.012433306673511235,0.0463377305490808,0.0,0.0,-0.08492193611499711,1.9420596370787966,-0.9314890501355303,-0.9757508201667776,-0.00028726148696367194,-0.0035502999683655547,0.025094944918955264,2.058464297592112,0.9320098759598415,1.0594956315499249,0.0008007116635881526,0.0015134679045491592
70003,S1,23,0.46,0,VALID_NUMERICAL_BOX,1,1,-0.01655699084821594,2.012459610066283,-0.012426981486525783,0.048084376045226335,0.0,0.0,-0.10355171711881127,1.9225446206723813,-0.9692455319906274,-1.0156857119706544,-0.000358267487331814,-0.003061673404297016,0.04373514243925565,2.0796542102261903,0.9696647074693454,1.1029807054154774,0.0008309810226799667,0.0015134679055527095
70003,S1,24,0.48,0,VALID_NUMERICAL_BOX,1,1,-0.016805530477946456,2.0134212975871875,-0.0124206465057313,0.049812820083079704,0.0,0.0,-0.12293662775974676,1.9022309064298664,-1.0070079922408641,-1.0556376764207982,-0.00041950095641861553,-0.003061673405300078,0.0631284365897655,2.1017138243376015,1.0073335902849672,1.146448711517981,0.0008612503817918822,0.001513467906555771
70003,S1,25,0.5,0,VALID_NUMERICAL_BOX,1,1,-0.017053943408061083,2.014417553988849,-0.012414301885032702,0.051522365074972425,0.0,0.0,-0.14307678760570713,1.8811181528983258,-1.0447764292472037,-1.095607416896025,-0.0004807344255255086,-0.0030616734063031396,0.08327510839660791,2.124642798571086,1.0450145873032142,1.1898989466588756,0.0008915197409238892,0.0015134679075588327
70003,S1,26,0.52,0,VALID_NUMERICAL_BOX,1,1,-0.01730222944576174,2.0154480012903484,-0.012407947783274741,0.053212320997660545,0.0,0.0,-0.1639723161918152,1.859206004557257,-1.0825508413130849,-1.1355956296669034,-0.0005419678946524932,-0.002912660038239725,0.10417540014383617,2.148440777507412,1.0827076960127895,1.2333307147477497,0.0009217891000759877,0.0015134679085618942
70003,S1,27,0.54,0,VALID_NUMERICAL_BOX,1,1,-0.017550388401427235,2.0165122477103017,-0.012401584364171225,0.05488200568863388,0.0,0.0,-0.18562333301926254,1.8364940919607458,-1.1203312266855388,-1.175603003617324,-0.0006002210964182398,-0.0029126600392426374,0.1258295540652776,2.1731073918055404,1.1204129137784817,1.276743327080766,0.0009520584592481776,0.0015134679095648068
70003,S1,28,0.56,0,VALID_NUMERICAL_BOX,1,1,-0.01779842008871066,2.0176098878240745,-0.012395211796232196,0.05653074513907519,0.0,0.0,-0.20802995755418136,1.8129820318852008,-1.1581175835563466,-1.2156302199690243,-0.0006077251027822635,-0.00291266004024555,0.14823781234205527,2.1986422583503544,1.1581296480995211,1.3201361026161338,0.0009823278184404559,0.0015134679105677194
70003,S1,29,0.58,0,VALID_NUMERICAL_BOX,1,1,-0.018046324324635304,2.018740502726856,-0.012388830252689068,0.058157873783275214,0.0,0.0,-0.23119230922653947,1.7886694274825954,-1.1959099100632342,-1.255677952009179,-0.0006659783045881872,-0.0029126600412484626,0.17140040530527687,2.2250449804059023,1.1958478548699178,1.3635083682465174,0.0010125971776528229,0.001513467911570632
70003,S1,30,0.6,1,VALID_NUMERICAL_BOX,1,1,-0.018294100929689087,2.0199036602025213,-0.01238243991141775,0.05976273478431456,0.0,0.0,-0.024595315495353147,2.0098372598371146,-1.2337082042911054,-1.295746864821163,-0.0007242315064141993,-0.0029126600422513752,0.015404684504646854,2.0498372598371146,1.2335775736493895,1.40685945906827,0.0010428665368852784,0.000219443859909638
70003,S1,31,0.62,0,VALID_NUMERICAL_BOX,1,1,-0.01854174972791744,2.0210989148982077,-0.012376040954859838,0.061344680315826926,0.0,0.0,-0.049269479582224524,1.9839223225376132,-1.2715124642733122,-1.335837615018596,-0.0007824847082602741,-0.002912660043254288,0.04007623597868391,2.077974449021558,1.271318801495082,1.450188718647385,0.0010472554150845184,0.00021944386091255066
70003,S1,32,0.64,0,VALID_NUMERICAL_BOX,1,1,-0.01878927054701464,2.022325808504524,-0.012369633569941862,0.06290307183966287,0.0,0.0,-0.07469972886876547,1.9572055702341342,-1.309317568918741,-1.375950845055553,-0.0008407379101264114,-0.0029126600442572004,0.06550261200966025,2.1069782233976126,1.309071535356218,1.4934954992820624,0.0010516442933038211,0.0002194438619154633
70003,S1,33,0.66,0,VALID_NUMERICAL_BOX,1,1,-0.019036663218413477,2.0235838699413176,-0.012363217947992673,0.06443728037927846,0.0,0.0,-0.10088608024824118,1.9296865533298864,-1.3471235173583813,-1.4160871936458068,-0.0008989911120126115,-0.002912660045260113,0.09168404271788548,2.136848133386391,1.3468357720763477,1.5367791622617801,0.0010560331715431864,0.00021944386291837596
70003,S1,34,0.68,0,VALID_NUMERICAL_BOX,1,1,-0.01928392757737333,2.024872615548903,-0.012356794284658992,0.06594668678867835,0.0,0.0,-0.12782855059653664,1.9013648094538025,-1.3849303087245772,-1.4562472902563701,-0.0009572443139188742,-0.0016461372980134635,0.11862075816054027,2.167583716634794,1.3846115083956747,1.5800390781227698,0.0010604220498026142,0.0002194438639212886
70003,S1,35,0.7000000000000001,0,VALID_NUMERICAL_BOX,1,1,-0.01953106346306651,2.0261915492846767,-0.012350362779819164,0.06743068201674796,0.0,0.0,-0.1555271567721837,1.8722398636454758,-1.4227379421514577,-1.496431754855721,-0.0009901670608802083,-0.0016461372990151095,0.1463129883296093,2.1991844982004487,1.4223987409534513,1.6232746268997942,0.001064810928082105,0.00021944386492293475
70003,S1,36,0.72,0,VALID_NUMERICAL_BOX,1,1,-0.019778070718662895,2.027540162925012,-0.012343923637495171,0.06888866736681504,0.0,0.0,-0.18398191561639682,1.8423112285451297,-1.460546416775367,-1.536641197665824,-0.0010230898078615797,-0.0016461373000167556,0.17476096314986228,2.2316499907416762,1.460192458446301,1.666485198374125,0.0004309543984724459,0.0002194438659245809
70003,S1,37,0.74,0,VALID_NUMERICAL_BOX,1,1,-0.0200249491914128,2.028917936272348,-0.012337477065762943,0.07032005475128633,0.0,0.0,-0.21319284395311736,1.8115784045885484,-1.4982295665845782,-1.5768762093826565,-0.001056012554862971,-0.0016461373010184016,0.2039648123200015,2.264979694712424,1.4979926586152865,1.7096701923176207,0.00043534327679199355,0.00021944386692622703
70003,S1,38,0.76,0,VALID_NUMERICAL_BOX,1,1,-0.020271698732728057,2.030324337367374,-0.012331023276661019,0.07172426694121227,0.0,0.0,-0.24315743528605208,1.780040880397596,-1.5359135725735984,-1.617137395378692,-0.001088935301884428,-0.0016461373020200476,0.23392466549355037,2.2991730985620755,1.5357993391529836,1.752829018732813,0.000439732155131607,0.00021944386792787317
70003,S1,39,0.78,0,VALID_NUMERICAL_BOX,1,1,-0.020518319198261276,2.0317588227061982,-0.012324562486097595,0.07310073781063614,0.0,0.0,-0.2738757067387979,1.747698132486688,-1.5735984342578995,-1.6574253353968074,-0.0011218580489259508,-0.0016461373030216937,0.2646406522778839,2.334229678940066,1.5736124977050856,1.7959610980888947,0.00044412103349128636,0.0002194438689295193
70003,S1,40,0.8,1,VALID_NUMERICAL_BOX,1,1,-0.02076481044798323,2.033220837462411,-0.012318094913756029,0.07444891257559291,0.0,0.0,-0.03321608569107619,2.0287946524258076,-1.6112841511500742,-1.6977405984812703,-0.0011547807959875396,-0.0016461373040233397,0.006783914308923812,2.0687946524258076,1.6114321318720422,1.8390658615535258,0.0004485099118710315,0.00021944386993116545
70003,S1,41,0.8200000000000001,0,VALID_NUMERICAL_BOX,1,1,-0.02101117234625835,2.034709815713923,-0.012311620782998826,0.0757682480276273,0.0,0.0,-0.06544176871514311,1.9948398404530767,-1.648970722760126,-1.738083742750213,-0.001187703543069194,-0.0016461373050249857,0.039012556947430096,2.105575969659984,1.64925823921073,1.882142751220359,0.0004528987902708425,0.0002194438709328116
70003,S1,42,0.84,0,VALID_NUMERICAL_BOX,1,1,-0.021257404761918328,2.0362251806744753,-0.012305140320770177,0.0770582127617072,0.0,0.0,-0.09842118317144405,1.960078165594929,-1.6866581485957624,-1.778455315172474,-0.0012206262901709143,-0.0016461373060266318,0.07199772173274313,2.1432188246875343,1.6870908172361583,1.9251912203321944,0.0004572876686907194,0.00021944387193445773
70003,S1,43,0.86,0,VALID_NUMERICAL_BOX,1,1,-0.021503507568333732,2.0377663449297096,-0.01229865375749709,0.07831828739841543,0.0,0.0,-0.13215434614449145,1.9245090592882979,-1.7243464281626895,-1.818855851348902,-0.0012535490372927005,-0.0016461373070282778,0.10573953807859846,2.18172264909736,1.724929863423202,1.9682107334996752,0.0004616765471306621,0.00021944387293610387
70003,S1,44,0.88,0,VALID_NUMERICAL_BOX,1,1,-0.021749480643483674,2.039332710677678,-0.012292161326989166,0.07954796480030801,0.0,0.0,-0.1666412747089119,1.8881319422580989,-1.762035560964912,-1.859285875298205,-0.0006730874823176278,-0.0016461373080299238,0.14023813534822915,2.2210868637705743,1.7627753752083686,2.0112007669154366,0.00046606542559067066,0.00021944387393775001
70003,S1,45,0.9,0,VALID_NUMERICAL_BOX,1,1,-0.021995323870023457,2.040923669973684,-0.012285663266337074,0.08074675028233474,0.0,0.0,-0.20188198592941203,1.8509462247488735,-1.7997255465050332,-1.8997457805836138,-0.0007060102294789324,-0.0016461373090315699,0.1754936428535984,2.2613108791121443,1.8005062372656317,2.05416080856362,0.0004704543040701317,0.00021944387493939615
70003,S1,46,0.92,0,VALID_NUMERICAL_BOX,1,1,-0.022241037135350198,2.0425386049793306,-0.012279159815809787,0.08191416181622238,0.0,0.0,-0.23787649686075057,1.8129513091338987,-1.8374163842845583,-1.940236182131117,-0.0007389329766603026,-0.0002114401644673445,0.2115037676001489,2.302394095286719,1.8382435783932831,2.0970903584246763,0.0004748431825696585,0.0002194438759410423
70003,S1,47,0.9400000000000001,0,VALID_NUMERICAL_BOX,1,1,-0.022486620331666395,2.044176888215655,-0.012272651218750609,0.08304973022872847,0.0,0.0,-0.2746248245477164,1.774146585487932,-1.8751080738042005,-1.9807575679763907,-0.0007431617809503927,-0.00021144016546756393,0.24826863916928918,2.344335902458557,1.8759873962229605,2.1399889286753626,0.00047923206108922256,0.00021944387694126173
70003,S1,48,0.96,0,VALID_NUMERICAL_BOX,1,1,-0.022732073356041407,2.0458378828202295,-0.012266137721472073,0.08415299939367923,0.0,0.0,-0.3121269860251125,1.734531434125017,-1.9128006145641883,-2.02131040947381,-0.0007473905852604913,-0.00021144016646778337,0.2857883870950605,2.3871356810354514,1.9137320253941028,2.1828560438838682,0.00048362093962879516,0.00021944387794148117
70003,S1,49,0.98,0,VALID_NUMERICAL_BOX,1,1,-0.02297739611047085,2.047520942808103,-0.012259619573149754,0.08522352641771093,0.0,0.0,-0.35038299831774666,1.69410522593211,-1.950494006064575,-2.061895169476791,-0.0007516193895905986,-0.0002114401674680028,0.3240630276042929,2.430792801916559,1.9514774652947473,2.2256912411999803,0.0004880098181883764,0.0002194438789417006
70003,S1,50,1.0,1,VALID_NUMERICAL_BOX,1,1,-0.023222588501933844,2.0492254133364574,-0.012253097025715042,0.0862608818196407,0.0,0.0,-0.025711482984135683,2.022939040235512,-1.9881882478055504,-2.1025122980720146,-0.0007558481939407146,-0.00021144016846822225,0.014288517015864317,2.062939040235512,1.9892237153166548,2.268494070540216,0.0004923986967679664,0.00021944387994192005
70003,S1,51,1.02,0,VALID_NUMERICAL_BOX,1,1,-0.023467650442448144,2.0509506309728502,-0.012246570333746947,0.08726464970339823,0.0,0.0,-0.06547524794131218,1.9808887942709632,-2.0258833392877524,-2.1431622323994017,-0.00044282442606299616,-0.0002114401694684417,0.05407299132326289,2.1083089216494244,2.026970774855662,2.311264094767852,0.0004967875753675648,0.0002194438809421395
70003,S1,52,1.04,0,VALID_NUMERICAL_BOX,1,1,-0.023712581849123084,2.052695923966918,-0.012240039754362976,0.08823442792445609,0.0,0.0,-0.10599291472817322,1.9380255496198207,-2.0635792800125827,-2.183845363844197,-0.00044705323045286614,-0.00021144017046866113,0.09461240682148211,2.154534203547936,2.0646560726000387,2.3540008898677742,0.0005011764539869088,0.00021944388194235893
70003,S1,53,1.06,0,VALID_NUMERICAL_BOX,1,1,-0.023957382644210344,2.054460612525407,-0.012233505547109148,0.08916982824970185,0.0,0.0,-0.14726450032957214,1.894348642339735,-2.101276069482521,-2.2245621355683958,-0.0004512820348627449,-0.00021144017146888057,0.13590552827463018,2.2016142213484926,2.1023421893393106,2.3967040451160737,0.0005055653326262615,0.00021944388294257836
70003,S1,54,1.08,0,VALID_NUMERICAL_BOX,1,1,-0.024202052755152526,2.056244009090401,-0.012226967973849203,0.09007047651070095,0.0,0.0,-0.18929002172041184,1.8498573996251175,-2.1389737072014414,-2.2653129448440135,-0.00045551083929263247,-0.0002114401724691,0.1779523720626057,2.2495483022540634,2.140029124609687,2.4393731632443356,0.0005099542112856231,0.0002194438839427978
70003,S1,55,1.1,0,VALID_NUMERICAL_BOX,1,1,-0.02444659211462951,2.058045418620615,-0.012220427298653044,0.09093601275030512,0.0,0.0,-0.23206949586567274,1.804551140724939,-2.176672192674931,-2.306098175328668,-0.0004597396437425288,-0.00021144017346931944,0.2207529545560315,2.2983357655222485,2.1777168779485394,2.4820078605985385,0.0005143430899649934,0.00021944388494301724
70003,S1,56,1.12,0,VALID_NUMERICAL_BOX,1,1,-0.02469100066060257,2.059864138875621,-0.01221388378768449,0.09176609136256658,0.0,0.0,-0.27560293972044697,1.7584291772150178,-2.2143715254106056,-2.346918196912124,-0.00046396844821243395,-0.00021144017446953888,0.2643072921162779,2.347975922737567,2.2154054488947006,2.5246077672925122,0.0005187319686643724,0.00021944388594323668
70003,S1,57,1.1400000000000001,0,VALID_NUMERICAL_BOX,1,1,-0.02493527833635626,2.0616994607028722,-0.012207337709088386,0.09256038122592329,0.0,0.0,-0.31989037022997896,1.7114908132733768,-2.2520717049184302,-2.3877733655683433,-0.0004681972527023479,-0.00021144017546975832,0.3086154010954918,2.398468078086816,2.2530948369887684,2.5671725273558863,0.0005231208473837602,0.00021944388694345612
70003,S1,58,1.16,0,VALID_NUMERICAL_BOX,1,1,-0.025179425090538027,2.0635506683273905,-0.01220078933287711,0.09331856582962626,0.0,0.0,-0.36493180432971245,1.66373534595856,-2.289772730711037,-2.4286640232131003,-0.00047242605721227053,-0.00021144017646997776,0.35367729783663204,2.449811528637383,2.290785041773407,2.609701798876474,0.0005275097261231568,0.00021944388794367556
70003,S1,59,1.18,0,VALID_NUMERICAL_BOX,1,1,-0.025423440877195568,2.0654170396439833,-0.012194238930816568,0.09404034339338505,0.0,0.0,-0.4107272589453439,1.6151620654907959,-2.3274746023040445,-2.469590497567225,-0.000476654861742202,-0.0002114401774701972,0.3994929986735109,2.5020055646184147,2.328476062793648,2.6521952541370335,0.0005318986048825623,0.000219443888943895
70003,S1,60,1.2,1,VALID_NUMERICAL_BOX,1,1,-0.0256673256558119,2.067297846511851,-0.012187686776311697,0.09472542698021222,0.0,0.0,-0.03463724653519594,2.0614845734277725,-2.365177319216375,-2.510553102025517,-0.0004808836662921422,-0.00021144017847041664,0.0053627534648040594,2.1014845734277725,2.366167899597194,2.694652579746348,0.0005362874836619764,0.00021944388994411443
70003,S1,61,1.22,0,VALID_NUMERICAL_BOX,1,1,-0.025911079391338132,2.069192355051455,-0.012181133144291548,0.09537354460245318,0.0,0.0,-0.08194079292060538,2.0112735113841067,-2.4028808809705766,-2.551552135531396,-0.00048511247086209123,-0.00021144017947063607,0.05268611145782988,2.1553776250258547,2.4038605517347222,2.73707347676458,0.0005406763624613995,0.00021944389094433387
70003,S1,62,1.24,0,VALID_NUMERICAL_BOX,1,1,-0.026154702054223964,2.071099825943504,-0.012174578311094001,0.09598443932099199,0.0,0.0,-0.1299984105411469,1.9602424686702686,-2.4405852870931377,-2.5925878824573285,-0.000489341275452049,-0.0002114401804708555,0.10076332249365431,2.2101190945643565,2.441554018760185,2.7794576608228434,0.0005450652412808312,0.0002194438919445533
70003,S1,63,1.26,0,VALID_NUMERICAL_BOX,1,1,-0.026398193620445844,2.073019514729924,-0.012168022554350174,0.09655786933762883,0.0,0.0,-0.17881011628418847,1.9083907110178564,-2.4782905371148076,-2.633660612491084,-0.0004935700800620155,-0.00021144018147107495,0.1495944028700368,2.265708247784079,2.479248300231113,2.821804862236946,0.0005494541201202717,0.00021944389294477275
70003,S1,64,1.28,0,VALID_NUMERICAL_BOX,1,1,-0.026641554071532847,2.0749506721166764,-0.012161466152868556,0.09709360808062928,0.0,0.0,-0.228375927027713,1.8557174987647125,-2.5159966305709114,-2.6747705805278663,-0.0004977988846919908,-0.0002114401824712944,0.19917936887588744,2.3221443450321404,2.5169433957089167,2.86411482611526,0.0005538429989797209,0.0002194438939449922
70003,S1,65,1.3,0,VALID_NUMERICAL_BOX,1,1,-0.026884783394590217,2.076892544278289,-0.01215490938651895,0.09759144428344999,0.0,0.0,-0.27869585964040994,1.8022220871507757,-2.5537035670016692,-2.7159180265683593,-0.0005020276893419749,-0.00021144018347151383,0.24951823679134447,2.379426641557825,2.5546393047591875,2.906387312460676,0.000558231877859179,0.00021944389494521163
70003,S1,66,1.32,0,VALID_NUMERICAL_BOX,1,1,-0.027127881582320598,2.078844373163958,-0.012148352536116262,0.09805118205664996,0.0,0.0,-0.3297699309817731,1.747903726615971,-2.591411345952508,-2.757103175622732,-0.0005062564940119678,-0.00021144018447173327,0.30061102288785796,2.437554387810476,2.5923360269519984,2.948622096266598,0.0005626207567586458,0.00021944389594543106
70003,S1,67,1.34,0,VALID_NUMERICAL_BOX,1,1,-0.027370848633042923,2.0808053968050912,-0.012141795883304178,0.09847264095300036,0.0,0.0,-0.38159815790220486,1.6927616631000197,-2.629119966974377,-2.7983262376206395,-0.0005104852987019695,-0.0002114401854719527,0.35245774342827957,2.4965268297393046,2.6300335618622013,2.990818967606943,0.0005670096356781214,0.0002194438969456505
70003,S1,68,1.36,0,OUT_OF_DOMAIN,,,-0.027613684550709006,2.082774849624151,-0.012135239710438813,0.09885565602581024,0.0,0.0,,,,,,,,,,,,
70003,S2,0,0.0,1,VALID_NUMERICAL_BOX,1,1,-0.010806092857536687,2.0005344499812034,-0.012569737944228221,0.004793925399608351,0.0,0.0,-0.01794574656914269,1.98,-0.1,-0.1,-0.0001736373979629004,-0.01,0.02,2.014280309726121,0.1,0.1,0.005,0.0030676836578110867
70003,S2,1,0.02,0,VALID_NUMERICAL_BOX,1,1,-0.011057487616421252,2.0006303284891955,-0.012563656410742856,0.006753111417517131,0.0,0.0,-0.01994574657016469,1.9779999999969837,-0.13858876675293835,-0.13975042812119523,-0.00037363739896796176,-0.01000000000101,0.022000000001021997,2.016280309729137,0.13763236921519043,0.1436719511013557,0.005061353674161283,0.0024403847163648983
70003,S2,2,0.04,0,VALID_NUMERICAL_BOX,1,1,-0.011308760744636109,2.0007653907175458,-0.012557563062421201,0.00871072799279667,0.0,0.0,-0.02271752190624821,1.9752049914315406,-0.17718968933284726,-0.17950130978687226,-0.0005736373999932719,-0.010000000002019999,0.02475264738635056,2.0191537487541837,0.17530437068245835,0.1873435098158349,0.0005831396617834248,0.002440384717374898
70003,S2,3,0.06,0,VALID_NUMERICAL_BOX,1,1,-0.011559912005884533,2.000939605277402,-0.012551457931135795,0.010665990287509327,0.0,0.0,-0.02626131569393341,1.9716149652327803,-0.21490320541416702,-0.21925086397145754,-0.0007736374010344455,-0.010000000003029998,0.028258734801027984,2.0229006189535235,0.21301600379180496,0.23101389152654672,0.0006319473571316965,0.002440384718384898
70003,S2,4,0.08,0,VALID_NUMERICAL_BOX,1,1,-0.011810941164507248,2.001152925083152,-0.012545341054678435,0.012618114074298824,0.0,0.0,-0.03055937980324927,1.9672299479503237,-0.2526263920083224,-0.2590024049139796,-0.0009736374020960191,-0.010000000004039998,0.03251905487789661,2.027520896787082,0.25076726746124034,0.2746823120873863,0.000268932802392049,0.0024403847193948977
70003,S2,5,0.1,0,VALID_NUMERICAL_BOX,1,1,-0.012061847985600817,2.001405287364638,-0.012539212476740927,0.014566316055198633,0.0,0.0,-0.03561190764445325,1.9620498998490112,-0.2902776434635601,-0.2987567249905573,-0.0011736374031779927,-0.010000000005049997,0.037534400228158946,2.0330145430318627,0.28855816013746655,0.3183479881366824,0.00031774049778112063,0.0024403847204048975
70003,S2,6,0.12,0,VALID_NUMERICAL_BOX,1,1,-0.012312632235135635,2.001696613685742,-0.012533072246893394,0.016509814181397714,0.0,0.0,-0.04141746051476776,1.9560747653461608,-0.32793856532208193,-0.3385146143897116,-0.0013736374042803664,-0.010000000006059996,0.043305563431951584,2.0393815027976356,0.3263886797968723,0.36201013741053195,0.00036654819319059223,0.0024403847214148973
70003,S2,7,0.14,0,VALID_NUMERICAL_BOX,1,1,-0.012563293680073502,2.00202680996937,-0.012526920420560098,0.018447827973805748,0.0,0.0,-0.047976231822259234,1.94930447305532,-0.365609156953254,-0.3782768618883725,-0.00157363740540314,-0.007159474903790644,0.049833337028938864,2.0466217055488927,0.36425882394684117,0.4056679790556949,0.00041535588862046384,0.002440384722424897
70003,S2,8,0.16,0,VALID_NUMERICAL_BOX,1,1,-0.012813832088484705,2.002395766528846,-0.012520757058992813,0.0203795788442525,0.0,0.0,-0.05528841496238143,1.9417389358144979,-0.4032894176128002,-0.4180442545393628,-0.0017168269044806697,-0.007159474904797803,0.05711851350893281,2.0547350651330616,0.402168589627372,0.44932073394192545,0.0004641635840706786,0.0024403847234320568
70003,S2,9,0.18,0,VALID_NUMERICAL_BOX,1,1,-0.013064247229664561,2.002803358105731,-0.012514582229241736,0.022304290417150922,0.0,0.0,-0.0633542033157026,1.9333780507206468,-0.44097934644328307,-0.4578175577147953,-0.0018600164035784859,-0.0040000116696741125,0.06516188530254541,2.063721479814964,0.4401067171711192,0.49296762497361346,0.0005129712795411798,0.0024403847244392164
70003,S2,10,0.2,0,VALID_NUMERICAL_BOX,1,1,-0.013314538874249396,2.003249443914074,-0.012508396004123944,0.024221188851446092,0.0,0.0,-0.07217379024564223,1.9242216995632775,-0.4786789424746607,-0.4975975502230352,-0.0019400166379739082,-0.004000011670678112,0.07396401964704176,2.07358083231751,0.47807320345078286,0.5366078774006124,0.0005617789750319041,0.0024403847254432162
70003,S2,11,0.22,0,VALID_NUMERICAL_BOX,1,1,-0.013564706794331874,2.0037338676911025,-0.012502198462189407,0.026129503162668065,0.0,0.0,-0.08174736909621896,1.9142697485557323,-0.5163882046249184,-0.5373849835330365,-0.0020200168723894904,-0.004000011671682112,0.08352548371714094,2.0843129898686064,0.5160555257955448,0.5802407191281292,0.0006105866705427885,0.002440384726447216
70003,S2,12,0.24,0,VALID_NUMERICAL_BOX,1,1,-0.013814750763575662,2.004256457754356,-0.012495989687684573,0.028028465544900495,0.0,0.0,-0.09207513318981118,1.9035220488819755,-0.554107131700776,-0.5771806280395335,-0.0021000171068252327,-0.004000011672686112,0.09384659423414568,2.0959178042542645,0.5540536814635804,0.6238653810255517,0.0006593943660738328,0.002440384727451216
70003,S2,13,0.26,0,VALID_NUMERICAL_BOX,1,1,-0.014064670557329352,2.004817027065254,-0.012489769770513522,0.029917311692472724,0.0,0.0,-0.10315727582493163,1.8919784363180765,-0.5918357223984694,-0.6169852508649217,-0.0017927243870302211,-0.004000011673690112,0.1049276678645222,2.1083951118778836,0.5920676675352431,0.6674810972340908,0.0007082020616250371,0.0024403847284552157
70003,S2,14,0.28,0,VALID_NUMERICAL_BOX,1,1,-0.014314465952739623,2.0054153732991034,-0.012483538806196707,0.031795281121178735,0.0,0.0,-0.11499399027401778,1.8796387312976564,-0.6295739753046061,-0.6567994631562288,-0.000754170011171805,-0.004000011674694112,0.11676902121634385,2.1217447338256874,0.6300207598594231,0.7110871054731138,0.0007570097571960141,0.001513467896518508
70003,S2,15,0.3,1,VALID_NUMERICAL_BOX,1,1,-0.014564136728863558,2.006051278921527,-0.012477296895827305,0.03366161748882297,0.0,0.0,-0.015653506627733082,1.998265279003653,-0.6673218888970943,-0.696623880246065,-0.0008341702456665214,-0.0040000116756981115,0.02434649337226692,2.038265279003653,0.667768110939303,0.7546826473450463,0.0007872791161272184,0.001513467897522508
70003,S2,16,0.32,0,VALID_NUMERICAL_BOX,1,1,-0.014813682666780105,2.0067245112713037,-0.012471044146025172,0.03551556891488969,0.0,0.0,-0.02899994440671267,1.9843328013956785,-0.7050757895779526,-0.7364595300704416,-0.0009141704801813979,-0.004000011676702111,0.03770185559209068,2.0533589319536074,0.7055312995480592,0.7982669686387209,0.0006190955094577798,0.001513467898526508
70003,S2,17,0.34,0,VALID_NUMERICAL_BOX,1,1,-0.01506310354970061,2.0074348226496013,-0.012464780668888446,0.037356388299130655,0.0,0.0,-0.04310146019932353,1.9696036107912003,-0.7427963699943971,-0.7763071640433451,-0.0009941707147164342,-0.004000011677706111,0.051812481584103676,2.0693242713294513,0.7433103232039664,0.8418393196310526,0.0006493648684293042,0.0015134678995305081
70003,S2,18,0.36,0,VALID_NUMERICAL_BOX,1,1,-0.015312399163078378,2.008181950415584,-0.012458506581942797,0.039183333638862804,0.0,0.0,-0.05795738760027815,1.9540774675072472,-0.7805229373747272,-0.816167528365387,-0.0010741709492716306,-0.004000011678710111,0.06667868804924967,2.086161057725158,0.7811051792500244,0.8853989553869167,0.0006796342274209885,0.0015134679005345082
70003,S2,19,0.38,0,VALID_NUMERICAL_BOX,1,1,-0.015561569294717234,2.008965617088361,-0.012452222008088345,0.04099566834476768,0.0,0.0,-0.07356784634885499,1.9377541169368355,-0.8182554904462381,-0.856041364150842,-0.0011541711838469872,-0.0035502999653549043,0.08230079163533247,2.103869036836,0.8189158648558097,0.9289451360571137,0.0007099035864328329,0.0015134679015385082
70003,S2,20,0.4,0,VALID_NUMERICAL_BOX,1,1,-0.015810613734879003,2.0097855304552565,-0.012445927075544283,0.042792661554982625,0.0,0.0,-0.08993295615887843,1.9206332896506964,-0.8559940278728564,-0.8959294071316916,-0.0001452494862876916,-0.0035502999663584544,0.09867910893354734,2.122447939560265,0.8567423770194453,0.9724771271742992,0.0007401729454648282,0.0015134679025420586
70003,S2,21,0.42,0,VALID_NUMERICAL_BOX,1,1,-0.016059532276389888,2.010641383686356,-0.012439621917791214,0.04457358844727369,0.0,0.0,-0.10705283671745137,1.9027147015049206,-0.8937385482560078,-0.9358322908033772,-0.00021625548661563114,-0.0035502999673620046,0.11581395647505206,2.141897482106893,0.8943690983341122,1.0159941999467608,0.0007704423045164397,0.0015134679035456089
70003,S2,22,0.44,0,VALID_NUMERICAL_BOX,1,1,-0.016308324714745713,2.0115328554553016,-0.012433306673511235,0.0463377305490808,0.0,0.0,-0.12492760768370524,1.883998055685691,-0.9314890501355303,-0.9757508201667776,-0.00028726148696367194,-0.0035502999683655547,0.13370133844286802,2.1622173661089903,0.9320098759598415,1.0594956315499249,0.0008007116635881526,0.0015134679045491592
70003,S2,23,0.46,0,VALID_NUMERICAL_BOX,1,1,-0.01655699084821594,2.012459610066283,-0.012426981486525783,0.048084376045226335,0.0,0.0,-0.14355738868756818,1.864483039279172,-0.9692455319906274,-1.0156857119706544,-0.000358267487331814,-0.003061673404297016,0.15234153596321717,2.183407278743172,0.9696647074693454,1.1029807054154774,0.0008309810226799667,0.0015134679055527095
70003,S2,24,0.48,0,VALID_NUMERICAL_BOX,1,1,-0.016805530477946456,2.0134212975871875,-0.0124206465057313,0.049812820083079704,0.0,0.0,-0.16294229932855245,1.8441693250365534,-1.0070079922408641,-1.0556376764207982,-0.00041950095641861553,-0.003061673405300078,0.1717348301137758,2.205466892854687,1.0073335902849672,1.146448711517981,0.0008612503817918822,0.001513467906555771
70003,S2,25,0.5,0,VALID_NUMERICAL_BOX,1,1,-0.017053943408061083,2.014417553988849,-0.012414301885032702,0.051522365074972425,0.0,0.0,-0.18308245917456162,1.8230565715049092,-1.0447764292472037,-1.095607416896025,-0.0004807344255255086,-0.0030616734063031396,0.19188150192066702,2.2283958670882753,1.0450145873032142,1.1898989466588756,0.0008915197409238892,0.0015134679075588327
70003,S2,26,0.52,0,VALID_NUMERICAL_BOX,1,1,-0.01730222944576174,2.0154480012903484,-0.012407947783274741,0.053212320997660545,0.0,0.0,-0.2039779877607185,1.8011444231637364,-1.0825508413130849,-1.1355956296669034,-0.0005419678946524932,-0.002912660038239725,0.21278179366794409,2.252193846024705,1.0827076960127895,1.2333307147477497,0.0009217891000759877,0.0015134679085618942
70003,S2,27,0.54,0,VALID_NUMERICAL_BOX,1,1,-0.017550388401427235,2.0165122477103017,-0.012401584364171225,0.05488200568863388,0.0,0.0,-0.2256290045882146,1.7784325105671213,-1.1203312266855388,-1.175603003617324,-0.0006002210964182398,-0.0029126600392426374,0.2344359475894343,2.276860460322937,1.1204129137784817,1.276743327080766,0.0009520584592481776,0.0015134679095648068
70003,S2,28,0.56,0,VALID_NUMERICAL_BOX,1,1,-0.01779842008871066,2.0176098878240745,-0.012395211796232196,0.05653074513907519,0.0,0.0,-0.24803562912318225,1.7549204504914724,-1.1581175835563466,-1.2156302199690243,-0.0006077251027822635,-0.00291266004024555,0.2568442058662608,2.3023953268678548,1.1581296480995211,1.3201361026161338,0.0009823278184404559,0.0015134679105677194
70003,S2,29,0.58,0,VALID_NUMERICAL_BOX,1,1,-0.018046324324635304,2.018740502726856,-0.012388830252689068,0.058157873783275214,0.0,0.0,-0.2711979807955892,1.730607846088763,-1.1959099100632342,-1.255677952009179,-0.0006659783045881872,-0.0029126600412484626,0.2800067988295312,2.3287980489235065,1.1958478548699178,1.3635083682465174,0.0010125971776528229,0.001513467911570632
70003,S2,30,0.6,1,VALID_NUMERICAL_BOX,1,1,-0.018294100929689087,2.0199036602025213,-0.01238243991141775,0.05976273478431456,0.0,0.0,-0.024595315495353147,2.0098372598371146,-1.2337082042911054,-1.295746864821163,-0.0007242315064141993,-0.0029126600422513752,0.015404684504646854,2.0498372598371146,1.2335775736493895,1.40685945906827,0.0010428665368852784,0.000219443859909638
70003,S2,31,0.62,0,VALID_NUMERICAL_BOX,1,1,-0.01854174972791744,2.0210989148982077,-0.012376040954859838,0.061344680315826926,0.0,0.0,-0.049269479582224524,1.9839223225376132,-1.2715124642733122,-1.335837615018596,-0.0007824847082602741,-0.002912660043254288,0.04007623597868391,2.077974449021558,1.271318801495082,1.450188718647385,0.0010472554150845184,0.00021944386091255066
70003,S2,32,0.64,0,VALID_NUMERICAL_BOX,1,1,-0.01878927054701464,2.022325808504524,-0.012369633569941862,0.06290307183966287,0.0,0.0,-0.07469972886876547,1.9572055702341342,-1.309317568918741,-1.375950845055553,-0.0008407379101264114,-0.0029126600442572004,0.06550261200966025,2.1069782233976126,1.309071535356218,1.4934954992820624,0.0010516442933038211,0.0002194438619154633
70003,S2,33,0.66,0,VALID_NUMERICAL_BOX,1,1,-0.019036663218413477,2.0235838699413176,-0.012363217947992673,0.06443728037927846,0.0,0.0,-0.10088608024824118,1.9296865533298864,-1.3471235173583813,-1.4160871936458068,-0.0008989911120126115,-0.002912660045260113,0.09168404271788548,2.136848133386391,1.3468357720763477,1.5367791622617801,0.0010560331715431864,0.00021944386291837596
70003,S2,34,0.68,0,VALID_NUMERICAL_BOX,1,1,-0.01928392757737333,2.024872615548903,-0.012356794284658992,0.06594668678867835,0.0,0.0,-0.12782855059653664,1.9013648094538025,-1.3849303087245772,-1.4562472902563701,-0.0009572443139188742,-0.0016461372980134635,0.11862075816054027,2.167583716634794,1.3846115083956747,1.5800390781227698,0.0010604220498026142,0.0002194438639212886
70003,S2,35,0.7000000000000001,0,VALID_NUMERICAL_BOX,1,1,-0.01953106346306651,2.0261915492846767,-0.012350362779819164,0.06743068201674796,0.0,0.0,-0.1555271567721837,1.8722398636454758,-1.4227379421514577,-1.496431754855721,-0.0009901670608802083,-0.0016461372990151095,0.1463129883296093,2.1991844982004487,1.4223987409534513,1.6232746268997942,0.001064810928082105,0.00021944386492293475
70003,S2,36,0.72,0,VALID_NUMERICAL_BOX,1,1,-0.019778070718662895,2.027540162925012,-0.012343923637495171,0.06888866736681504,0.0,0.0,-0.18398191561639682,1.8423112285451297,-1.460546416775367,-1.536641197665824,-0.0010230898078615797,-0.0016461373000167556,0.17476096314986228,2.2316499907416762,1.460192458446301,1.666485198374125,0.0004309543984724459,0.0002194438659245809
70003,S2,37,0.74,0,VALID_NUMERICAL_BOX,1,1,-0.0200249491914128,2.028917936272348,-0.012337477065762943,0.07032005475128633,0.0,0.0,-0.21319284395311736,1.8115784045885484,-1.4982295665845782,-1.5768762093826565,-0.001056012554862971,-0.0016461373010184016,0.2039648123200015,2.264979694712424,1.4979926586152865,1.7096701923176207,0.00043534327679199355,0.00021944386692622703
70003,S2,38,0.76,0,VALID_NUMERICAL_BOX,1,1,-0.020271698732728057,2.030324337367374,-0.012331023276661019,0.07172426694121227,0.0,0.0,-0.24315743528605208,1.780040880397596,-1.5359135725735984,-1.617137395378692,-0.001088935301884428,-0.0016461373020200476,0.23392466549355037,2.2991730985620755,1.5357993391529836,1.752829018732813,0.000439732155131607,0.00021944386792787317
70003,S2,39,0.78,0,VALID_NUMERICAL_BOX,1,1,-0.020518319198261276,2.0317588227061982,-0.012324562486097595,0.07310073781063614,0.0,0.0,-0.2738757067387979,1.747698132486688,-1.5735984342578995,-1.6574253353968074,-0.0011218580489259508,-0.0016461373030216937,0.2646406522778839,2.334229678940066,1.5736124977050856,1.7959610980888947,0.00044412103349128636,0.0002194438689295193
70003,S2,40,0.8,0,VALID_NUMERICAL_BOX,1,1,-0.02076481044798323,2.033220837462411,-0.012318094913756029,0.07444891257559291,0.0,0.0,-0.30534767542526126,1.7145496257753816,-1.6112841511500742,-1.6977405984812703,-0.0011547807959875396,-0.0016461373040233397,0.29611290223329095,2.3701489009052144,1.6114321318720422,1.8390658615535258,0.0004485099118710315,0.00021944386993116545
70003,S2,41,0.8200000000000001,0,VALID_NUMERICAL_BOX,1,1,-0.02101117234625835,2.034709815713923,-0.012311620782998826,0.0757682480276273,0.0,0.0,-0.33757335844960035,1.6805948138023494,-1.648970722760126,-1.738083742750213,-0.001187703543069194,-0.0016461373050249857,0.3283415448720694,2.406930218139692,1.64925823921073,1.882142751220359,0.0004528987902708425,0.0002194438709328116
70003,S2,42,0.84,0,VALID_NUMERICAL_BOX,1,1,-0.021257404761918328,2.0362251806744753,-0.012305140320770177,0.0770582127617072,0.0,0.0,-0.37055277290617344,1.6458331389439005,-1.6866581485957624,-1.778455315172474,-0.0012206262901709143,-0.0016461373060266318,0.36132670965765457,2.4445730731675437,1.6870908172361583,1.9251912203321944,0.0004572876686907194,0.00021944387193445773
70003,S2,43,0.86,0,VALID_NUMERICAL_BOX,1,1,-0.021503507568333732,2.0377663449297096,-0.01229865375749709,0.07831828739841543,0.0,0.0,-0.40428593587949296,1.610264032636968,-1.7243464281626895,-1.818855851348902,-0.0012535490372927005,-0.0016461373070282778,0.395068526003782,2.4830768975776705,1.724929863423202,1.9682107334996752,0.0004616765471306621,0.00021944387293610387
70003,S2,44,0.88,0,VALID_NUMERICAL_BOX,1,1,-0.021749480643483674,2.039332710677678,-0.012292161326989166,0.07954796480030801,0.0,0.0,-0.43877286444418556,1.5738869156064674,-1.762035560964912,-1.859285875298205,-0.0006730874823176278,-0.0016461373080299238,0.42956712327368485,2.5224411122511863,1.7627753752083686,2.0112007669154366,0.00046606542559067066,0.00021944387393775001
70003,S2,45,0.9,1,VALID_NUMERICAL_BOX,1,1,-0.021995323870023457,2.040923669973684,-0.012285663266337074,0.08074675028233474,0.0,0.0,-0.060542960449178077,2.0248387982475613,-1.7997255465050332,-1.8997457805836138,-0.0007060102294789324,-0.0016461373090315699,-0.020542960449178072,2.0648387982475613,1.8005062372656317,2.05416080856362,0.0004704543040701317,0.00021944387493939615
70003,S2,46,0.92,0,VALID_NUMERICAL_BOX,1,1,-0.022241037135350198,2.0425386049793306,-0.012279159815809787,0.08191416181622238,0.0,0.0,-0.09653747138037527,1.986843882632783,-1.8374163842845583,-1.940236182131117,-0.0007389329766603026,-0.0002114401644673445,0.015467164297231101,2.1059220144219397,1.8382435783932831,2.0970903584246763,0.0004748431825696585,0.0002194438759410423
70003,S2,47,0.9400000000000001,0,VALID_NUMERICAL_BOX,1,1,-0.022486620331666395,2.044176888215655,-0.012272651218750609,0.08304973022872847,0.0,0.0,-0.13328579906719973,1.9480391589870127,-1.8751080738042005,-1.9807575679763907,-0.0007431617809503927,-0.00021144016546756393,0.05223203586623005,2.147863821593581,1.8759873962229605,2.1399889286753626,0.00047923206108922256,0.00021944387694126173
70003,S2,48,0.96,0,VALID_NUMERICAL_BOX,1,1,-0.022732073356041407,2.0458378828202295,-0.012266137721472073,0.08415299939367923,0.0,0.0,-0.17078796054445453,1.9084240076242944,-1.9128006145641883,-2.02131040947381,-0.0007473905852604913,-0.00021144016646778337,0.08975178379186005,2.190663600170279,1.9137320253941028,2.1828560438838682,0.00048362093962879516,0.00021944387794148117
70003,S2,49,0.98,0,VALID_NUMERICAL_BOX,1,1,-0.02297739611047085,2.047520942808103,-0.012259619573149754,0.08522352641771093,0.0,0.0,-0.2090439728369473,1.867997799431584,-1.950494006064575,-2.061895169476791,-0.0007516193895905986,-0.0002114401674680028,0.12802642430095112,2.2343207210511906,1.9514774652947473,2.2256912411999803,0.0004880098181883764,0.0002194438789417006
70003,S2,50,1.0,0,VALID_NUMERICAL_BOX,1,1,-0.023222588501933844,2.0492254133364574,-0.012253097025715042,0.0862608818196407,0.0,0.0,-0.24805385295948687,1.8267598960387692,-1.9881882478055504,-2.1025122980720146,-0.0007558481939407146,-0.00021144016846822225,0.16705597360809413,2.278834545878469,1.9892237153166548,2.268494070540216,0.0004923986967679664,0.00021944387994192005
70003,S2,51,1.02,0,VALID_NUMERICAL_BOX,1,1,-0.023467650442448144,2.0509506309728502,-0.012246570333746947,0.08726464970339823,0.0,0.0,-0.2878176179168857,1.7847096500740047,-2.0258833392877524,-2.1431622323994017,-0.00044282442606299616,-0.0002114401694684417,0.20684044791571507,2.3242044272925972,2.026970774855662,2.311264094767852,0.0004967875753675648,0.0002194438809421395
70003,S2,52,1.04,0,VALID_NUMERICAL_BOX,1,1,-0.023712581849123084,2.052695923966918,-0.012240039754362976,0.08823442792445609,0.0,0.0,-0.32833528470396905,1.7418464054226463,-2.0635792800125827,-2.183845363844197,-0.00044705323045286614,-0.00021144017046866113,0.24737986341415663,2.370429709191325,2.0646560726000387,2.3540008898677742,0.0005011764539869088,0.00021944388194235893
70003,S2,53,1.06,0,VALID_NUMERICAL_BOX,1,1,-0.023957382644210344,2.054460612525407,-0.012233505547109148,0.08916982824970185,0.0,0.0,-0.3696068703055903,1.698169498142345,-2.101276069482521,-2.2245621355683958,-0.0004512820348627449,-0.00021144017146888057,0.288672984867527,2.417509726992098,2.1023421893393106,2.3967040451160737,0.0005055653326262615,0.00021944388294257836
70003,S2,54,1.08,0,VALID_NUMERICAL_BOX,1,1,-0.024202052755152526,2.056244009090401,-0.012226967973849203,0.09007047651070095,0.0,0.0,-0.4116323916966524,1.6536782554275116,-2.1389737072014414,-2.2653129448440135,-0.00045551083929263247,-0.0002114401724691,0.33071982865572486,2.4654438078978846,2.140029124609687,2.4393731632443356,0.0005099542112856231,0.0002194438839427978
70003,S2,55,1.1,0,VALID_NUMERICAL_BOX,1,1,-0.02444659211462951,2.058045418620615,-0.012220427298653044,0.09093601275030512,0.0,0.0,-0.4544118658421356,1.608371996527117,-2.176672192674931,-2.306098175328668,-0.0004597396437425288,-0.00021144017346931944,0.373520411149373,2.5142312711662855,2.1777168779485394,2.4820078605985385,0.0005143430899649934,0.00021944388494301724
70003,S2,56,1.12,0,VALID_NUMERICAL_BOX,1,1,-0.02469100066060257,2.059864138875621,-0.01221388378768449,0.09176609136256658,0.0,0.0,-0.4979453096971322,1.56225003301698,-2.2143715254106056,-2.346918196912124,-0.00046396844821243395,-0.00021144017446953888,0.4170747487098418,2.56387142838182,2.2154054488947006,2.5246077672925122,0.0005187319686643724,0.00021944388594323668
70003,S2,57,1.1400000000000001,0,VALID_NUMERICAL_BOX,1,1,-0.02493527833635626,2.0616994607028722,-0.012207337709088386,0.09256038122592329,0.0,0.0,-0.5422327402068865,1.515311669075123,-2.2520717049184302,-2.3877733655683433,-0.0004681972527023479,-0.00021144017546975832,0.461382857689278,2.6143635837312846,2.2530948369887684,2.5671725273558863,0.0005231208473837602,0.00021944388694345612
70003,S2,58,1.16,0,VALID_NUMERICAL_BOX,1,1,-0.025179425090538027,2.0635506683273905,-0.01220078933287711,0.09331856582962626,0.0,0.0,-0.5872741743068424,1.4675562017600903,-2.289772730711037,-2.4286640232131003,-0.00047242605721227053,-0.00021144017646997776,0.5064447544306406,2.6657070342820677,2.290785041773407,2.609701798876474,0.0005275097261231568,0.00021944388794367556
70003,S2,59,1.18,0,VALID_NUMERICAL_BOX,1,1,-0.025423440877195568,2.0654170396439833,-0.012194238930816568,0.09404034339338505,0.0,0.0,-0.6330696289226961,1.4189829212921103,-2.3274746023040445,-2.469590497567225,-0.000476654861742202,-0.0002114401774701972,0.5522604552677418,2.717901070263315,2.328476062793648,2.6521952541370335,0.0005318986048825623,0.000219443888943895
70003,S2,60,1.2,1,VALID_NUMERICAL_BOX,1,1,-0.0256673256558119,2.067297846511851,-0.012187686776311697,0.09472542698021222,0.0,0.0,-0.03463724653519594,2.0614845734277725,-2.365177319216375,-2.510553102025517,-0.0004808836662921422,-0.00021144017847041664,0.0053627534648040594,2.1014845734277725,2.366167899597194,2.694652579746348,0.0005362874836619764,0.00021944388994411443
70003,S2,61,1.22,0,VALID_NUMERICAL_BOX,1,1,-0.025911079391338132,2.069192355051455,-0.012181133144291548,0.09537354460245318,0.0,0.0,-0.08194079292060538,2.0112735113841067,-2.4028808809705766,-2.551552135531396,-0.00048511247086209123,-0.00021144017947063607,0.05268611145782988,2.1553776250258547,2.4038605517347222,2.73707347676458,0.0005406763624613995,0.00021944389094433387
70003,S2,62,1.24,0,VALID_NUMERICAL_BOX,1,1,-0.026154702054223964,2.071099825943504,-0.012174578311094001,0.09598443932099199,0.0,0.0,-0.1299984105411469,1.9602424686702686,-2.4405852870931377,-2.5925878824573285,-0.000489341275452049,-0.0002114401804708555,0.10076332249365431,2.2101190945643565,2.441554018760185,2.7794576608228434,0.0005450652412808312,0.0002194438919445533
70003,S2,63,1.26,0,VALID_NUMERICAL_BOX,1,1,-0.026398193620445844,2.073019514729924,-0.012168022554350174,0.09655786933762883,0.0,0.0,-0.17881011628418847,1.9083907110178564,-2.4782905371148076,-2.633660612491084,-0.0004935700800620155,-0.00021144018147107495,0.1495944028700368,2.265708247784079,2.479248300231113,2.821804862236946,0.0005494541201202717,0.00021944389294477275
70003,S2,64,1.28,0,VALID_NUMERICAL_BOX,1,1,-0.026641554071532847,2.0749506721166764,-0.012161466152868556,0.09709360808062928,0.0,0.0,-0.228375927027713,1.8557174987647125,-2.5159966305709114,-2.6747705805278663,-0.0004977988846919908,-0.0002114401824712944,0.19917936887588744,2.3221443450321404,2.5169433957089167,2.86411482611526,0.0005538429989797209,0.0002194438939449922
70003,S2,65,1.3,0,VALID_NUMERICAL_BOX,1,1,-0.026884783394590217,2.076892544278289,-0.01215490938651895,0.09759144428344999,0.0,0.0,-0.27869585964040994,1.8022220871507757,-2.5537035670016692,-2.7159180265683593,-0.0005020276893419749,-0.00021144018347151383,0.24951823679134447,2.379426641557825,2.5546393047591875,2.906387312460676,0.000558231877859179,0.00021944389494521163
70003,S2,66,1.32,0,VALID_NUMERICAL_BOX,1,1,-0.027127881582320598,2.078844373163958,-0.012148352536116262,0.09805118205664996,0.0,0.0,-0.3297699309817731,1.747903726615971,-2.591411345952508,-2.757103175622732,-0.0005062564940119678,-0.00021144018447173327,0.30061102288785796,2.437554387810476,2.5923360269519984,2.948622096266598,0.0005626207567586458,0.00021944389594543106
70003,S2,67,1.34,0,VALID_NUMERICAL_BOX,1,1,-0.027370848633042923,2.0808053968050912,-0.012141795883304178,0.09847264095300036,0.0,0.0,-0.38159815790220486,1.6927616631000197,-2.629119966974377,-2.7983262376206395,-0.0005104852987019695,-0.0002114401854719527,0.35245774342827957,2.4965268297393046,2.6300335618622013,2.990818967606943,0.0005670096356781214,0.0002194438969456505
70003,S2,68,1.36,0,OUT_OF_DOMAIN,,,-0.027613684550709006,2.082774849624151,-0.012135239710438813,0.09885565602581024,0.0,0.0,,,,,,,,,,,,
